graphics/big_chars/ep1_1_bea_d_ep1_1_bea_d.png	780	1080
graphics/big_chars/ep1_1_bea_ep1_1_bea.png	780	1080
graphics/big_chars/ep1_1_ber_d_ep1_1_ber_d.png	780	1080
graphics/big_chars/ep1_1_ber_ep1_1_ber.png	780	1080
graphics/big_chars/ep1_1_but_d_ep1_1_but_d.png	780	1080
graphics/big_chars/ep1_1_but_ep1_1_but.png	780	1080
graphics/big_chars/ep1_1_eva_d_ep1_1_eva_d.png	780	1080
graphics/big_chars/ep1_1_eva_ep1_1_eva.png	780	1080
graphics/big_chars/ep1_1_gen_d_ep1_1_gen_d.png	780	1080
graphics/big_chars/ep1_1_gen_ep1_1_gen.png	780	1080
graphics/big_chars/ep1_1_geo_d_ep1_1_geo_d.png	780	1080
graphics/big_chars/ep1_1_geo_ep1_1_geo.png	780	1080
graphics/big_chars/ep1_1_goh_d_ep1_1_goh_d.png	780	1080
graphics/big_chars/ep1_1_goh_ep1_1_goh.png	780	1080
graphics/big_chars/ep1_1_hid_d_ep1_1_hid_d.png	780	1080
graphics/big_chars/ep1_1_hid_ep1_1_hid.png	780	1080
graphics/big_chars/ep1_1_jes_d_ep1_1_jes_d.png	780	1080
graphics/big_chars/ep1_1_jes_ep1_1_jes.png	780	1080
graphics/big_chars/ep1_1_kan_d_ep1_1_kan_d.png	780	1080
graphics/big_chars/ep1_1_kan_ep1_1_kan.png	780	1080
graphics/big_chars/ep1_1_kin_d_ep1_1_kin_d.png	780	1080
graphics/big_chars/ep1_1_kin_ep1_1_kin.png	780	1080
graphics/big_chars/ep1_1_kin_m_ep1_1_kin_m.png	780	1080
graphics/big_chars/ep1_1_kir_d_ep1_1_kir_d.png	780	1080
graphics/big_chars/ep1_1_kir_ep1_1_kir.png	780	1080
graphics/big_chars/ep1_1_kla_d_ep1_1_kla_d.png	780	1080
graphics/big_chars/ep1_1_kla_ep1_1_kla.png	780	1080
graphics/big_chars/ep1_1_kum_d_ep1_1_kum_d.png	780	1080
graphics/big_chars/ep1_1_kum_ep1_1_kum.png	780	1080
graphics/big_chars/ep1_1_mar_d_ep1_1_mar_d.png	780	1080
graphics/big_chars/ep1_1_mar_ep1_1_mar.png	780	1080
graphics/big_chars/ep1_1_nan_d_ep1_1_nan_d.png	780	1080
graphics/big_chars/ep1_1_nan_ep1_1_nan.png	780	1080
graphics/big_chars/ep1_1_nat_d_ep1_1_nat_d.png	780	1080
graphics/big_chars/ep1_1_nat_ep1_1_nat.png	780	1080
graphics/big_chars/ep1_1_ros_d_ep1_1_ros_d.png	780	1080
graphics/big_chars/ep1_1_ros_ep1_1_ros.png	780	1080
graphics/big_chars/ep1_1_rud_d_ep1_1_rud_d.png	780	1080
graphics/big_chars/ep1_1_rud_ep1_1_rud.png	780	1080
graphics/big_chars/ep1_1_sha_d_ep1_1_sha_d.png	780	1080
graphics/big_chars/ep1_1_sha_ep1_1_sha.png	780	1080
graphics/big_chars/ep2_1_bea2_ep2_1_bea2.png	780	1080
graphics/big_chars/ep2_1_bea_d_ep2_1_bea_d.png	780	1080
graphics/big_chars/ep2_1_bea_ep2_1_bea.png	780	1080
graphics/big_chars/ep2_1_ber_d_ep2_1_ber_d.png	780	1080
graphics/big_chars/ep2_1_ber_ep2_1_ber.png	780	1080
graphics/big_chars/ep2_1_but_d_ep2_1_but_d.png	780	1080
graphics/big_chars/ep2_1_but_ep2_1_but.png	780	1080
graphics/big_chars/ep2_1_eva_d_ep2_1_eva_d.png	780	1080
graphics/big_chars/ep2_1_eva_ep2_1_eva.png	780	1080
graphics/big_chars/ep2_1_gen_d_ep2_1_gen_d.png	780	1080
graphics/big_chars/ep2_1_gen_ep2_1_gen.png	780	1080
graphics/big_chars/ep2_1_geo2_ep2_1_geo2.png	780	1080
graphics/big_chars/ep2_1_geo_d_ep2_1_geo_d.png	780	1080
graphics/big_chars/ep2_1_geo_ep2_1_geo.png	780	1080
graphics/big_chars/ep2_1_goh_d_ep2_1_goh_d.png	780	1080
graphics/big_chars/ep2_1_goh_ep2_1_goh.png	780	1080
graphics/big_chars/ep2_1_hid_d_ep2_1_hid_d.png	780	1080
graphics/big_chars/ep2_1_hid_ep2_1_hid.png	780	1080
graphics/big_chars/ep2_1_jes_d_ep2_1_jes_d.png	780	1080
graphics/big_chars/ep2_1_jes_ep2_1_jes.png	780	1080
graphics/big_chars/ep2_1_kan2_ep2_1_kan2.png	780	1080
graphics/big_chars/ep2_1_kan_d_ep2_1_kan_d.png	780	1080
graphics/big_chars/ep2_1_kan_ep2_1_kan.png	780	1080
graphics/big_chars/ep2_1_kan_m_ep2_1_kan_m.png	780	1080
graphics/big_chars/ep2_1_kin_d_ep2_1_kin_d.png	780	1080
graphics/big_chars/ep2_1_kin_ep2_1_kin.png	780	1080
graphics/big_chars/ep2_1_kin_m_ep2_1_kin_m.png	780	1080
graphics/big_chars/ep2_1_kir_d_ep2_1_kir_d.png	780	1080
graphics/big_chars/ep2_1_kir_ep2_1_kir.png	780	1080
graphics/big_chars/ep2_1_kla_d_ep2_1_kla_d.png	780	1080
graphics/big_chars/ep2_1_kla_ep2_1_kla.png	780	1080
graphics/big_chars/ep2_1_kum_d2_ep2_1_kum_d2.png	780	1080
graphics/big_chars/ep2_1_kum_d_ep2_1_kum_d.png	780	1080
graphics/big_chars/ep2_1_kum_ep2_1_kum.png	780	1080
graphics/big_chars/ep2_1_mar_d_ep2_1_mar_d.png	780	1080
graphics/big_chars/ep2_1_mar_ep2_1_mar.png	780	1080
graphics/big_chars/ep2_1_nan_d2_ep2_1_nan_d2.png	780	1080
graphics/big_chars/ep2_1_nan_d_ep2_1_nan_d.png	780	1080
graphics/big_chars/ep2_1_nan_ep2_1_nan.png	780	1080
graphics/big_chars/ep2_1_nat_d_ep2_1_nat_d.png	780	1080
graphics/big_chars/ep2_1_nat_ep2_1_nat.png	780	1080
graphics/big_chars/ep2_1_ros_d_ep2_1_ros_d.png	780	1080
graphics/big_chars/ep2_1_ros_ep2_1_ros.png	780	1080
graphics/big_chars/ep2_1_rud_d_ep2_1_rud_d.png	780	1080
graphics/big_chars/ep2_1_rud_ep2_1_rud.png	780	1080
graphics/big_chars/ep2_1_sha2_ep2_1_sha2.png	780	1080
graphics/big_chars/ep2_1_sha_d_ep2_1_sha_d.png	780	1080
graphics/big_chars/ep2_1_sha_ep2_1_sha.png	780	1080
graphics/big_chars/ep2_2_bea_ep2_2_bea.png	780	1080
graphics/big_chars/ep2_2_ber_d_ep2_2_ber_d.png	780	1080
graphics/big_chars/ep2_2_ber_ep2_2_ber.png	780	1080
graphics/big_chars/ep2_2_but_ep2_2_but.png	780	1080
graphics/big_chars/ep2_2_gen_ep2_2_gen.png	780	1080
graphics/big_chars/ep2_2_kan_ep2_2_kan.png	780	1080
graphics/big_chars/ep2_2_kin_ep2_2_kin.png	780	1080
graphics/big_chars/ep2_2_lam_ep2_2_lam.png	780	1080
graphics/big_chars/ep2_2_mar_ep2_2_mar.png	780	1080
graphics/big_chars/ep2_2_rg1_ep2_2_rg1.png	780	1080
graphics/big_chars/ep2_2_rg2_ep2_2_rg2.png	780	1080
graphics/big_chars/ep2_2_rg3_ep2_2_rg3.png	780	1080
graphics/big_chars/ep2_2_rg4_ep2_2_rg4.png	780	1080
graphics/big_chars/ep2_2_rg5_ep2_2_rg5.png	780	1080
graphics/big_chars/ep2_2_rg6_ep2_2_rg6.png	780	1080
graphics/big_chars/ep2_2_rg7_ep2_2_rg7.png	780	1080
graphics/big_chars/ep2_2_sha_ep2_2_sha.png	780	1080
graphics/big_chars/ep3_1_bea_d_ep3_1_bea_d.png	780	1080
graphics/big_chars/ep3_1_bea_ep3_1_bea.png	780	1080
graphics/big_chars/ep3_1_ber_d_ep3_1_ber_d.png	780	1080
graphics/big_chars/ep3_1_ber_ep3_1_ber.png	780	1080
graphics/big_chars/ep3_1_but_d_ep3_1_but_d.png	780	1080
graphics/big_chars/ep3_1_but_ep3_1_but.png	780	1080
graphics/big_chars/ep3_1_enj_ep3_1_enj.png	780	1080
graphics/big_chars/ep3_1_eva_ep3_1_eva.png	780	1080
graphics/big_chars/ep3_1_gen_d_ep3_1_gen_d.png	780	1080
graphics/big_chars/ep3_1_gen_ep3_1_gen.png	780	1080
graphics/big_chars/ep3_1_geo_d_ep3_1_geo_d.png	780	1080
graphics/big_chars/ep3_1_geo_ep3_1_geo.png	780	1080
graphics/big_chars/ep3_1_goh_d_ep3_1_goh_d.png	780	1080
graphics/big_chars/ep3_1_goh_ep3_1_goh.png	780	1080
graphics/big_chars/ep3_1_hid_d_ep3_1_hid_d.png	780	1080
graphics/big_chars/ep3_1_hid_ep3_1_hid.png	780	1080
graphics/big_chars/ep3_1_jes_d_ep3_1_jes_d.png	780	1080
graphics/big_chars/ep3_1_jes_ep3_1_jes.png	780	1080
graphics/big_chars/ep3_1_kan_d_ep3_1_kan_d.png	780	1080
graphics/big_chars/ep3_1_kan_ep3_1_kan.png	780	1080
graphics/big_chars/ep3_1_kan_m_ep3_1_kan_m.png	780	1080
graphics/big_chars/ep3_1_kin_d_ep3_1_kin_d.png	780	1080
graphics/big_chars/ep3_1_kin_ep3_1_kin.png	780	1080
graphics/big_chars/ep3_1_kir_d_ep3_1_kir_d.png	780	1080
graphics/big_chars/ep3_1_kir_ep3_1_kir.png	780	1080
graphics/big_chars/ep3_1_kla_d_ep3_1_kla_d.png	780	1080
graphics/big_chars/ep3_1_kla_ep3_1_kla.png	780	1080
graphics/big_chars/ep3_1_kum_d_ep3_1_kum_d.png	780	1080
graphics/big_chars/ep3_1_kum_ep3_1_kum.png	780	1080
graphics/big_chars/ep3_1_mar_d_ep3_1_mar_d.png	780	1080
graphics/big_chars/ep3_1_mar_ep3_1_mar.png	780	1080
graphics/big_chars/ep3_1_nan_d2_ep3_1_nan_d2.png	780	1080
graphics/big_chars/ep3_1_nan_d_ep3_1_nan_d.png	780	1080
graphics/big_chars/ep3_1_nan_ep3_1_nan.png	780	1080
graphics/big_chars/ep3_1_nat_d_ep3_1_nat_d.png	780	1080
graphics/big_chars/ep3_1_nat_ep3_1_nat.png	780	1080
graphics/big_chars/ep3_1_ros_d_ep3_1_ros_d.png	780	1080
graphics/big_chars/ep3_1_ros_ep3_1_ros.png	780	1080
graphics/big_chars/ep3_1_rud_d_ep3_1_rud_d.png	780	1080
graphics/big_chars/ep3_1_rud_ep3_1_rud.png	780	1080
graphics/big_chars/ep3_1_sha_d_ep3_1_sha_d.png	780	1080
graphics/big_chars/ep3_1_sha_ep3_1_sha.png	780	1080
graphics/big_chars/ep3_2_bea_ep3_2_bea.png	780	1080
graphics/big_chars/ep3_2_ber_d_ep3_2_ber_d.png	780	1080
graphics/big_chars/ep3_2_ber_ep3_2_ber.png	780	1080
graphics/big_chars/ep3_2_enj_ep3_2_enj.png	780	1080
graphics/big_chars/ep3_2_ev2_2_ep3_2_ev2_2.png	780	1080
graphics/big_chars/ep3_2_ev2_ep3_2_ev2.png	780	1080
graphics/big_chars/ep3_2_goa2_ep3_2_goa2.png	780	1080
graphics/big_chars/ep3_2_goa_ep3_2_goa.png	780	1080
graphics/big_chars/ep3_2_lam_ep3_2_lam.png	780	1080
graphics/big_chars/ep3_2_rg1_ep3_2_rg1.png	780	1080
graphics/big_chars/ep3_2_rg2_ep3_2_rg2.png	780	1080
graphics/big_chars/ep3_2_rg3_ep3_2_rg3.png	780	1080
graphics/big_chars/ep3_2_rg4_ep3_2_rg4.png	780	1080
graphics/big_chars/ep3_2_rg5_ep3_2_rg5.png	780	1080
graphics/big_chars/ep3_2_rg6_ep3_2_rg6.png	780	1080
graphics/big_chars/ep3_2_rg7_ep3_2_rg7.png	780	1080
graphics/big_chars/ep3_2_ron_ep3_2_ron.png	780	1080
graphics/big_chars/ep3_2_s41_ep3_2_s41.png	780	1080
graphics/big_chars/ep3_2_s45_ep3_2_s45.png	780	1080
graphics/big_chars/ep3_2_wal_ep3_2_wal.png	780	1080
graphics/big_chars/ep4_1_bea_d_ep4_1_bea_d.png	780	1080
graphics/big_chars/ep4_1_bea_ep4_1_bea.png	780	1080
graphics/big_chars/ep4_1_ber_d_ep4_1_ber_d.png	780	1080
graphics/big_chars/ep4_1_ber_ep4_1_ber.png	780	1080
graphics/big_chars/ep4_1_but_d_ep4_1_but_d.png	780	1080
graphics/big_chars/ep4_1_but_ep4_1_but.png	780	1080
graphics/big_chars/ep4_1_enj_2_ep4_1_enj_2.png	780	1080
graphics/big_chars/ep4_1_enj_ep4_1_enj.png	780	1080
graphics/big_chars/ep4_1_eva_d_ep4_1_eva_d.png	780	1080
graphics/big_chars/ep4_1_eva_ep4_1_eva.png	780	1080
graphics/big_chars/ep4_1_gen_d_ep4_1_gen_d.png	780	1080
graphics/big_chars/ep4_1_gen_ep4_1_gen.png	780	1080
graphics/big_chars/ep4_1_geo_d_ep4_1_geo_d.png	780	1080
graphics/big_chars/ep4_1_geo_ep4_1_geo.png	780	1080
graphics/big_chars/ep4_1_goh_d_ep4_1_goh_d.png	780	1080
graphics/big_chars/ep4_1_goh_ep4_1_goh.png	780	1080
graphics/big_chars/ep4_1_hid_d_ep4_1_hid_d.png	780	1080
graphics/big_chars/ep4_1_hid_ep4_1_hid.png	780	1080
graphics/big_chars/ep4_1_jes_d_ep4_1_jes_d.png	780	1080
graphics/big_chars/ep4_1_jes_ep4_1_jes.png	780	1080
graphics/big_chars/ep4_1_kan_d_ep4_1_kan_d.png	780	1080
graphics/big_chars/ep4_1_kan_ep4_1_kan.png	780	1080
graphics/big_chars/ep4_1_kan_m_ep4_1_kan_m.png	780	1080
graphics/big_chars/ep4_1_kin_d_ep4_1_kin_d.png	780	1080
graphics/big_chars/ep4_1_kin_ep4_1_kin.png	780	1080
graphics/big_chars/ep4_1_kir_d_ep4_1_kir_d.png	780	1080
graphics/big_chars/ep4_1_kir_ep4_1_kir.png	780	1080
graphics/big_chars/ep4_1_kla_d_ep4_1_kla_d.png	780	1080
graphics/big_chars/ep4_1_kla_ep4_1_kla.png	780	1080
graphics/big_chars/ep4_1_kum_d_ep4_1_kum_d.png	780	1080
graphics/big_chars/ep4_1_kum_ep4_1_kum.png	780	1080
graphics/big_chars/ep4_1_mar_d_ep4_1_mar_d.png	780	1080
graphics/big_chars/ep4_1_mar_ep4_1_mar.png	780	1080
graphics/big_chars/ep4_1_nan_d2_ep4_1_nan_d2.png	780	1080
graphics/big_chars/ep4_1_nan_d_ep4_1_nan_d.png	780	1080
graphics/big_chars/ep4_1_nan_ep4_1_nan.png	780	1080
graphics/big_chars/ep4_1_nat_d_ep4_1_nat_d.png	780	1080
graphics/big_chars/ep4_1_nat_ep4_1_nat.png	780	1080
graphics/big_chars/ep4_1_ros_d_ep4_1_ros_d.png	780	1080
graphics/big_chars/ep4_1_ros_ep4_1_ros.png	780	1080
graphics/big_chars/ep4_1_rud_d_ep4_1_rud_d.png	780	1080
graphics/big_chars/ep4_1_rud_ep4_1_rud.png	780	1080
graphics/big_chars/ep4_1_sha_d_ep4_1_sha_d.png	780	1080
graphics/big_chars/ep4_1_sha_ep4_1_sha.png	780	1080
graphics/big_chars/ep4_2_bea_ep4_2_bea.png	780	1080
graphics/big_chars/ep4_2_ber_ep4_2_ber.png	780	1080
graphics/big_chars/ep4_2_enj_ep4_2_enj.png	780	1080
graphics/big_chars/ep4_2_gap_ep4_2_gap.png	780	1080
graphics/big_chars/ep4_2_goa_ep4_2_goa.png	780	1080
graphics/big_chars/ep4_2_kin_ep4_2_kin.png	780	1080
graphics/big_chars/ep4_2_lam_ep4_2_lam.png	780	1080
graphics/big_chars/ep4_2_mar_2_ep4_2_mar_2.png	780	1080
graphics/big_chars/ep4_2_mar_ep4_2_mar.png	780	1080
graphics/big_chars/ep4_2_rg1_ep4_2_rg1.png	780	1080
graphics/big_chars/ep4_2_rg2_ep4_2_rg2.png	780	1080
graphics/big_chars/ep4_2_rg3_ep4_2_rg3.png	780	1080
graphics/big_chars/ep4_2_rg4_ep4_2_rg4.png	780	1080
graphics/big_chars/ep4_2_rg5_ep4_2_rg5.png	780	1080
graphics/big_chars/ep4_2_rg6_ep4_2_rg6.png	780	1080
graphics/big_chars/ep4_2_rg7_ep4_2_rg7.png	780	1080
graphics/big_chars/ep4_2_ron_ep4_2_ron.png	780	1080
graphics/big_chars/ep4_2_s00_ep4_2_s00.png	780	1080
graphics/big_chars/ep4_2_s41_ep4_2_s41.png	780	1080
graphics/big_chars/ep4_2_s45_ep4_2_s45.png	780	1080
graphics/big_chars/ep4_2_s55_d_ep4_2_s55_d.png	780	1080
graphics/big_chars/ep4_2_s55_ep4_2_s55.png	780	1080
graphics/big_chars/ep4_2_sak_d_ep4_2_sak_d.png	780	1080
graphics/big_chars/ep4_2_sak_ep4_2_sak.png	780	1080
graphics/big_chars/ep4_2_wal_ep4_2_wal.png	780	1080
graphics/big_chars/ep4_3_ama_ep4_3_ama.png	780	1080
graphics/big_chars/ep4_3_ber_ep4_3_ber.png	780	1080
graphics/big_chars/ep4_3_enj_2_ep4_3_enj_2.png	780	1080
graphics/big_chars/ep4_3_enj_ep4_3_enj.png	780	1080
graphics/big_chars/ep4_3_eva_ep4_3_eva.png	780	1080
graphics/big_chars/ep4_3_kas_ep4_3_kas.png	780	1080
graphics/big_chars/ep4_3_kwa_ep4_3_kwa.png	780	1080
graphics/big_chars/ep4_3_mar_ep4_3_mar.png	780	1080
graphics/big_chars/ep4_3_mas_ep4_3_mas.png	780	1080
graphics/big_chars/ep4_3_oko_ep4_3_oko.png	780	1080
graphics/big_chars/ep4_3_pro_ep4_3_pro.png	780	1080
graphics/big_chars/ep4_3_rg1_ep4_3_rg1.png	780	1080
graphics/big_chars/ep4_3_rg2_ep4_3_rg2.png	780	1080
graphics/big_chars/ep4_3_rg3_ep4_3_rg3.png	780	1080
graphics/big_chars/ep4_3_rg4_ep4_3_rg4.png	780	1080
graphics/big_chars/ep4_3_rg5_ep4_3_rg5.png	780	1080
graphics/big_chars/ep4_3_rg6_ep4_3_rg6.png	780	1080
graphics/big_chars/ep4_3_rg7_ep4_3_rg7.png	780	1080
graphics/big_chars/ep4_3_sab_ep4_3_sab.png	780	1080
graphics/big_chars/ep4_3_sak_ep4_3_sak.png	780	1080
graphics/big_chars/ep5_1_bea_d_ep5_1_bea_d.png	780	1080
graphics/big_chars/ep5_1_bea_ep5_1_bea.png	780	1080
graphics/big_chars/ep5_1_ber_d_ep5_1_ber_d.png	780	1080
graphics/big_chars/ep5_1_ber_ep5_1_ber.png	780	1080
graphics/big_chars/ep5_1_but_d_ep5_1_but_d.png	780	1080
graphics/big_chars/ep5_1_but_ep5_1_but.png	780	1080
graphics/big_chars/ep5_1_enj_2_ep5_1_enj_2.png	780	1080
graphics/big_chars/ep5_1_enj_ep5_1_enj.png	780	1080
graphics/big_chars/ep5_1_eri_ep5_1_eri.png	780	1080
graphics/big_chars/ep5_1_eva_d_ep5_1_eva_d.png	780	1080
graphics/big_chars/ep5_1_eva_ep5_1_eva.png	780	1080
graphics/big_chars/ep5_1_gen_d_ep5_1_gen_d.png	780	1080
graphics/big_chars/ep5_1_gen_ep5_1_gen.png	780	1080
graphics/big_chars/ep5_1_geo_d_ep5_1_geo_d.png	780	1080
graphics/big_chars/ep5_1_geo_ep5_1_geo.png	780	1080
graphics/big_chars/ep5_1_goh_d_ep5_1_goh_d.png	780	1080
graphics/big_chars/ep5_1_goh_ep5_1_goh.png	780	1080
graphics/big_chars/ep5_1_hid_d_ep5_1_hid_d.png	780	1080
graphics/big_chars/ep5_1_hid_ep5_1_hid.png	780	1080
graphics/big_chars/ep5_1_jes_d_ep5_1_jes_d.png	780	1080
graphics/big_chars/ep5_1_jes_ep5_1_jes.png	780	1080
graphics/big_chars/ep5_1_kan_d_ep5_1_kan_d.png	780	1080
graphics/big_chars/ep5_1_kan_ep5_1_kan.png	780	1080
graphics/big_chars/ep5_1_kan_m_ep5_1_kan_m.png	780	1080
graphics/big_chars/ep5_1_kin_d_ep5_1_kin_d.png	780	1080
graphics/big_chars/ep5_1_kin_ep5_1_kin.png	780	1080
graphics/big_chars/ep5_1_kir_d_ep5_1_kir_d.png	780	1080
graphics/big_chars/ep5_1_kir_ep5_1_kir.png	780	1080
graphics/big_chars/ep5_1_kla_d_ep5_1_kla_d.png	780	1080
graphics/big_chars/ep5_1_kla_ep5_1_kla.png	780	1080
graphics/big_chars/ep5_1_kla_m_ep5_1_kla_m.png	780	1080
graphics/big_chars/ep5_1_kum_d_ep5_1_kum_d.png	780	1080
graphics/big_chars/ep5_1_kum_ep5_1_kum.png	780	1080
graphics/big_chars/ep5_1_mar_d_ep5_1_mar_d.png	780	1080
graphics/big_chars/ep5_1_mar_ep5_1_mar.png	780	1080
graphics/big_chars/ep5_1_nan_d2_ep5_1_nan_d2.png	780	1080
graphics/big_chars/ep5_1_nan_d_ep5_1_nan_d.png	780	1080
graphics/big_chars/ep5_1_nan_ep5_1_nan.png	780	1080
graphics/big_chars/ep5_1_nat_d_ep5_1_nat_d.png	780	1080
graphics/big_chars/ep5_1_nat_ep5_1_nat.png	780	1080
graphics/big_chars/ep5_1_ros_d_ep5_1_ros_d.png	780	1080
graphics/big_chars/ep5_1_ros_ep5_1_ros.png	780	1080
graphics/big_chars/ep5_1_rud_d_ep5_1_rud_d.png	780	1080
graphics/big_chars/ep5_1_rud_ep5_1_rud.png	780	1080
graphics/big_chars/ep5_1_sha_d_ep5_1_sha_d.png	780	1080
graphics/big_chars/ep5_1_sha_ep5_1_sha.png	780	1080
graphics/big_chars/ep5_2_bea_d_ep5_2_bea_d.png	780	1080
graphics/big_chars/ep5_2_bea_ep5_2_bea.png	780	1080
graphics/big_chars/ep5_2_ber_ep5_2_ber.png	780	1080
graphics/big_chars/ep5_2_but_ep5_2_but.png	780	1080
graphics/big_chars/ep5_2_cor_ep5_2_cor.png	780	1080
graphics/big_chars/ep5_2_dla_ep5_2_dla.png	780	1080
graphics/big_chars/ep5_2_dla_megane_ep5_2_dla_megane.png	780	1080
graphics/big_chars/ep5_2_eri_ep5_2_eri.png	780	1080
graphics/big_chars/ep5_2_gap_ep5_2_gap.png	780	1080
graphics/big_chars/ep5_2_ger_ep5_2_ger.png	780	1080
graphics/big_chars/ep5_2_kin_ep5_2_kin.png	780	1080
graphics/big_chars/ep5_2_lam_ep5_2_lam.png	780	1080
graphics/big_chars/ep5_2_mar_ep5_2_mar.png	780	1080
graphics/big_chars/ep5_2_rg1_ep5_2_rg1.png	780	1080
graphics/big_chars/ep5_2_rg2_ep5_2_rg2.png	780	1080
graphics/big_chars/ep5_2_rg3_ep5_2_rg3.png	780	1080
graphics/big_chars/ep5_2_rg4_ep5_2_rg4.png	780	1080
graphics/big_chars/ep5_2_rg5_ep5_2_rg5.png	780	1080
graphics/big_chars/ep5_2_rg6_ep5_2_rg6.png	780	1080
graphics/big_chars/ep5_2_rg7_ep5_2_rg7.png	780	1080
graphics/big_chars/ep5_2_ron_ep5_2_ron.png	780	1080
graphics/big_chars/ep5_2_s00_ep5_2_s00.png	780	1080
graphics/big_chars/ep5_2_s41_ep5_2_s41.png	780	1080
graphics/big_chars/ep5_2_s45_ep5_2_s45.png	780	1080
graphics/big_chars/ep5_2_s55_d_ep5_2_s55_d.png	780	1080
graphics/big_chars/ep5_2_s55_ep5_2_s55.png	780	1080
graphics/big_chars/ep5_2_sak_d_ep5_2_sak_d.png	780	1080
graphics/big_chars/ep5_2_sak_ep5_2_sak.png	780	1080
graphics/big_chars/ep5_2_wal_ep5_2_wal.png	780	1080
graphics/big_chars/ep6_1_but_d1_ep6_1_but_d1.png	780	1080
graphics/big_chars/ep6_1_but_d2_ep6_1_but_d2.png	780	1080
graphics/big_chars/ep6_1_eri_d_ep6_1_eri_d.png	780	1080
graphics/big_chars/ep6_1_eva_d1_ep6_1_eva_d1.png	780	1080
graphics/big_chars/ep6_1_eva_d2_ep6_1_eva_d2.png	780	1080
graphics/big_chars/ep6_1_kin_d_ep6_1_kin_d.png	780	1080
graphics/big_chars/ep6_1_kir_d1_ep6_1_kir_d1.png	780	1080
graphics/big_chars/ep6_1_kir_d2_ep6_1_kir_d2.png	780	1080
graphics/big_chars/ep6_1_mar_d1_ep6_1_mar_d1.png	780	1080
graphics/big_chars/ep6_1_mar_d2_ep6_1_mar_d2.png	780	1080
graphics/big_chars/ep6_1_nat_d1_ep6_1_nat_d1.png	780	1080
graphics/big_chars/ep6_1_nat_d2_ep6_1_nat_d2.png	780	1080
graphics/big_chars/ep6_1_ros_d1_ep6_1_ros_d1.png	780	1080
graphics/big_chars/ep6_1_ros_d2_ep6_1_ros_d2.png	780	1080
graphics/big_chars/ep6_2_be2_1_ep6_2_be2_1.png	780	1080
graphics/big_chars/ep6_2_bea_ep6_2_bea.png	780	1080
graphics/big_chars/ep6_2_but_ep6_2_but.png	780	1080
graphics/big_chars/ep6_2_eri_1_ep6_2_eri_1.png	780	1080
graphics/big_chars/ep6_2_eri_1d_ep6_2_eri_1d.png	780	1080
graphics/big_chars/ep6_2_eri_2_ep6_2_eri_2.png	780	1080
graphics/big_chars/ep6_2_ful_1_ep6_2_ful_1.png	780	1080
graphics/big_chars/ep6_2_goa_1_ep6_2_goa_1.png	780	1080
graphics/big_chars/ep6_2_zep_1_ep6_2_zep_1.png	780	1080
graphics/big_chars/ep6_3_ama_1_ep6_3_ama_1.png	780	1080
graphics/big_chars/ep6_3_enj_1_ep6_3_enj_1.png	780	1080
graphics/big_chars/ep6_3_fea_1_ep6_3_fea_1.png	780	1080
graphics/big_chars/ep6_3_fea_2_ep6_3_fea_2.png	780	1080
graphics/big_chars/ep7_1_ki2_ep7_1_ki2.png	780	1080
graphics/big_chars/ep7_1_rio_ep7_1_rio.png	780	1080
graphics/big_chars/ep7_2_bea_1_ep7_2_bea_1.png	780	1080
graphics/big_chars/ep7_2_cur_1_ep7_2_cur_1.png	780	1080
graphics/big_chars/ep7_2_rg1_ep7_2_rg1.png	780	1080
graphics/big_chars/ep7_2_rg2_ep7_2_rg2.png	780	1080
graphics/big_chars/ep7_2_rg3_ep7_2_rg3.png	780	1080
graphics/big_chars/ep7_2_rg4_ep7_2_rg4.png	780	1080
graphics/big_chars/ep7_2_rg5_ep7_2_rg5.png	780	1080
graphics/big_chars/ep7_2_rg6_ep7_2_rg6.png	780	1080
graphics/big_chars/ep7_2_rg7_ep7_2_rg7.png	780	1080
graphics/big_chars/ep7_2_wil_1_ep7_2_wil_1.png	780	1080
graphics/big_chars/ep8_1_bea2_ep8_1_bea2.png	780	1080
graphics/big_chars/ep8_1_bea_ep8_1_bea.png	780	1080
graphics/big_chars/ep8_1_en2_1_ep8_1_en2_1.png	780	1080
graphics/big_chars/ep8_2_bb_1_ep8_2_bb_1.png	780	1080
graphics/big_chars/ep8_2_en2_1_ep8_2_en2_1.png	780	1080
graphics/big_chars/ep8_2_en2_2_ep8_2_en2_2.png	780	1080
graphics/big_chars/ep8_2_eri_1_ep8_2_eri_1.png	780	1080
graphics/big_chars/ep8_2_ev2_1_ep8_2_ev2_1.png	780	1080
graphics/big_chars/ep8_2_fea_1_ep8_2_fea_1.png	780	1080
graphics/big_chars/ep8_2_fea_2_ep8_2_fea_2.png	780	1080
graphics/big_chars/ep8_2_wr_1_ep8_2_wr_1.png	780	1080
graphics/chars/chars_99.png	96	108
graphics/chars/chars_ama0.png	96	108
graphics/chars/chars_bea0.png	96	108
graphics/chars/chars_bea0_s.png	90	101
graphics/chars/chars_bea1.png	96	108
graphics/chars/chars_bea_d.png	96	108
graphics/chars/chars_ber0.png	96	108
graphics/chars/chars_ber0_s.png	90	101
graphics/chars/chars_ber_d.png	96	108
graphics/chars/chars_but0.png	96	108
graphics/chars/chars_but0_s.png	90	101
graphics/chars/chars_but_d.png	96	108
graphics/chars/chars_enj0.png	96	108
graphics/chars/chars_enj0_s.png	90	101
graphics/chars/chars_enj1.png	96	108
graphics/chars/chars_eva0.png	96	108
graphics/chars/chars_eva0_s.png	90	101
graphics/chars/chars_eva_d.png	96	108
graphics/chars/chars_evb0.png	96	108
graphics/chars/chars_evb0_s.png	90	101
graphics/chars/chars_evb1.png	96	108
graphics/chars/chars_gap0.png	96	108
graphics/chars/chars_gap0_s.png	90	101
graphics/chars/chars_gen0.png	96	108
graphics/chars/chars_gen0_s.png	90	101
graphics/chars/chars_gen_d.png	96	108
graphics/chars/chars_geo0.png	96	108
graphics/chars/chars_geo0_s.png	90	101
graphics/chars/chars_geo1.png	96	108
graphics/chars/chars_geo_d.png	96	108
graphics/chars/chars_goa0.png	96	108
graphics/chars/chars_goa0_s.png	90	101
graphics/chars/chars_goh0.png	96	108
graphics/chars/chars_goh0_s.png	90	101
graphics/chars/chars_goh_d.png	96	108
graphics/chars/chars_hid0.png	96	108
graphics/chars/chars_hid0_s.png	90	101
graphics/chars/chars_hid_d.png	96	108
graphics/chars/chars_jes0.png	96	108
graphics/chars/chars_jes0_s.png	90	101
graphics/chars/chars_jes_d.png	96	108
graphics/chars/chars_kan0.png	96	108
graphics/chars/chars_kan0_s.png	90	101
graphics/chars/chars_kan1.png	96	108
graphics/chars/chars_kan_d.png	96	108
graphics/chars/chars_kan_m.png	96	108
graphics/chars/chars_kas0.png	96	108
graphics/chars/chars_kin0.png	96	108
graphics/chars/chars_kin0_s.png	90	101
graphics/chars/chars_kin1.png	96	108
graphics/chars/chars_kin2.png	96	108
graphics/chars/chars_kir0.png	96	108
graphics/chars/chars_kir0_s.png	90	101
graphics/chars/chars_kir_d.png	96	108
graphics/chars/chars_kla0.png	96	108
graphics/chars/chars_kla0_s.png	90	101
graphics/chars/chars_kla_d.png	96	108
graphics/chars/chars_kum0.png	96	108
graphics/chars/chars_kum0_s.png	90	101
graphics/chars/chars_kum_d.png	96	108
graphics/chars/chars_kwa0.png	96	108
graphics/chars/chars_lam0.png	96	108
graphics/chars/chars_lam0_s.png	90	101
graphics/chars/chars_lam_d.png	96	108
graphics/chars/chars_mar0.png	96	108
graphics/chars/chars_mar0_s.png	90	101
graphics/chars/chars_mar1.png	96	108
graphics/chars/chars_mar1_s.png	90	101
graphics/chars/chars_mar_d.png	96	108
graphics/chars/chars_mas0.png	96	108
graphics/chars/chars_nan0.png	96	108
graphics/chars/chars_nan0_s.png	90	101
graphics/chars/chars_nan_d.png	96	108
graphics/chars/chars_nat0.png	96	108
graphics/chars/chars_nat0_s.png	90	101
graphics/chars/chars_nat_d.png	96	108
graphics/chars/chars_non.png	96	108
graphics/chars/chars_oko0.png	96	108
graphics/chars/chars_pro0.png	96	108
graphics/chars/chars_rgk0.png	96	108
graphics/chars/chars_rgk0_s.png	90	101
graphics/chars/chars_rgk1.png	96	108
graphics/chars/chars_rgk1_s.png	90	101
graphics/chars/chars_rgk2.png	96	108
graphics/chars/chars_rgk2_s.png	90	101
graphics/chars/chars_rgk3.png	96	108
graphics/chars/chars_rgk3_s.png	90	101
graphics/chars/chars_rgk4.png	96	108
graphics/chars/chars_rgk4_s.png	90	101
graphics/chars/chars_rgk5.png	96	108
graphics/chars/chars_rgk5_s.png	90	101
graphics/chars/chars_rgk6.png	96	108
graphics/chars/chars_rgk6_s.png	90	101
graphics/chars/chars_ron0.png	96	108
graphics/chars/chars_ron0_s.png	90	101
graphics/chars/chars_ros0.png	96	108
graphics/chars/chars_ros0_s.png	90	101
graphics/chars/chars_ros_d.png	96	108
graphics/chars/chars_rud0.png	96	108
graphics/chars/chars_rud0_s.png	90	101
graphics/chars/chars_rud_d.png	96	108
graphics/chars/chars_sab0.png	96	108
graphics/chars/chars_sak0.png	96	108
graphics/chars/chars_sak0_s.png	90	101
graphics/chars/chars_sak1.png	96	108
graphics/chars/chars_sak1_s.png	90	101
graphics/chars/chars_select.png	90	101
graphics/chars/chars_sha0.png	96	108
graphics/chars/chars_sha0_s.png	90	101
graphics/chars/chars_sha1.png	96	108
graphics/chars/chars_sha_d.png	96	108
graphics/chars/chars_sie0.png	96	108
graphics/chars/chars_sie0_s.png	90	101
graphics/chars/chars_sie1.png	96	108
graphics/chars/chars_sie1_s.png	90	101
graphics/chars/chars_sie2.png	96	108
graphics/chars/chars_sie2_s.png	90	101
graphics/chars/chars_sie3.png	96	108
graphics/chars/chars_sie3_d.png	96	108
graphics/chars/chars_sie3_d_s.png	90	101
graphics/chars/chars_sie3_s.png	90	101
graphics/chars/chars_wal0.png	96	108
graphics/chars/chars_wal0_s.png	90	101
graphics/chars/chiru/chars_bb_0.png	96	108
graphics/chars/chiru/chars_bb_0_s.png	90	101
graphics/chars/chiru/chars_bea2.png	96	108
graphics/chars/chiru/chars_bea2_s.png	90	101
graphics/chars/chiru/chars_bea3.png	96	108
graphics/chars/chiru/chars_bea3_s.png	90	101
graphics/chars/chiru/chars_bea4.png	96	108
graphics/chars/chiru/chars_bea4_s.png	90	101
graphics/chars/chiru/chars_but1.png	96	108
graphics/chars/chiru/chars_but1_s.png	90	101
graphics/chars/chiru/chars_but_d1.png	96	108
graphics/chars/chiru/chars_but_d1_s.png	90	101
graphics/chars/chiru/chars_cor0.png	96	108
graphics/chars/chiru/chars_cor0_s.png	90	101
graphics/chars/chiru/chars_cur0.png	96	108
graphics/chars/chiru/chars_cur0_s.png	90	101
graphics/chars/chiru/chars_dla0.png	96	108
graphics/chars/chiru/chars_dla0_s.png	90	101
graphics/chars/chiru/chars_dla1.png	96	108
graphics/chars/chiru/chars_dla1_s.png	90	101
graphics/chars/chiru/chars_enj1.png	96	108
graphics/chars/chiru/chars_enj1_s.png	90	101
graphics/chars/chiru/chars_enj2.png	96	108
graphics/chars/chiru/chars_enj2_s.png	90	101
graphics/chars/chiru/chars_eri0.png	96	108
graphics/chars/chiru/chars_eri0_d.png	96	108
graphics/chars/chiru/chars_eri0_d_s.png	90	101
graphics/chars/chiru/chars_eri0_s.png	90	101
graphics/chars/chiru/chars_eri1.png	96	108
graphics/chars/chiru/chars_eri1_s.png	90	101
graphics/chars/chiru/chars_eri2.png	96	108
graphics/chars/chiru/chars_eri2_s.png	90	101
graphics/chars/chiru/chars_eri3.png	96	108
graphics/chars/chiru/chars_eri3_s.png	90	101
graphics/chars/chiru/chars_eva_d1.png	96	108
graphics/chars/chiru/chars_eva_d1_s.png	90	101
graphics/chars/chiru/chars_fea0.png	96	108
graphics/chars/chiru/chars_fea0_s.png	90	101
graphics/chars/chiru/chars_fea1.png	96	108
graphics/chars/chiru/chars_fea1_s.png	90	101
graphics/chars/chiru/chars_ful0.png	96	108
graphics/chars/chiru/chars_ful0_s.png	90	101
graphics/chars/chiru/chars_gur0.png	96	108
graphics/chars/chiru/chars_gur0_s.png	90	101
graphics/chars/chiru/chars_kin1.png	96	108
graphics/chars/chiru/chars_kin1_s.png	90	101
graphics/chars/chiru/chars_kir_d1.png	96	108
graphics/chars/chiru/chars_kir_d1_s.png	90	101
graphics/chars/chiru/chars_kla_m.png	96	108
graphics/chars/chiru/chars_kla_m_s.png	90	101
graphics/chars/chiru/chars_mar_d1.png	96	108
graphics/chars/chiru/chars_mar_d1_s.png	90	101
graphics/chars/chiru/chars_nat_d1.png	96	108
graphics/chars/chiru/chars_nat_d1_s.png	90	101
graphics/chars/chiru/chars_rg0.png	96	108
graphics/chars/chiru/chars_rg0_s.png	90	101
graphics/chars/chiru/chars_rg1.png	96	108
graphics/chars/chiru/chars_rg1_s.png	90	101
graphics/chars/chiru/chars_rg2.png	96	108
graphics/chars/chiru/chars_rg2_s.png	90	101
graphics/chars/chiru/chars_rg3.png	96	108
graphics/chars/chiru/chars_rg3_s.png	90	101
graphics/chars/chiru/chars_rg4.png	96	108
graphics/chars/chiru/chars_rg4_s.png	90	101
graphics/chars/chiru/chars_rg5.png	96	108
graphics/chars/chiru/chars_rg5_s.png	90	101
graphics/chars/chiru/chars_rg6.png	96	108
graphics/chars/chiru/chars_rg6_s.png	90	101
graphics/chars/chiru/chars_rgk0a.png	96	108
graphics/chars/chiru/chars_rgk0a_s.png	90	101
graphics/chars/chiru/chars_rgk1a.png	96	108
graphics/chars/chiru/chars_rgk1a_s.png	90	101
graphics/chars/chiru/chars_rgk2a.png	96	108
graphics/chars/chiru/chars_rgk2a_s.png	90	101
graphics/chars/chiru/chars_rgk3a.png	96	108
graphics/chars/chiru/chars_rgk3a_s.png	90	101
graphics/chars/chiru/chars_rgk4a.png	96	108
graphics/chars/chiru/chars_rgk4a_s.png	90	101
graphics/chars/chiru/chars_rgk5a.png	96	108
graphics/chars/chiru/chars_rgk5a_s.png	90	101
graphics/chars/chiru/chars_rgk6a.png	96	108
graphics/chars/chiru/chars_rgk6a_s.png	90	101
graphics/chars/chiru/chars_rio0.png	96	108
graphics/chars/chiru/chars_rio0_s.png	90	101
graphics/chars/chiru/chars_ros_d1.png	96	108
graphics/chars/chiru/chars_ros_d1_s.png	90	101
graphics/chars/chiru/chars_wil0.png	96	108
graphics/chars/chiru/chars_wil0_s.png	90	101
graphics/chars/chiru/chars_wr_0.png	96	108
graphics/chars/chiru/chars_wr_0_s.png	90	101
graphics/chars/chiru/chars_zep0.png	96	108
graphics/chars/chiru/chars_zep0_s.png	90	101
graphics/colour/data1.png	1920	1080
graphics/efe/1a.png	1920	1080
graphics/efe/1b.png	1920	1080
graphics/efe/1c.png	1920	1080
graphics/efe/1d.png	1920	1080
graphics/efe/1e.png	1920	1080
graphics/efe/1f.png	1920	1080
graphics/efe/1g.png	1920	1080
graphics/efe/anm_no0018a.png	1920	1080
graphics/efe/anm_no0018c.png	1920	1080
graphics/efe/anm_no0019a.png	1920	1080
graphics/efe/anm_no0019b.png	1920	1080
graphics/efe/anm_no0020a.png	1920	1080
graphics/efe/armor7b.png	1920	1080
graphics/efe/barrier.png	1920	1080
graphics/efe/barrier1.png	1920	1080
graphics/efe/barrier1b.png	1920	1080
graphics/efe/barrier1g.png	1920	1080
graphics/efe/barrier1p.png	1920	1080
graphics/efe/barrierb.png	1920	1080
graphics/efe/barrierbrake1p1.png	1920	1080
graphics/efe/barrierbrake1p2.png	1920	1080
graphics/efe/barrierbrake1p3.png	1920	1080
graphics/efe/barrierbrake1p4.png	1920	1080
graphics/efe/barrierbrake1p6.png	1920	1080
graphics/efe/barrierbrake2p1.png	1920	1080
graphics/efe/barrierbrake2p2.png	1920	1080
graphics/efe/barrierbrake2p3.png	1920	1080
graphics/efe/barrierbrake2p4.png	1920	1080
graphics/efe/barrierbrake2p5.png	1920	1080
graphics/efe/bite.png	1920	1080
graphics/efe/bul2.png	1920	1080
graphics/efe/bullet_1a.png	1920	1080
graphics/efe/bullet_1b.png	1920	1080
graphics/efe/bullet_1c.png	1920	1080
graphics/efe/bullet_1d.png	1920	1080
graphics/efe/bullet_1e.png	1920	1080
graphics/efe/butterfly_1a.png	1920	1080
graphics/efe/butterfly_2a.png	1920	1080
graphics/efe/butterfly_3a.png	1920	1080
graphics/efe/butterfly_3x.png	1920	1080
graphics/efe/butterfly_4a.png	1920	1080
graphics/efe/butterfly_4sp1.png	1920	1080
graphics/efe/butterfly_4sp2.png	1920	1080
graphics/efe/cateye_1.png	1920	1080
graphics/efe/cats_eye.png	1920	1080
graphics/efe/cats_mouth_a.png	1920	1080
graphics/efe/chain1r_sp.png	1920	1080
graphics/efe/chain2r_sp.png	1920	1080
graphics/efe/chain3r_sp.png	1920	1080
graphics/efe/chain4r_sp.png	1920	1080
graphics/efe/chain5r_sp.png	1920	1080
graphics/efe/chain6r_sp.png	1920	1080
graphics/efe/chain7r_sp.png	1920	1080
graphics/efe/chain_a.png	1920	1080
graphics/efe/chain_b.png	1920	1080
graphics/efe/door_00096.png	1920	1080
graphics/efe/duelsword_g.png	1920	1080
graphics/efe/duelsword_p.png	1920	1080
graphics/efe/goas_eye1c.png	1920	1080
graphics/efe/goas_eye2c.png	1920	1080
graphics/efe/goas_eye2c_a.png	1920	1080
graphics/efe/green_eye.png	1920	1080
graphics/efe/green_eye1b.png	1920	1080
graphics/efe/green_eye1c.png	1920	1080
graphics/efe/green_eye1d.png	1920	1080
graphics/efe/green_eye2c.png	1920	1080
graphics/efe/green_eye2c_a.png	1920	1080
graphics/efe/homing1s.png	1920	1080
graphics/efe/homing5.png	1920	1080
graphics/efe/homing5s.png	1920	1080
graphics/efe/homing5sr.png	1920	1080
graphics/efe/homing7r.png	1920	1080
graphics/efe/homing7s.png	1920	1080
graphics/efe/homing7sr.png	1920	1080
graphics/efe/lambdabullet.png	1920	1080
graphics/efe/lambdagrav_c.png	1920	1080
graphics/efe/mabuta2.png	1920	1080
graphics/efe/mabuta3.png	1920	1080
graphics/efe/mabuta3w.png	1920	1080
graphics/efe/magicsquare_gap.png	1920	1080
graphics/efe/magicsquare_mars3.png	1920	1080
graphics/efe/magicsquare_mars5.png	1920	1080
graphics/efe/magicsquare_moon1.png	1920	1080
graphics/efe/magicsquare_sun7.png	1920	1080
graphics/efe/map01.png	1920	1080
graphics/efe/map02.png	1920	1080
graphics/efe/map03.png	1920	1080
graphics/efe/map04.png	1920	1080
graphics/efe/map05.png	1920	1080
graphics/efe/map06.png	1920	1080
graphics/efe/map07.png	1920	1080
graphics/efe/map08.png	1920	1080
graphics/efe/map09.png	1920	1080
graphics/efe/map10.png	1920	1080
graphics/efe/map10b.png	1920	1080
graphics/efe/map10c.png	1920	1080
graphics/efe/map11.png	1920	1080
graphics/efe/map12.png	1920	1080
graphics/efe/map12b.png	1920	1080
graphics/efe/map12c.png	1920	1080
graphics/efe/map13.png	1920	1080
graphics/efe/map13b.png	1920	1080
graphics/efe/map13c.png	1920	1080
graphics/efe/medaru_1.png	1920	1080
graphics/efe/medaru_2.png	1920	1080
graphics/efe/no01_00119.png	1920	1080
graphics/efe/no02_00000.png	1920	1080
graphics/efe/no02_00178.png	1920	1080
graphics/efe/no12_00059.png	1920	1080
graphics/efe/no16_00059.png	1920	1080
graphics/efe/no21_00059.png	1920	1080
graphics/efe/no25_00059.png	1920	1080
graphics/efe/no28_00179.png	1920	1080
graphics/efe/no29_00179.png	1920	1080
graphics/efe/no31_00059.png	1920	1080
graphics/efe/no32_00059.png	1920	1080
graphics/efe/no33_00068.png	1920	1080
graphics/efe/no33_00069.png	1920	1080
graphics/efe/no34_00069.png	1920	1080
graphics/efe/no38_00149.png	1920	1080
graphics/efe/no38b_00149.png	1920	1080
graphics/efe/no39_00044.png	1920	1080
graphics/efe/no40_00059.png	1920	1080
graphics/efe/no40b_00059.png	1920	1080
graphics/efe/no41_00000.png	1920	1080
graphics/efe/no41_00119.png	1920	1080
graphics/efe/no43_00000.png	1920	1080
graphics/efe/no43_00089.png	1920	1080
graphics/efe/no44_00119.png	1920	1080
graphics/efe/no45_00000.png	1920	1080
graphics/efe/no45_00150.png	1920	1080
graphics/efe/no46_00089.png	1920	1080
graphics/efe/no48_00179.png	1920	1080
graphics/efe/no49_00119.png	1920	1080
graphics/efe/no50_00089.png	1920	1080
graphics/efe/no51_00119.png	1920	1080
graphics/efe/no52_00089.png	1920	1080
graphics/efe/no53_00209.png	1920	1080
graphics/efe/no54_00059.png	1920	1080
graphics/efe/no55_00000.png	1920	1080
graphics/efe/no55_00059.png	1920	1080
graphics/efe/no56_00119.png	1920	1080
graphics/efe/no57_00119.png	1920	1080
graphics/efe/no58_00000.png	1920	1080
graphics/efe/no58_00059.png	1920	1080
graphics/efe/no59_00073.png	1920	1080
graphics/efe/no5_00012.png	1920	1080
graphics/efe/no60_00000.png	1920	1080
graphics/efe/no60_00179.png	1920	1080
graphics/efe/no61_00089.png	1920	1080
graphics/efe/no62_00149.png	1920	1080
graphics/efe/no63_00000.png	1920	1080
graphics/efe/no63_00089.png	1920	1080
graphics/efe/no64_00000.png	1920	1080
graphics/efe/no64_00119.png	1920	1080
graphics/efe/no65_00159.png	1920	1080
graphics/efe/no66_00000.png	1920	1080
graphics/efe/no66_00239.png	1920	1080
graphics/efe/no80_0045.png	1920	1080
graphics/efe/no81_0048.png	1920	1080
graphics/efe/no82_0057.png	1920	1080
graphics/efe/no83_0051.png	1920	1080
graphics/efe/ship_00176.png	1920	1080
graphics/efe/sickle_black.png	1920	1080
graphics/efe/sickle_purple.png	1920	1080
graphics/efe/sword_1ab.png	1920	1080
graphics/efe/sword_1ab_a.png	1920	1080
graphics/efe/sword_1ag.png	1920	1080
graphics/efe/sword_1ag_a.png	1920	1080
graphics/efe/sword_1ar2.png	1920	1080
graphics/locale/circle_logo.png	1920	1080
graphics/locale/circle_logo_ga.png	1920	1080
graphics/locale/circle_logo_ga_2.png	1920	1080
graphics/locale/congra.png	1920	1080
graphics/locale/end_2d.png	1920	1080
graphics/locale/end_3d.png	1920	1080
graphics/locale/enj_mirai01.png	1920	1080
graphics/locale/ep2_text.png	1920	1080
graphics/locale/ep4last01.png	1920	1080
graphics/locale/ep4last02.png	1920	1080
graphics/locale/ep4last03.png	1920	1080
graphics/locale/ep4last04.png	1920	1080
graphics/locale/ep4last05.png	1920	1080
graphics/locale/ep4last06.png	1920	1080
graphics/locale/ep4last07.png	1920	1080
graphics/locale/ep4last08.png	1920	1080
graphics/locale/ep4last09.png	1920	1080
graphics/locale/goa_memory1.png	1920	1080
graphics/locale/goa_memory2.png	1920	1080
graphics/locale/goa_memory3.png	1920	1080
graphics/locale/goa_memory4.png	1920	1080
graphics/locale/hibun.png	628	660
graphics/locale/kakera/kakera_memory1.png	1920	1080
graphics/locale/kakera/kakera_memory10.png	1920	1080
graphics/locale/kakera/kakera_memory2.png	1920	1080
graphics/locale/kakera/kakera_memory3.png	1920	1080
graphics/locale/kakera/kakera_memory4.png	1920	1080
graphics/locale/kakera/kakera_memory5.png	1920	1080
graphics/locale/kakera/kakera_memory6.png	1920	1080
graphics/locale/kakera/kakera_memory7.png	1920	1080
graphics/locale/kakera/kakera_memory8.png	1920	1080
graphics/locale/kakera/kakera_memory9.png	1920	1080
graphics/locale/last1.png	1920	1080
graphics/locale/last2.png	1920	1080
graphics/locale/mondai/mondai_1.png	1920	1080
graphics/locale/mondai/mondai_10.png	1920	1080
graphics/locale/mondai/mondai_11.png	1920	1080
graphics/locale/mondai/mondai_12.png	1920	1080
graphics/locale/mondai/mondai_13.png	1920	1080
graphics/locale/mondai/mondai_14.png	1920	1080
graphics/locale/mondai/mondai_15.png	1920	1080
graphics/locale/mondai/mondai_16.png	1920	1080
graphics/locale/mondai/mondai_2.png	1920	1080
graphics/locale/mondai/mondai_3.png	1920	1080
graphics/locale/mondai/mondai_4.png	1920	1080
graphics/locale/mondai/mondai_5.png	1920	1080
graphics/locale/mondai/mondai_6.png	1920	1080
graphics/locale/mondai/mondai_7.png	1920	1080
graphics/locale/mondai/mondai_8.png	1920	1080
graphics/locale/mondai/mondai_9.png	1920	1080
graphics/locale/murderer/murderer_thumb_1.png	960	540
graphics/locale/murderer/murderer_thumb_2.png	960	540
graphics/locale/murderer/murderer_thumb_4.png	960	540
graphics/locale/murderer/murderer_thumb_56.png	960	540
graphics/locale/murderer/murderer_thumb_7.png	960	540
graphics/locale/murderer/murderer_thumb_8.png	960	540
graphics/locale/murderer/murderer_thumb_all.png	1920	1080
graphics/locale/oct_1998.png	1920	1080
graphics/locale/oct_4_1986.png	1920	1080
graphics/locale/oct_4_1998.png	1920	1080
graphics/locale/oct_4_1998b.png	1920	1080
graphics/locale/oct_4_1998c.png	1920	1080
graphics/locale/oct_5_1986.png	1920	1080
graphics/locale/op0101.png	1920	1080
graphics/locale/op0102.png	1920	1080
graphics/locale/op0103.png	1920	1080
graphics/locale/op0104.png	1920	1080
graphics/locale/op0105.png	1920	1080
graphics/locale/op0106.png	1920	1080
graphics/locale/op0107.png	1920	1080
graphics/locale/op0108.png	1920	1080
graphics/locale/op0201.png	1920	1080
graphics/locale/op0202.png	1920	1080
graphics/locale/op0203.png	1920	1080
graphics/locale/op0204.png	1920	1080
graphics/locale/op0205.png	1920	1080
graphics/locale/op0206.png	1920	1080
graphics/locale/op0207.png	1920	1080
graphics/locale/op0208.png	1920	1080
graphics/locale/project_logo.png	1920	1080
graphics/locale/purgatorio.png	1920	1080
graphics/locale/system1.png	1920	1080
graphics/locale/system2.png	1920	1080
graphics/locale/system3.png	1920	1080
graphics/locale/system4.png	1920	1080
graphics/locale/system5.png	1920	1080
graphics/locale/text001.png	1920	1080
graphics/locale/text004.png	1920	1080
graphics/locale/text005.png	1920	1080
graphics/locale/text006.png	1920	1080
graphics/locale/text010.png	1920	1080
graphics/locale/text010a.png	1920	1080
graphics/locale/text010b.png	1920	1080
graphics/locale/text010c.png	1920	1080
graphics/locale/text011.png	1920	1080
graphics/locale/text011_r.png	1920	1080
graphics/locale/text012.png	1920	1080
graphics/locale/text012_r.png	1920	1080
graphics/locale/unknown01.png	1920	1080
graphics/locale_en/circle_logo.png	1920	1080
graphics/locale_en/congra.png	1920	1080
graphics/locale_en/end_2d.png	1920	1080
graphics/locale_en/end_3d.png	1920	1080
graphics/locale_en/enj_mirai01.png	1920	1080
graphics/locale_en/ep2_text.png	1920	1080
graphics/locale_en/ep4last01.png	1920	1080
graphics/locale_en/ep4last02.png	1920	1080
graphics/locale_en/ep4last03.png	1920	1080
graphics/locale_en/ep4last04.png	1920	1080
graphics/locale_en/ep4last05.png	1920	1080
graphics/locale_en/ep4last06.png	1920	1080
graphics/locale_en/ep4last07.png	1920	1080
graphics/locale_en/ep4last08.png	1920	1080
graphics/locale_en/ep4last09.png	1920	1080
graphics/locale_en/hibun.png	628	660
graphics/locale_en/last1.png	1920	1080
graphics/locale_en/last2.png	1920	1080
graphics/locale_en/mondai/mondai_1.png	1920	1080
graphics/locale_en/mondai/mondai_10.png	1920	1080
graphics/locale_en/mondai/mondai_11.png	1920	1080
graphics/locale_en/mondai/mondai_12.png	1920	1080
graphics/locale_en/mondai/mondai_13.png	1920	1080
graphics/locale_en/mondai/mondai_14.png	1920	1080
graphics/locale_en/mondai/mondai_15.png	1920	1080
graphics/locale_en/mondai/mondai_16.png	1920	1080
graphics/locale_en/mondai/mondai_2.png	1920	1080
graphics/locale_en/mondai/mondai_3.png	1920	1080
graphics/locale_en/mondai/mondai_4.png	1920	1080
graphics/locale_en/mondai/mondai_5.png	1920	1080
graphics/locale_en/mondai/mondai_6.png	1920	1080
graphics/locale_en/mondai/mondai_7.png	1920	1080
graphics/locale_en/mondai/mondai_8.png	1920	1080
graphics/locale_en/mondai/mondai_9.png	1920	1080
graphics/locale_en/murderer/murderer_thumb_1.png	960	540
graphics/locale_en/murderer/murderer_thumb_2.png	960	540
graphics/locale_en/murderer/murderer_thumb_4.png	960	540
graphics/locale_en/murderer/murderer_thumb_56.png	960	540
graphics/locale_en/murderer/murderer_thumb_7.png	960	540
graphics/locale_en/murderer/murderer_thumb_8.png	960	540
graphics/locale_en/oct_1998.png	1920	1080
graphics/locale_en/oct_4_1986.png	1920	1080
graphics/locale_en/oct_4_1998.png	1920	1080
graphics/locale_en/oct_4_1998b.png	1920	1080
graphics/locale_en/oct_4_1998c.png	1920	1080
graphics/locale_en/oct_5_1986.png	1920	1080
graphics/locale_en/op0101.png	1920	1080
graphics/locale_en/op0102.png	1920	1080
graphics/locale_en/op0103.png	1920	1080
graphics/locale_en/op0104.png	1920	1080
graphics/locale_en/op0105.png	1920	1080
graphics/locale_en/op0106.png	1920	1080
graphics/locale_en/op0107.png	1920	1080
graphics/locale_en/op0108.png	1920	1080
graphics/locale_en/op0201.png	1920	1080
graphics/locale_en/op0202.png	1920	1080
graphics/locale_en/op0203.png	1920	1080
graphics/locale_en/op0204.png	1920	1080
graphics/locale_en/op0205.png	1920	1080
graphics/locale_en/op0206.png	1920	1080
graphics/locale_en/op0207.png	1920	1080
graphics/locale_en/op0208.png	1920	1080
graphics/locale_en/project_logo.png	1920	1080
graphics/locale_en/purgatorio.png	1920	1080
graphics/locale_en/system1.png	1920	1080
graphics/locale_en/system2.png	1920	1080
graphics/locale_en/system3.png	1920	1080
graphics/locale_en/system4.png	1920	1080
graphics/locale_en/system5.png	1920	1080
graphics/locale_en/text001.png	1920	1080
graphics/locale_en/text004.png	1920	1080
graphics/locale_en/text005.png	1920	1080
graphics/locale_en/text006.png	1920	1080
graphics/locale_en/text010.png	1920	1080
graphics/locale_en/text010a.png	1920	1080
graphics/locale_en/text010b.png	1920	1080
graphics/locale_en/text010c.png	1920	1080
graphics/locale_en/text011.png	1920	1080
graphics/locale_en/text011_r.png	1920	1080
graphics/locale_en/text012.png	1920	1080
graphics/locale_en/text012_r.png	1920	1080
graphics/locale_en/unknown01.png	1920	1080
graphics/menu/bgmmode/bgmmode_caption.png	640	128
graphics/menu/bgmmode/bgmmode_plate_grey.png	1600	80
graphics/menu/bgmmode/bgmmode_plate_hovered.png	1600	80
graphics/menu/bgmmode/bgmmode_plate_normal.png	1600	80
graphics/menu/cake/cake_cake.png	1200	1080
graphics/menu/cake/cake_cake01.png	256	592
graphics/menu/cake/cake_cake02.png	384	544
graphics/menu/cake/cake_cake03.png	464	464
graphics/menu/cake/cake_cake04.png	480	384
graphics/menu/cake/cake_cake05.png	448	208
graphics/menu/cake/cake_cake06.png	368	304
graphics/menu/cake/cake_cake07.png	256	336
graphics/menu/cake/cake_cake08.png	208	368
graphics/menu/cake/cake_cake09.png	256	352
graphics/menu/cake/cake_cake10.png	368	288
graphics/menu/cake/cake_cake11.png	432	208
graphics/menu/cake/cake_cake12.png	480	368
graphics/menu/cake/cake_cake13.png	464	464
graphics/menu/cake/cake_cake14.png	384	544
graphics/menu/cake/cake_cake15.png	240	576
graphics/menu/cgmode/cgmode_caption.png	640	128
graphics/menu/cgmode/cgmode_logo.png	400	225
graphics/menu/cgmode/cgmode_logo_chiru.png	400	225
graphics/menu/cgmode/cgmode_logox.png	400	225
graphics/menu/chars/bg_chars.png	1920	1080
graphics/menu/chars/chars_caption.png	640	128
graphics/menu/chars/chars_hana.png	778	900
graphics/menu/chars/chars_hana_ange.png	778	900
graphics/menu/chars/chars_hana_witch.png	778	900
graphics/menu/chars/chars_left.png	761	793
graphics/menu/chars/chars_left_line.png	761	793
graphics/menu/chars/chars_left_line_ep1_2.png	761	793
graphics/menu/chars/chars_left_line_ep2_2.png	761	793
graphics/menu/chars/chars_left_line_ep3.png	761	793
graphics/menu/chars/chars_left_line_ep3_2.png	761	793
graphics/menu/chars/chars_left_line_ep3_2_u.png	761	793
graphics/menu/chars/chars_left_line_ep3_2_u2.png	761	793
graphics/menu/chars/chars_left_line_ep3_3.png	761	793
graphics/menu/chars/chars_left_line_ep3_4.png	761	793
graphics/menu/chars/chars_left_line_ep3_5.png	761	793
graphics/menu/chars/chars_left_line_ep3_6.png	761	793
graphics/menu/chars/chars_left_line_ep3_7.png	761	793
graphics/menu/chars/chars_left_line_ep3_8.png	761	793
graphics/menu/chars/chars_left_line_ep4_10.png	761	793
graphics/menu/chars/chars_left_line_ep4_11.png	761	793
graphics/menu/chars/chars_left_line_ep4_12.png	761	793
graphics/menu/chars/chars_left_line_ep4_13.png	761	793
graphics/menu/chars/chars_left_line_ep4_14.png	761	793
graphics/menu/chars/chars_left_line_ep4_15.png	761	793
graphics/menu/chars/chars_left_line_ep4_16.png	761	793
graphics/menu/chars/chars_left_line_ep4_2.png	761	793
graphics/menu/chars/chars_left_line_ep4_3.png	761	793
graphics/menu/chars/chars_left_line_ep4_4.png	761	793
graphics/menu/chars/chars_left_line_ep4_5.png	761	793
graphics/menu/chars/chars_left_line_ep4_6.png	761	793
graphics/menu/chars/chars_left_line_ep4_7.png	761	793
graphics/menu/chars/chars_left_line_ep4_8.png	761	793
graphics/menu/chars/chars_left_line_ep4_9.png	761	793
graphics/menu/chars/chars_left_line_ep5_2.png	761	793
graphics/menu/chars/chars_left_line_ep5_2_50000.png	761	793
graphics/menu/chars/chars_left_line_ep5_2_50020.png	761	793
graphics/menu/chars/chars_left_line_ep5_2_50035.png	761	793
graphics/menu/chars/chars_left_line_ep6_2.png	761	793
graphics/menu/chars/chars_left_line_ep6_2_60000.png	761	793
graphics/menu/chars/chars_left_line_ep6_2_60020.png	761	793
graphics/menu/chars/chars_left_line_ep6_3.png	761	793
graphics/menu/chars/chars_left_line_ep6_3_60011.png	761	793
graphics/menu/chars/chars_left_line_ep7.png	761	793
graphics/menu/chars/chars_left_line_ep7_2.png	761	793
graphics/menu/chars/chars_left_line_ep7_2_70000.png	761	793
graphics/menu/chars/chars_right.png	761	793
graphics/menu/config/bg_config.png	1920	1080
graphics/menu/config/config_caption.png	640	128
graphics/menu/jump/border.png	1170	763
graphics/menu/jump/border2.png	379	63
graphics/menu/logview/bar.png	35	600
graphics/menu/logview/logview_caption.png	640	128
graphics/menu/logview/mes_bg.png	1920	1080
graphics/menu/logview/sel.png	35	52
graphics/menu/logview/sep.png	1920	23
graphics/menu/murder/murder_story_answer_left_bg.png	761	793
graphics/menu/murder/murder_story_person_left_bg.png	761	793
graphics/menu/murder/murder_story_rules.png	1597	793
graphics/menu/notes/notes_caption.png	640	128
graphics/menu/quiz/ask_auntie_eva.png	726	164
graphics/menu/quiz/m1.png	1920	1080
graphics/menu/quiz/m2.png	1920	1080
graphics/menu/quiz/q00.png	115	90
graphics/menu/quiz/q01.png	115	90
graphics/menu/quiz/q02.png	115	90
graphics/menu/quiz/q03.png	115	90
graphics/menu/quiz/q04.png	115	90
graphics/menu/quiz/q05.png	115	90
graphics/menu/quiz/q06.png	115	90
graphics/menu/quiz/q07.png	115	90
graphics/menu/quiz/q08.png	115	90
graphics/menu/quiz/q09.png	115	90
graphics/menu/quiz/q10.png	115	90
graphics/menu/quiz/q11.png	115	90
graphics/menu/quiz/q12.png	115	90
graphics/menu/quiz/q13.png	115	90
graphics/menu/quiz/q14.png	115	90
graphics/menu/quiz/q15.png	115	90
graphics/menu/quiz/q16.png	115	90
graphics/menu/quiz/q17.png	115	90
graphics/menu/quiz/q18.png	115	90
graphics/menu/quiz/q19.png	115	90
graphics/menu/quiz/q20.png	115	90
graphics/menu/quiz/quiz_m.png	1920	1080
graphics/menu/quiz/quizbtn1.png	512	64
graphics/menu/quiz/quizbtn2.png	512	64
graphics/menu/quiz/quizbtn3.png	512	64
graphics/menu/quiz/quizbtn4.png	512	64
graphics/menu/quiz/quizbtn5.png	512	64
graphics/menu/quiz/quizbtn6.png	512	64
graphics/menu/quiz/qw.png	451	181
graphics/menu/quiz2/quiz2_front.png	1920	1080
graphics/menu/quiz2/quiz2_front_2.png	1920	1080
graphics/menu/quiz2/quiz2_left.png	928	1080
graphics/menu/quiz2/quiz2_right.png	928	1080
graphics/menu/r_click_menu/chapters/1_01.png	1920	1080
graphics/menu/r_click_menu/chapters/1_02.png	1920	1080
graphics/menu/r_click_menu/chapters/1_03.png	1920	1080
graphics/menu/r_click_menu/chapters/1_04.png	1920	1080
graphics/menu/r_click_menu/chapters/1_05.png	1920	1080
graphics/menu/r_click_menu/chapters/1_06.png	1920	1080
graphics/menu/r_click_menu/chapters/1_07.png	1920	1080
graphics/menu/r_click_menu/chapters/1_08.png	1920	1080
graphics/menu/r_click_menu/chapters/1_09.png	1920	1080
graphics/menu/r_click_menu/chapters/1_10.png	1920	1080
graphics/menu/r_click_menu/chapters/1_11.png	1920	1080
graphics/menu/r_click_menu/chapters/1_12.png	1920	1080
graphics/menu/r_click_menu/chapters/1_13.png	1920	1080
graphics/menu/r_click_menu/chapters/1_14.png	1920	1080
graphics/menu/r_click_menu/chapters/1_15.png	1920	1080
graphics/menu/r_click_menu/chapters/1_16.png	1920	1080
graphics/menu/r_click_menu/chapters/1_17.png	1920	1080
graphics/menu/r_click_menu/chapters/1_omake.png	1920	1080
graphics/menu/r_click_menu/chapters/1_op.png	1920	1080
graphics/menu/r_click_menu/chapters/1_tea.png	1920	1080
graphics/menu/r_click_menu/chapters/1_ura.png	1920	1080
graphics/menu/r_click_menu/chapters/2_01.png	1920	1080
graphics/menu/r_click_menu/chapters/2_02.png	1920	1080
graphics/menu/r_click_menu/chapters/2_03.png	1920	1080
graphics/menu/r_click_menu/chapters/2_04.png	1920	1080
graphics/menu/r_click_menu/chapters/2_05.png	1920	1080
graphics/menu/r_click_menu/chapters/2_06.png	1920	1080
graphics/menu/r_click_menu/chapters/2_07.png	1920	1080
graphics/menu/r_click_menu/chapters/2_08.png	1920	1080
graphics/menu/r_click_menu/chapters/2_09.png	1920	1080
graphics/menu/r_click_menu/chapters/2_10.png	1920	1080
graphics/menu/r_click_menu/chapters/2_11.png	1920	1080
graphics/menu/r_click_menu/chapters/2_12.png	1920	1080
graphics/menu/r_click_menu/chapters/2_13.png	1920	1080
graphics/menu/r_click_menu/chapters/2_14.png	1920	1080
graphics/menu/r_click_menu/chapters/2_15.png	1920	1080
graphics/menu/r_click_menu/chapters/2_16.png	1920	1080
graphics/menu/r_click_menu/chapters/2_17.png	1920	1080
graphics/menu/r_click_menu/chapters/2_18.png	1920	1080
graphics/menu/r_click_menu/chapters/2_op.png	1920	1080
graphics/menu/r_click_menu/chapters/2_tea.png	1920	1080
graphics/menu/r_click_menu/chapters/2_ura.png	1920	1080
graphics/menu/r_click_menu/chapters/3_01.png	1920	1080
graphics/menu/r_click_menu/chapters/3_02.png	1920	1080
graphics/menu/r_click_menu/chapters/3_03.png	1920	1080
graphics/menu/r_click_menu/chapters/3_04.png	1920	1080
graphics/menu/r_click_menu/chapters/3_05.png	1920	1080
graphics/menu/r_click_menu/chapters/3_06.png	1920	1080
graphics/menu/r_click_menu/chapters/3_07.png	1920	1080
graphics/menu/r_click_menu/chapters/3_08.png	1920	1080
graphics/menu/r_click_menu/chapters/3_09.png	1920	1080
graphics/menu/r_click_menu/chapters/3_10.png	1920	1080
graphics/menu/r_click_menu/chapters/3_11.png	1920	1080
graphics/menu/r_click_menu/chapters/3_12.png	1920	1080
graphics/menu/r_click_menu/chapters/3_13.png	1920	1080
graphics/menu/r_click_menu/chapters/3_14.png	1920	1080
graphics/menu/r_click_menu/chapters/3_15.png	1920	1080
graphics/menu/r_click_menu/chapters/3_16.png	1920	1080
graphics/menu/r_click_menu/chapters/3_17.png	1920	1080
graphics/menu/r_click_menu/chapters/3_18.png	1920	1080
graphics/menu/r_click_menu/chapters/3_op.png	1920	1080
graphics/menu/r_click_menu/chapters/3_tea.png	1920	1080
graphics/menu/r_click_menu/chapters/3_ura.png	1920	1080
graphics/menu/r_click_menu/chapters/4_01.png	1920	1080
graphics/menu/r_click_menu/chapters/4_02.png	1920	1080
graphics/menu/r_click_menu/chapters/4_03.png	1920	1080
graphics/menu/r_click_menu/chapters/4_04.png	1920	1080
graphics/menu/r_click_menu/chapters/4_05.png	1920	1080
graphics/menu/r_click_menu/chapters/4_06.png	1920	1080
graphics/menu/r_click_menu/chapters/4_07.png	1920	1080
graphics/menu/r_click_menu/chapters/4_08.png	1920	1080
graphics/menu/r_click_menu/chapters/4_09.png	1920	1080
graphics/menu/r_click_menu/chapters/4_10.png	1920	1080
graphics/menu/r_click_menu/chapters/4_11.png	1920	1080
graphics/menu/r_click_menu/chapters/4_12.png	1920	1080
graphics/menu/r_click_menu/chapters/4_13.png	1920	1080
graphics/menu/r_click_menu/chapters/4_14.png	1920	1080
graphics/menu/r_click_menu/chapters/4_15.png	1920	1080
graphics/menu/r_click_menu/chapters/4_16.png	1920	1080
graphics/menu/r_click_menu/chapters/4_17.png	1920	1080
graphics/menu/r_click_menu/chapters/4_18.png	1920	1080
graphics/menu/r_click_menu/chapters/4_19.png	1920	1080
graphics/menu/r_click_menu/chapters/4_op.png	1920	1080
graphics/menu/r_click_menu/chapters/4_tea.png	1920	1080
graphics/menu/r_click_menu/chapters/4_ura.png	1920	1080
graphics/menu/r_click_menu/chapters/5_01.png	1920	1080
graphics/menu/r_click_menu/chapters/5_02.png	1920	1080
graphics/menu/r_click_menu/chapters/5_03.png	1920	1080
graphics/menu/r_click_menu/chapters/5_04.png	1920	1080
graphics/menu/r_click_menu/chapters/5_05.png	1920	1080
graphics/menu/r_click_menu/chapters/5_06.png	1920	1080
graphics/menu/r_click_menu/chapters/5_07.png	1920	1080
graphics/menu/r_click_menu/chapters/5_08.png	1920	1080
graphics/menu/r_click_menu/chapters/5_09.png	1920	1080
graphics/menu/r_click_menu/chapters/5_10.png	1920	1080
graphics/menu/r_click_menu/chapters/5_11.png	1920	1080
graphics/menu/r_click_menu/chapters/5_12.png	1920	1080
graphics/menu/r_click_menu/chapters/5_13.png	1920	1080
graphics/menu/r_click_menu/chapters/5_14.png	1920	1080
graphics/menu/r_click_menu/chapters/5_15.png	1920	1080
graphics/menu/r_click_menu/chapters/5_op.png	1920	1080
graphics/menu/r_click_menu/chapters/5_tea.png	1920	1080
graphics/menu/r_click_menu/chapters/5_ura.png	1920	1080
graphics/menu/r_click_menu/chapters/6_01.png	1920	1080
graphics/menu/r_click_menu/chapters/6_02.png	1920	1080
graphics/menu/r_click_menu/chapters/6_03.png	1920	1080
graphics/menu/r_click_menu/chapters/6_04.png	1920	1080
graphics/menu/r_click_menu/chapters/6_05.png	1920	1080
graphics/menu/r_click_menu/chapters/6_06.png	1920	1080
graphics/menu/r_click_menu/chapters/6_07.png	1920	1080
graphics/menu/r_click_menu/chapters/6_08.png	1920	1080
graphics/menu/r_click_menu/chapters/6_09.png	1920	1080
graphics/menu/r_click_menu/chapters/6_10.png	1920	1080
graphics/menu/r_click_menu/chapters/6_11.png	1920	1080
graphics/menu/r_click_menu/chapters/6_12.png	1920	1080
graphics/menu/r_click_menu/chapters/6_13.png	1920	1080
graphics/menu/r_click_menu/chapters/6_14.png	1920	1080
graphics/menu/r_click_menu/chapters/6_15.png	1920	1080
graphics/menu/r_click_menu/chapters/6_16.png	1920	1080
graphics/menu/r_click_menu/chapters/6_17.png	1920	1080
graphics/menu/r_click_menu/chapters/6_18.png	1920	1080
graphics/menu/r_click_menu/chapters/6_op.png	1920	1080
graphics/menu/r_click_menu/chapters/6_tea.png	1920	1080
graphics/menu/r_click_menu/chapters/6_ura.png	1920	1080
graphics/menu/r_click_menu/chapters/7_01.png	1920	1080
graphics/menu/r_click_menu/chapters/7_02.png	1920	1080
graphics/menu/r_click_menu/chapters/7_03.png	1920	1080
graphics/menu/r_click_menu/chapters/7_04.png	1920	1080
graphics/menu/r_click_menu/chapters/7_05.png	1920	1080
graphics/menu/r_click_menu/chapters/7_06.png	1920	1080
graphics/menu/r_click_menu/chapters/7_07.png	1920	1080
graphics/menu/r_click_menu/chapters/7_08.png	1920	1080
graphics/menu/r_click_menu/chapters/7_09.png	1920	1080
graphics/menu/r_click_menu/chapters/7_10.png	1920	1080
graphics/menu/r_click_menu/chapters/7_11.png	1920	1080
graphics/menu/r_click_menu/chapters/7_12.png	1920	1080
graphics/menu/r_click_menu/chapters/7_13.png	1920	1080
graphics/menu/r_click_menu/chapters/7_14.png	1920	1080
graphics/menu/r_click_menu/chapters/7_15.png	1920	1080
graphics/menu/r_click_menu/chapters/7_16.png	1920	1080
graphics/menu/r_click_menu/chapters/7_17.png	1920	1080
graphics/menu/r_click_menu/chapters/7_18.png	1920	1080
graphics/menu/r_click_menu/chapters/7_op.png	1920	1080
graphics/menu/r_click_menu/chapters/7_tea.png	1920	1080
graphics/menu/r_click_menu/chapters/7_ura.png	1920	1080
graphics/menu/r_click_menu/chapters/8_01.png	1920	1080
graphics/menu/r_click_menu/chapters/8_02.png	1920	1080
graphics/menu/r_click_menu/chapters/8_03.png	1920	1080
graphics/menu/r_click_menu/chapters/8_04.png	1920	1080
graphics/menu/r_click_menu/chapters/8_05.png	1920	1080
graphics/menu/r_click_menu/chapters/8_06.png	1920	1080
graphics/menu/r_click_menu/chapters/8_07.png	1920	1080
graphics/menu/r_click_menu/chapters/8_08.png	1920	1080
graphics/menu/r_click_menu/chapters/8_09.png	1920	1080
graphics/menu/r_click_menu/chapters/8_10.png	1920	1080
graphics/menu/r_click_menu/chapters/8_11.png	1920	1080
graphics/menu/r_click_menu/chapters/8_12.png	1920	1080
graphics/menu/r_click_menu/chapters/8_13.png	1920	1080
graphics/menu/r_click_menu/chapters/8_14.png	1920	1080
graphics/menu/r_click_menu/chapters/8_15.png	1920	1080
graphics/menu/r_click_menu/chapters/8_16.png	1920	1080
graphics/menu/r_click_menu/chapters/8_op.png	1920	1080
graphics/menu/r_click_menu/chapters/8_tea.png	1920	1080
graphics/menu/r_click_menu/chapters/8_ura.png	1920	1080
graphics/menu/r_click_menu/r_btn_char.png	792	76
graphics/menu/r_click_menu/r_btn_clear.png	792	76
graphics/menu/r_click_menu/r_btn_load2.png	792	76
graphics/menu/r_click_menu/r_btn_logs.png	792	76
graphics/menu/r_click_menu/r_btn_save2.png	792	76
graphics/menu/r_click_menu/r_btn_setting.png	792	76
graphics/menu/r_click_menu/r_btn_system.png	792	76
graphics/menu/r_click_menu/r_btn_tips.png	792	76
graphics/menu/save/saveload_area.png	1764	201
graphics/menu/save/saveload_area_5.png	1764	201
graphics/menu/save/saveload_area_n1.png	1920	1080
graphics/menu/save/saveload_area_n10.png	1920	1080
graphics/menu/save/saveload_area_n10_button.png	160	78
graphics/menu/save/saveload_area_n10_button_b.png	160	78
graphics/menu/save/saveload_area_n1_button.png	160	78
graphics/menu/save/saveload_area_n1_button_b.png	160	78
graphics/menu/save/saveload_area_n2.png	1920	1080
graphics/menu/save/saveload_area_n2_button.png	160	78
graphics/menu/save/saveload_area_n2_button_b.png	160	78
graphics/menu/save/saveload_area_n3.png	1920	1080
graphics/menu/save/saveload_area_n3_button.png	160	78
graphics/menu/save/saveload_area_n3_button_b.png	160	78
graphics/menu/save/saveload_area_n4.png	1920	1080
graphics/menu/save/saveload_area_n4_button.png	160	78
graphics/menu/save/saveload_area_n4_button_b.png	160	78
graphics/menu/save/saveload_area_n5.png	1920	1080
graphics/menu/save/saveload_area_n5_button.png	160	78
graphics/menu/save/saveload_area_n5_button_b.png	160	78
graphics/menu/save/saveload_area_n6.png	1920	1080
graphics/menu/save/saveload_area_n6_button.png	160	78
graphics/menu/save/saveload_area_n6_button_b.png	160	78
graphics/menu/save/saveload_area_n7.png	1920	1080
graphics/menu/save/saveload_area_n7_button.png	160	78
graphics/menu/save/saveload_area_n7_button_b.png	160	78
graphics/menu/save/saveload_area_n8.png	1920	1080
graphics/menu/save/saveload_area_n8_button.png	160	78
graphics/menu/save/saveload_area_n8_button_b.png	160	78
graphics/menu/save/saveload_area_n9.png	1920	1080
graphics/menu/save/saveload_area_n9_button.png	160	78
graphics/menu/save/saveload_area_n9_button_b.png	160	78
graphics/menu/save/saveload_caption.png	640	128
graphics/menu/save/saveload_line_down.png	1920	180
graphics/menu/save/saveload_line_up.png	1920	180
graphics/menu/systembtn/black_buttons.png	1920	1080
graphics/menu/systembtn/circle_0.png	75	36
graphics/menu/systembtn/circle_0_b.png	75	36
graphics/menu/systembtn/circle_10.png	75	36
graphics/menu/systembtn/circle_100.png	75	36
graphics/menu/systembtn/circle_100_b.png	75	36
graphics/menu/systembtn/circle_10_b.png	75	36
graphics/menu/systembtn/circle_20.png	75	36
graphics/menu/systembtn/circle_20_b.png	75	36
graphics/menu/systembtn/circle_30.png	75	36
graphics/menu/systembtn/circle_30_b.png	75	36
graphics/menu/systembtn/circle_40.png	75	36
graphics/menu/systembtn/circle_40_b.png	75	36
graphics/menu/systembtn/circle_50.png	75	36
graphics/menu/systembtn/circle_50_b.png	75	36
graphics/menu/systembtn/circle_60.png	75	36
graphics/menu/systembtn/circle_60_b.png	75	36
graphics/menu/systembtn/circle_70.png	75	36
graphics/menu/systembtn/circle_70_b.png	75	36
graphics/menu/systembtn/circle_80.png	75	36
graphics/menu/systembtn/circle_80_b.png	75	36
graphics/menu/systembtn/circle_90.png	75	36
graphics/menu/systembtn/circle_90_b.png	75	36
graphics/menu/systembtn/grimoire_btn.png	640	58
graphics/menu/systembtn/no.png	752	58
graphics/menu/systembtn/speed.png	92	36
graphics/menu/systembtn/speed_b.png	92	36
graphics/menu/systembtn/tips.png	640	58
graphics/menu/systembtn/title_bg.png	454	278
graphics/menu/systembtn/yes.png	752	58
graphics/menu/tips/bg_tips.png	1920	1080
graphics/menu/tips/tips_caption.png	640	128
graphics/menu/tips/tips_left.png	384	448
graphics/menu/tips/tips_right.png	888	793
graphics/menu/title/chiru/title1_bg1.png	1920	1080
graphics/menu/title/chiru/title1_logo.png	1040	360
graphics/menu/title/chiru/title1_text_ep1_4.png	880	500
graphics/menu/title/chiru/title1_text_ep5.png	880	500
graphics/menu/title/chiru/title1_text_ep6.png	880	500
graphics/menu/title/chiru/title1_text_ep7.png	880	500
graphics/menu/title/chiru/title1_text_ep8.png	880	500
graphics/menu/title/chiru/title2_bg2.png	1920	1080
graphics/menu/title/chiru/title3_bg3.png	1920	1080
graphics/menu/title/chiru/title4_bg4.png	1920	1080
graphics/menu/title/chiru/title5_bg5.png	1920	1080
graphics/menu/title/chiru/title6_bg6.png	1920	1080
graphics/menu/title/chiru/title7_bg7.png	1920	1080
graphics/menu/title/title1_bg1.png	1920	1080
graphics/menu/title/title1_logo.png	1040	360
graphics/menu/title/title1_text_bgm.png	880	500
graphics/menu/title/title1_text_cg.png	880	500
graphics/menu/title/title1_text_chars.png	880	500
graphics/menu/title/title1_text_config.png	880	500
graphics/menu/title/title1_text_ep1.png	880	500
graphics/menu/title/title1_text_ep2.png	880	500
graphics/menu/title/title1_text_ep3.png	880	500
graphics/menu/title/title1_text_ep4.png	880	500
graphics/menu/title/title1_text_ep5_8.png	880	500
graphics/menu/title/title1_text_exit.png	880	500
graphics/menu/title/title1_text_load.png	880	500
graphics/menu/title/title1_text_start.png	880	500
graphics/menu/title/title1_text_tea.png	880	500
graphics/menu/title/title1_text_tips.png	880	500
graphics/menu/title/title1_text_unlock.png	880	500
graphics/menu/title/title1_text_ura.png	880	500
graphics/menu/title/title1_text_warning.png	880	500
graphics/menu/title/title1_text_web.png	880	500
graphics/menu/title/title2_bg2.png	1920	1080
graphics/menu/title/title3_bg3.png	1920	1080
graphics/menu/title/title4_bg4.png	1920	1080
graphics/menu/title/title5_bg5.png	1920	1080
graphics/menu/title_chiru/title1_bg1.png	1920	1080
graphics/menu/title_chiru/title2_bg2.png	1920	1080
graphics/menu/title_chiru/title3_bg3.png	1920	1080
graphics/menu/title_chiru/title4_bg4.png	1920	1080
graphics/menu/title_chiru/title5_bg5.png	1920	1080
graphics/menu/title_chiru/title6_bg6.png	1920	1080
graphics/menu/title_chiru/title7_bg7.png	1920	1080
graphics/menu/title_menu/config.png	1040	58
graphics/menu/title_menu/config2.png	1040	58
graphics/menu/title_menu/config3.png	1040	58
graphics/menu/title_menu/config_newgame.png	1040	58
graphics/menu/title_menu/ep1.png	567	58
graphics/menu/title_menu/ep1_4.png	567	58
graphics/menu/title_menu/ep1_new.png	567	58
graphics/menu/title_menu/ep2.png	567	58
graphics/menu/title_menu/ep2_1.png	567	58
graphics/menu/title_menu/ep2_new.png	567	58
graphics/menu/title_menu/ep3.png	567	58
graphics/menu/title_menu/ep3_1.png	567	58
graphics/menu/title_menu/ep3_new.png	567	58
graphics/menu/title_menu/ep4.png	567	58
graphics/menu/title_menu/ep4_1.png	567	58
graphics/menu/title_menu/ep4_new.png	567	58
graphics/menu/title_menu/ep5.png	567	58
graphics/menu/title_menu/ep5_8.png	567	58
graphics/menu/title_menu/ep5_8_1.png	567	58
graphics/menu/title_menu/ep5_new.png	567	58
graphics/menu/title_menu/ep6.png	567	58
graphics/menu/title_menu/ep6_1.png	567	58
graphics/menu/title_menu/ep6_new.png	567	58
graphics/menu/title_menu/ep7.png	567	58
graphics/menu/title_menu/ep7_1.png	567	58
graphics/menu/title_menu/ep7_new.png	567	58
graphics/menu/title_menu/ep8.png	567	58
graphics/menu/title_menu/ep8_1.png	567	58
graphics/menu/title_menu/ep8_new.png	567	58
graphics/menu/title_menu/exit.png	1040	58
graphics/menu/title_menu/exit1.png	1040	58
graphics/menu/title_menu/exit1_cg.png	1040	58
graphics/menu/title_menu/exit2.png	1040	58
graphics/menu/title_menu/exit3.png	1040	58
graphics/menu/title_menu/exit5.png	1040	58
graphics/menu/title_menu/load.png	567	58
graphics/menu/title_menu/music.png	1040	58
graphics/menu/title_menu/music2.png	1040	58
graphics/menu/title_menu/music3.png	1040	58
graphics/menu/title_menu/music_1.png	1040	58
graphics/menu/title_menu/new_music.png	1040	58
graphics/menu/title_menu/new_music_2.png	1040	58
graphics/menu/title_menu/new_music_3.png	1040	58
graphics/menu/title_menu/new_start.png	1040	58
graphics/menu/title_menu/new_tea.png	1040	58
graphics/menu/title_menu/new_tips.png	1040	58
graphics/menu/title_menu/new_tips_cha.png	1040	58
graphics/menu/title_menu/new_ura_tea.png	1040	58
graphics/menu/title_menu/no.png	752	58
graphics/menu/title_menu/omake.png	1040	58
graphics/menu/title_menu/picbox.png	1040	58
graphics/menu/title_menu/picbox1.png	1040	58
graphics/menu/title_menu/picbox2.png	1040	58
graphics/menu/title_menu/picbox3.png	1040	58
graphics/menu/title_menu/picbox_new1.png	1040	58
graphics/menu/title_menu/picbox_new2.png	1040	58
graphics/menu/title_menu/picbox_new3.png	1040	58
graphics/menu/title_menu/start.png	1040	58
graphics/menu/title_menu/tea.png	1040	58
graphics/menu/title_menu/tips.png	1040	58
graphics/menu/title_menu/tips_cha.png	1040	58
graphics/menu/title_menu/trophy_btn_n.png	482	241
graphics/menu/title_menu/unlock.png	260	58
graphics/menu/title_menu/unlock_kaku_bg.png	454	278
graphics/menu/title_menu/ura_tea.png	1040	58
graphics/menu/title_menu/web.png	1040	58
graphics/menu/title_menu/yes.png	752	58
graphics/menu/trophy/trophy_caption.png	640	128
graphics/menu_en/bgmmode/bgmmode_caption.png	640	128
graphics/menu_en/cgmode/cgmode_caption.png	640	128
graphics/menu_en/cgmode/cgmode_logo.png	400	225
graphics/menu_en/cgmode/cgmode_logo_chiru.png	400	225
graphics/menu_en/cgmode/cgmode_logox.png	400	225
graphics/menu_en/chars/chars_caption.png	640	128
graphics/menu_en/config/config_caption.png	640	128
graphics/menu_en/config/config_left.png	100	55
graphics/menu_en/config/config_right.png	100	55
graphics/menu_en/logview/logview_caption.png	640	128
graphics/menu_en/notes/notes_caption.png	640	128
graphics/menu_en/quiz/ask_auntie_eva.png	726	164
graphics/menu_en/quiz/m1.png	1920	1080
graphics/menu_en/quiz/m2.png	1920	1080
graphics/menu_en/quiz/quizbtn1.png	512	64
graphics/menu_en/quiz/quizbtn2.png	512	64
graphics/menu_en/quiz/quizbtn3.png	512	64
graphics/menu_en/quiz/quizbtn4.png	512	64
graphics/menu_en/quiz/quizbtn5.png	512	64
graphics/menu_en/quiz/quizbtn6.png	512	64
graphics/menu_en/quiz2/quiz2_front.png	1920	1080
graphics/menu_en/quiz2/quiz2_front_2.png	1920	1080
graphics/menu_en/r_click_menu/chapters/1_01.png	1920	1080
graphics/menu_en/r_click_menu/chapters/1_02.png	1920	1080
graphics/menu_en/r_click_menu/chapters/1_03.png	1920	1080
graphics/menu_en/r_click_menu/chapters/1_04.png	1920	1080
graphics/menu_en/r_click_menu/chapters/1_05.png	1920	1080
graphics/menu_en/r_click_menu/chapters/1_06.png	1920	1080
graphics/menu_en/r_click_menu/chapters/1_07.png	1920	1080
graphics/menu_en/r_click_menu/chapters/1_08.png	1920	1080
graphics/menu_en/r_click_menu/chapters/1_09.png	1920	1080
graphics/menu_en/r_click_menu/chapters/1_10.png	1920	1080
graphics/menu_en/r_click_menu/chapters/1_11.png	1920	1080
graphics/menu_en/r_click_menu/chapters/1_12.png	1920	1080
graphics/menu_en/r_click_menu/chapters/1_13.png	1920	1080
graphics/menu_en/r_click_menu/chapters/1_14.png	1920	1080
graphics/menu_en/r_click_menu/chapters/1_15.png	1920	1080
graphics/menu_en/r_click_menu/chapters/1_16.png	1920	1080
graphics/menu_en/r_click_menu/chapters/1_17.png	1920	1080
graphics/menu_en/r_click_menu/chapters/1_omake.png	1920	1080
graphics/menu_en/r_click_menu/chapters/1_op.png	1920	1080
graphics/menu_en/r_click_menu/chapters/1_tea.png	1920	1080
graphics/menu_en/r_click_menu/chapters/1_ura.png	1920	1080
graphics/menu_en/r_click_menu/chapters/2_01.png	1920	1080
graphics/menu_en/r_click_menu/chapters/2_02.png	1920	1080
graphics/menu_en/r_click_menu/chapters/2_03.png	1920	1080
graphics/menu_en/r_click_menu/chapters/2_04.png	1920	1080
graphics/menu_en/r_click_menu/chapters/2_05.png	1920	1080
graphics/menu_en/r_click_menu/chapters/2_06.png	1920	1080
graphics/menu_en/r_click_menu/chapters/2_07.png	1920	1080
graphics/menu_en/r_click_menu/chapters/2_08.png	1920	1080
graphics/menu_en/r_click_menu/chapters/2_09.png	1920	1080
graphics/menu_en/r_click_menu/chapters/2_10.png	1920	1080
graphics/menu_en/r_click_menu/chapters/2_11.png	1920	1080
graphics/menu_en/r_click_menu/chapters/2_12.png	1920	1080
graphics/menu_en/r_click_menu/chapters/2_13.png	1920	1080
graphics/menu_en/r_click_menu/chapters/2_14.png	1920	1080
graphics/menu_en/r_click_menu/chapters/2_15.png	1920	1080
graphics/menu_en/r_click_menu/chapters/2_16.png	1920	1080
graphics/menu_en/r_click_menu/chapters/2_17.png	1920	1080
graphics/menu_en/r_click_menu/chapters/2_18.png	1920	1080
graphics/menu_en/r_click_menu/chapters/2_op.png	1920	1080
graphics/menu_en/r_click_menu/chapters/2_tea.png	1920	1080
graphics/menu_en/r_click_menu/chapters/2_ura.png	1920	1080
graphics/menu_en/r_click_menu/chapters/3_01.png	1920	1080
graphics/menu_en/r_click_menu/chapters/3_02.png	1920	1080
graphics/menu_en/r_click_menu/chapters/3_03.png	1920	1080
graphics/menu_en/r_click_menu/chapters/3_04.png	1920	1080
graphics/menu_en/r_click_menu/chapters/3_05.png	1920	1080
graphics/menu_en/r_click_menu/chapters/3_06.png	1920	1080
graphics/menu_en/r_click_menu/chapters/3_07.png	1920	1080
graphics/menu_en/r_click_menu/chapters/3_08.png	1920	1080
graphics/menu_en/r_click_menu/chapters/3_09.png	1920	1080
graphics/menu_en/r_click_menu/chapters/3_10.png	1920	1080
graphics/menu_en/r_click_menu/chapters/3_11.png	1920	1080
graphics/menu_en/r_click_menu/chapters/3_12.png	1920	1080
graphics/menu_en/r_click_menu/chapters/3_13.png	1920	1080
graphics/menu_en/r_click_menu/chapters/3_14.png	1920	1080
graphics/menu_en/r_click_menu/chapters/3_15.png	1920	1080
graphics/menu_en/r_click_menu/chapters/3_16.png	1920	1080
graphics/menu_en/r_click_menu/chapters/3_17.png	1920	1080
graphics/menu_en/r_click_menu/chapters/3_18.png	1920	1080
graphics/menu_en/r_click_menu/chapters/3_op.png	1920	1080
graphics/menu_en/r_click_menu/chapters/3_tea.png	1920	1080
graphics/menu_en/r_click_menu/chapters/3_ura.png	1920	1080
graphics/menu_en/r_click_menu/chapters/4_01.png	1920	1080
graphics/menu_en/r_click_menu/chapters/4_02.png	1920	1080
graphics/menu_en/r_click_menu/chapters/4_03.png	1920	1080
graphics/menu_en/r_click_menu/chapters/4_04.png	1920	1080
graphics/menu_en/r_click_menu/chapters/4_05.png	1920	1080
graphics/menu_en/r_click_menu/chapters/4_06.png	1920	1080
graphics/menu_en/r_click_menu/chapters/4_07.png	1920	1080
graphics/menu_en/r_click_menu/chapters/4_08.png	1920	1080
graphics/menu_en/r_click_menu/chapters/4_09.png	1920	1080
graphics/menu_en/r_click_menu/chapters/4_10.png	1920	1080
graphics/menu_en/r_click_menu/chapters/4_11.png	1920	1080
graphics/menu_en/r_click_menu/chapters/4_12.png	1920	1080
graphics/menu_en/r_click_menu/chapters/4_13.png	1920	1080
graphics/menu_en/r_click_menu/chapters/4_14.png	1920	1080
graphics/menu_en/r_click_menu/chapters/4_15.png	1920	1080
graphics/menu_en/r_click_menu/chapters/4_16.png	1920	1080
graphics/menu_en/r_click_menu/chapters/4_17.png	1920	1080
graphics/menu_en/r_click_menu/chapters/4_18.png	1920	1080
graphics/menu_en/r_click_menu/chapters/4_19.png	1920	1080
graphics/menu_en/r_click_menu/chapters/4_op.png	1920	1080
graphics/menu_en/r_click_menu/chapters/4_tea.png	1920	1080
graphics/menu_en/r_click_menu/chapters/4_ura.png	1920	1080
graphics/menu_en/r_click_menu/chapters/5_01.png	1920	1080
graphics/menu_en/r_click_menu/chapters/5_02.png	1920	1080
graphics/menu_en/r_click_menu/chapters/5_03.png	1920	1080
graphics/menu_en/r_click_menu/chapters/5_04.png	1920	1080
graphics/menu_en/r_click_menu/chapters/5_05.png	1920	1080
graphics/menu_en/r_click_menu/chapters/5_06.png	1920	1080
graphics/menu_en/r_click_menu/chapters/5_07.png	1920	1080
graphics/menu_en/r_click_menu/chapters/5_08.png	1920	1080
graphics/menu_en/r_click_menu/chapters/5_09.png	1920	1080
graphics/menu_en/r_click_menu/chapters/5_10.png	1920	1080
graphics/menu_en/r_click_menu/chapters/5_11.png	1920	1080
graphics/menu_en/r_click_menu/chapters/5_12.png	1920	1080
graphics/menu_en/r_click_menu/chapters/5_13.png	1920	1080
graphics/menu_en/r_click_menu/chapters/5_14.png	1920	1080
graphics/menu_en/r_click_menu/chapters/5_15.png	1920	1080
graphics/menu_en/r_click_menu/chapters/5_op.png	1920	1080
graphics/menu_en/r_click_menu/chapters/5_tea.png	1920	1080
graphics/menu_en/r_click_menu/chapters/5_ura.png	1920	1080
graphics/menu_en/r_click_menu/chapters/6_01.png	1920	1080
graphics/menu_en/r_click_menu/chapters/6_02.png	1920	1080
graphics/menu_en/r_click_menu/chapters/6_03.png	1920	1080
graphics/menu_en/r_click_menu/chapters/6_04.png	1920	1080
graphics/menu_en/r_click_menu/chapters/6_05.png	1920	1080
graphics/menu_en/r_click_menu/chapters/6_06.png	1920	1080
graphics/menu_en/r_click_menu/chapters/6_07.png	1920	1080
graphics/menu_en/r_click_menu/chapters/6_08.png	1920	1080
graphics/menu_en/r_click_menu/chapters/6_09.png	1920	1080
graphics/menu_en/r_click_menu/chapters/6_10.png	1920	1080
graphics/menu_en/r_click_menu/chapters/6_11.png	1920	1080
graphics/menu_en/r_click_menu/chapters/6_12.png	1920	1080
graphics/menu_en/r_click_menu/chapters/6_13.png	1920	1080
graphics/menu_en/r_click_menu/chapters/6_14.png	1920	1080
graphics/menu_en/r_click_menu/chapters/6_15.png	1920	1080
graphics/menu_en/r_click_menu/chapters/6_16.png	1920	1080
graphics/menu_en/r_click_menu/chapters/6_17.png	1920	1080
graphics/menu_en/r_click_menu/chapters/6_18.png	1920	1080
graphics/menu_en/r_click_menu/chapters/6_op.png	1920	1080
graphics/menu_en/r_click_menu/chapters/6_tea.png	1920	1080
graphics/menu_en/r_click_menu/chapters/6_ura.png	1920	1080
graphics/menu_en/r_click_menu/chapters/7_01.png	1920	1080
graphics/menu_en/r_click_menu/chapters/7_02.png	1920	1080
graphics/menu_en/r_click_menu/chapters/7_03.png	1920	1080
graphics/menu_en/r_click_menu/chapters/7_04.png	1920	1080
graphics/menu_en/r_click_menu/chapters/7_05.png	1920	1080
graphics/menu_en/r_click_menu/chapters/7_06.png	1920	1080
graphics/menu_en/r_click_menu/chapters/7_07.png	1920	1080
graphics/menu_en/r_click_menu/chapters/7_08.png	1920	1080
graphics/menu_en/r_click_menu/chapters/7_09.png	1920	1080
graphics/menu_en/r_click_menu/chapters/7_10.png	1920	1080
graphics/menu_en/r_click_menu/chapters/7_11.png	1920	1080
graphics/menu_en/r_click_menu/chapters/7_12.png	1920	1080
graphics/menu_en/r_click_menu/chapters/7_13.png	1920	1080
graphics/menu_en/r_click_menu/chapters/7_14.png	1920	1080
graphics/menu_en/r_click_menu/chapters/7_15.png	1920	1080
graphics/menu_en/r_click_menu/chapters/7_16.png	1920	1080
graphics/menu_en/r_click_menu/chapters/7_17.png	1920	1080
graphics/menu_en/r_click_menu/chapters/7_18.png	1920	1080
graphics/menu_en/r_click_menu/chapters/7_op.png	1920	1080
graphics/menu_en/r_click_menu/chapters/7_tea.png	1920	1080
graphics/menu_en/r_click_menu/chapters/7_ura.png	1920	1080
graphics/menu_en/r_click_menu/chapters/8_01.png	1920	1080
graphics/menu_en/r_click_menu/chapters/8_02.png	1920	1080
graphics/menu_en/r_click_menu/chapters/8_03.png	1920	1080
graphics/menu_en/r_click_menu/chapters/8_04.png	1920	1080
graphics/menu_en/r_click_menu/chapters/8_05.png	1920	1080
graphics/menu_en/r_click_menu/chapters/8_06.png	1920	1080
graphics/menu_en/r_click_menu/chapters/8_07.png	1920	1080
graphics/menu_en/r_click_menu/chapters/8_08.png	1920	1080
graphics/menu_en/r_click_menu/chapters/8_09.png	1920	1080
graphics/menu_en/r_click_menu/chapters/8_10.png	1920	1080
graphics/menu_en/r_click_menu/chapters/8_11.png	1920	1080
graphics/menu_en/r_click_menu/chapters/8_12.png	1920	1080
graphics/menu_en/r_click_menu/chapters/8_13.png	1920	1080
graphics/menu_en/r_click_menu/chapters/8_14.png	1920	1080
graphics/menu_en/r_click_menu/chapters/8_15.png	1920	1080
graphics/menu_en/r_click_menu/chapters/8_16.png	1920	1080
graphics/menu_en/r_click_menu/chapters/8_op.png	1920	1080
graphics/menu_en/r_click_menu/chapters/8_tea.png	1920	1080
graphics/menu_en/r_click_menu/chapters/8_ura.png	1920	1080
graphics/menu_en/r_click_menu/r_btn_char.png	792	76
graphics/menu_en/r_click_menu/r_btn_clear.png	792	76
graphics/menu_en/r_click_menu/r_btn_load2.png	792	76
graphics/menu_en/r_click_menu/r_btn_logs.png	792	76
graphics/menu_en/r_click_menu/r_btn_save2.png	792	76
graphics/menu_en/r_click_menu/r_btn_setting.png	792	76
graphics/menu_en/r_click_menu/r_btn_system.png	792	76
graphics/menu_en/r_click_menu/r_btn_tips.png	792	76
graphics/menu_en/save/saveload_area.png	1764	201
graphics/menu_en/save/saveload_area_5.png	1764	201
graphics/menu_en/save/saveload_caption.png	640	128
graphics/menu_en/systembtn/grimoire_btn.png	640	58
graphics/menu_en/systembtn/no.png	752	58
graphics/menu_en/systembtn/off.png	400	95
graphics/menu_en/systembtn/off_1.png	400	95
graphics/menu_en/systembtn/on.png	378	95
graphics/menu_en/systembtn/on_1.png	378	95
graphics/menu_en/systembtn/tips.png	640	58
graphics/menu_en/systembtn/title_bg.png	454	278
graphics/menu_en/systembtn/yes.png	752	58
graphics/menu_en/tips/tips_caption.png	640	128
graphics/menu_en/title/chiru/title1_logo.png	1040	360
graphics/menu_en/title/chiru/title1_text_ep1_4.png	880	500
graphics/menu_en/title/chiru/title1_text_ep5.png	880	500
graphics/menu_en/title/chiru/title1_text_ep6.png	880	500
graphics/menu_en/title/chiru/title1_text_ep7.png	880	500
graphics/menu_en/title/chiru/title1_text_ep8.png	880	500
graphics/menu_en/title/title1_logo.png	1040	360
graphics/menu_en/title/title1_text_bgm.png	880	500
graphics/menu_en/title/title1_text_cg.png	880	500
graphics/menu_en/title/title1_text_chars.png	880	500
graphics/menu_en/title/title1_text_config.png	880	500
graphics/menu_en/title/title1_text_ep1.png	880	500
graphics/menu_en/title/title1_text_ep2.png	880	500
graphics/menu_en/title/title1_text_ep3.png	880	500
graphics/menu_en/title/title1_text_ep4.png	880	500
graphics/menu_en/title/title1_text_ep5_8.png	880	500
graphics/menu_en/title/title1_text_exit.png	880	500
graphics/menu_en/title/title1_text_load.png	880	500
graphics/menu_en/title/title1_text_start.png	880	500
graphics/menu_en/title/title1_text_tea.png	880	500
graphics/menu_en/title/title1_text_tips.png	880	500
graphics/menu_en/title/title1_text_unlock.png	880	500
graphics/menu_en/title/title1_text_ura.png	880	500
graphics/menu_en/title/title1_text_warning.png	880	500
graphics/menu_en/title/title1_text_web.png	880	500
graphics/menu_en/title_menu/config.png	1040	58
graphics/menu_en/title_menu/config2.png	1040	58
graphics/menu_en/title_menu/config3.png	1040	58
graphics/menu_en/title_menu/config_newgame.png	1040	58
graphics/menu_en/title_menu/ep1.png	567	58
graphics/menu_en/title_menu/ep1_4.png	567	58
graphics/menu_en/title_menu/ep1_new.png	567	58
graphics/menu_en/title_menu/ep2.png	567	58
graphics/menu_en/title_menu/ep2_1.png	567	58
graphics/menu_en/title_menu/ep2_new.png	567	58
graphics/menu_en/title_menu/ep3.png	567	58
graphics/menu_en/title_menu/ep3_1.png	567	58
graphics/menu_en/title_menu/ep3_new.png	567	58
graphics/menu_en/title_menu/ep4.png	567	58
graphics/menu_en/title_menu/ep4_1.png	567	58
graphics/menu_en/title_menu/ep4_new.png	567	58
graphics/menu_en/title_menu/ep5.png	567	58
graphics/menu_en/title_menu/ep5_8.png	567	58
graphics/menu_en/title_menu/ep5_8_1.png	567	58
graphics/menu_en/title_menu/ep5_new.png	567	58
graphics/menu_en/title_menu/ep6.png	567	58
graphics/menu_en/title_menu/ep6_1.png	567	58
graphics/menu_en/title_menu/ep6_new.png	567	58
graphics/menu_en/title_menu/ep7.png	567	58
graphics/menu_en/title_menu/ep7_1.png	567	58
graphics/menu_en/title_menu/ep7_new.png	567	58
graphics/menu_en/title_menu/ep8.png	567	58
graphics/menu_en/title_menu/ep8_1.png	567	58
graphics/menu_en/title_menu/ep8_new.png	567	58
graphics/menu_en/title_menu/exit.png	1040	58
graphics/menu_en/title_menu/exit1.png	1040	58
graphics/menu_en/title_menu/exit1_cg.png	1040	58
graphics/menu_en/title_menu/exit2.png	1040	58
graphics/menu_en/title_menu/exit3.png	1040	58
graphics/menu_en/title_menu/exit5.png	1040	58
graphics/menu_en/title_menu/load.png	567	58
graphics/menu_en/title_menu/music.png	1040	58
graphics/menu_en/title_menu/music2.png	1040	58
graphics/menu_en/title_menu/music3.png	1040	58
graphics/menu_en/title_menu/music_1.png	1040	58
graphics/menu_en/title_menu/new_music.png	1040	58
graphics/menu_en/title_menu/new_music_2.png	1040	58
graphics/menu_en/title_menu/new_music_3.png	1040	58
graphics/menu_en/title_menu/new_start.png	1040	58
graphics/menu_en/title_menu/new_tea.png	1040	58
graphics/menu_en/title_menu/new_tips.png	1040	58
graphics/menu_en/title_menu/new_tips_cha.png	1040	58
graphics/menu_en/title_menu/new_ura_tea.png	1040	58
graphics/menu_en/title_menu/no.png	752	58
graphics/menu_en/title_menu/omake.png	1040	58
graphics/menu_en/title_menu/picbox.png	1040	58
graphics/menu_en/title_menu/picbox1.png	1040	58
graphics/menu_en/title_menu/picbox2.png	1040	58
graphics/menu_en/title_menu/picbox3.png	1040	58
graphics/menu_en/title_menu/picbox_new1.png	1040	58
graphics/menu_en/title_menu/picbox_new2.png	1040	58
graphics/menu_en/title_menu/picbox_new3.png	1040	58
graphics/menu_en/title_menu/start.png	1040	58
graphics/menu_en/title_menu/tea.png	1040	58
graphics/menu_en/title_menu/tips.png	1040	58
graphics/menu_en/title_menu/tips_cha.png	1040	58
graphics/menu_en/title_menu/trophy_btn_n.png	482	241
graphics/menu_en/title_menu/unlock.png	260	58
graphics/menu_en/title_menu/unlock_kaku_bg.png	454	278
graphics/menu_en/title_menu/ura_tea.png	1040	58
graphics/menu_en/title_menu/web.png	1040	58
graphics/menu_en/title_menu/yes.png	752	58
graphics/menu_en/trophy/trophy_caption.png	640	128
graphics/omake/icon_newop.png	1280	360
graphics/omake/icon_oldop.png	1280	360
graphics/omake/m1f_p1br_omake.png	1920	1080
graphics/omake/m1f_p2br_omake.png	1920	1080
graphics/omake/ment_1br_omake.png	1920	1080
graphics/omake/mhal_1ar_omake.png	1920	1080
graphics/omake/mhal_2ar_omake.png	1920	1080
graphics/omake/mhal_2br_omake.png	1920	1080
graphics/omake/mhal_2cr_omake.png	1920	1080
graphics/omake/pettan.png	200	960
graphics/omake/pettan_aa1.png	664	188
graphics/omake/pettan_aa2.png	688	266
graphics/omake/pettan_aa3.png	678	211
graphics/omake/pettan_aa4.png	350	153
graphics/omake/touhou_1.png	1920	1080
graphics/omake/touhou_2.png	1109	1100
graphics/system/automode.png	50	52
graphics/system/clock/clock.png	856	856
graphics/system/clock/clock_c.png	100	70
graphics/system/clock/clock_h.png	100	500
graphics/system/clock/clock_m.png	100	738
graphics/system/clock/hana1.png	1920	1080
graphics/system/clock/ware.png	1920	1080
graphics/system/empty.png	1	1
graphics/system/fade/1.png	512	16
graphics/system/fade/1920x1080.png	544	306
graphics/system/fade/2.png	512	16
graphics/system/fade/blood.png	1920	1080
graphics/system/fade/c.png	512	360
graphics/system/fade/cut.png	544	308
graphics/system/fade/cut_down.png	544	308
graphics/system/fade/cut_down_flip.png	544	308
graphics/system/fade/cut_up.png	544	308
graphics/system/fade/cut_up_flip.png	544	308
graphics/system/fade/cuta.png	544	308
graphics/system/fade/cuta2.png	544	308
graphics/system/fade/cutb.png	544	308
graphics/system/fade/cutc.png	544	308
graphics/system/fade/cutd.png	544	308
graphics/system/fade/cutdl.png	544	308
graphics/system/fade/cutdr.png	544	308
graphics/system/fade/cutul.png	544	308
graphics/system/fade/cutur.png	544	308
graphics/system/fade/cutyl.png	544	308
graphics/system/fade/cutyr.png	544	308
graphics/system/fade/cutz.png	544	306
graphics/system/fade/default.png	256	16
graphics/system/fade/down.png	16	256
graphics/system/fade/kanon_r.png	512	288
graphics/system/fade/left.png	256	16
graphics/system/fade/m1.png	256	360
graphics/system/fade/right.png	256	16
graphics/system/fade/test.png	534	308
graphics/system/fade/test2.png	534	308
graphics/system/fade/up.png	16	256
graphics/system/fade/x.png	512	1080
graphics/system/logo/07th.png	1920	1080
graphics/system/logo/alchemist.png	1920	1080
graphics/system/logo/cinema_logo.png	960	280
graphics/system/logo/cinema_logo2.png	960	280
graphics/system/logo/cinema_logo2_en.png	960	280
graphics/system/logo/cinema_logo_en.png	960	280
graphics/system/num/0.png	146	135
graphics/system/num/1.png	146	135
graphics/system/num/2.png	146	135
graphics/system/num/3.png	146	135
graphics/system/num/4.png	146	135
graphics/system/num/5.png	146	135
graphics/system/num/6.png	146	135
graphics/system/num/7.png	146	135
graphics/system/num/8.png	146	135
graphics/system/num/9.png	146	135
graphics/system/rain/drop.png	10	165
graphics/system/rain/orb.png	54	54
graphics/system/skip.png	73	67
graphics/system/wnd/cursor0.png	400	40
graphics/system/wnd/cursor1.png	400	40
graphics/system/wnd/msgwnd2.png	1648	288
graphics/system/wnd/msgwnd3.png	1648	288
graphics/system/wnd/msgwnd4.png	1648	288
graphics/system/wnd/msgwnd_en.png	1648	288
graphics/system/wnd/msgwnd_ep5_en.png	1648	288
graphics/system/wnd/msgwnd_ep5_ru.png	1648	288
graphics/system/wnd/msgwnd_jp.png	1648	288
graphics/system/wnd/msgwnd_ru.png	1648	288
graphics/system/wnd/uoffcur.png	90	39
graphics/system/wnd/uoncur.png	90	39
graphics/thumb/00_c0101_a.png	800	225
graphics/thumb/00_c0201_a.png	800	225
graphics/thumb/00_c0202_a.png	800	225
graphics/thumb/00_c0301.png	800	225
graphics/thumb/00_c0302_a.png	800	225
graphics/thumb/00_c0303.png	800	225
graphics/thumb/00_c0406.png	800	225
graphics/thumb/00_e0104_a.png	800	225
graphics/thumb/00_e0201.png	800	225
graphics/thumb/00_e0404.png	800	225
graphics/thumb/00_e0903_a.png	800	225
graphics/thumb/00_e0904_a.png	800	225
graphics/thumb/01_e0301_a.png	800	225
graphics/thumb/01_e0301_b.png	800	225
graphics/thumb/01_e0301_c.png	800	225
graphics/thumb/01_e0401_a.png	800	225
graphics/thumb/01_e0401_b.png	800	225
graphics/thumb/01_e0405.png	800	225
graphics/thumb/01_e0406.png	800	225
graphics/thumb/01_e0407.png	800	225
graphics/thumb/01_e0901_a.png	800	225
graphics/thumb/01_e0901_c.png	800	225
graphics/thumb/01_e0902.png	800	225
graphics/thumb/01_no55_00059.png	800	225
graphics/thumb/02_g0101.png	800	225
graphics/thumb/02_g0102.png	800	225
graphics/thumb/02_g0103.png	800	225
graphics/thumb/02_g0201.png	800	225
graphics/thumb/02_g0202.png	800	225
graphics/thumb/02_g0203_a.png	800	225
graphics/thumb/02_g0301.png	800	225
graphics/thumb/02_g0302.png	800	225
graphics/thumb/02_g0401.png	800	225
graphics/thumb/02_no01_00119.png	800	225
graphics/thumb/02_no60_00179.png	800	225
graphics/thumb/02_no64_00000.png	800	225
graphics/thumb/03_cg_c0203_la.png	800	225
graphics/thumb/03_cg_c0204_a.png	800	225
graphics/thumb/03_cg_c0205_a.png	800	225
graphics/thumb/03_cg_c0401_la.png	800	225
graphics/thumb/03_cg_c0402_la.png	800	225
graphics/thumb/03_cg_c0403_a.png	800	225
graphics/thumb/03_cg_c0404_a.png	800	225
graphics/thumb/03_cg_c0901_a.png	800	225
graphics/thumb/03_cg_c0902_a.png	800	225
graphics/thumb/03_g0402.png	800	225
graphics/thumb/03_g0403.png	800	225
graphics/thumb/03_g0404.png	800	225
graphics/thumb/04_cg_e0101_a.png	800	225
graphics/thumb/04_cg_e0102_a.png	800	225
graphics/thumb/04_cg_e0103_a.png	800	225
graphics/thumb/04_cg_e0305_la.png	800	225
graphics/thumb/04_cg_e0406_t.png	800	225
graphics/thumb/04_cg_e0903_a.png	800	225
graphics/thumb/04_congra_t.png	800	225
graphics/thumb/04_package01.png	800	225
graphics/thumb/04_portrait_ep1.png	800	225
graphics/thumb/04_portrait_ep2.png	800	225
graphics/thumb/04_portrait_ep3.png	800	225
graphics/thumb/04_portrait_ep4.png	800	225
graphics/thumb/chiru/bac_ba2n.png	800	225
graphics/thumb/chiru/bec_a.png	800	225
graphics/thumb/chiru/brc_cg.png	800	225
graphics/thumb/chiru/c0201.png	800	225
graphics/thumb/chiru/dlc_a1.png	800	225
graphics/thumb/chiru/e0104.png	800	225
graphics/thumb/chiru/enc_a1.png	800	225
graphics/thumb/chiru/ep501.png	800	225
graphics/thumb/chiru/ep502.png	800	225
graphics/thumb/chiru/ep503.png	800	225
graphics/thumb/chiru/ep504.png	800	225
graphics/thumb/chiru/ep505.png	800	225
graphics/thumb/chiru/ep601.png	800	225
graphics/thumb/chiru/ep602.png	800	225
graphics/thumb/chiru/ep603.png	800	225
graphics/thumb/chiru/ep604.png	800	225
graphics/thumb/chiru/ep605.png	800	225
graphics/thumb/chiru/ep606.png	800	225
graphics/thumb/chiru/ep607.png	800	225
graphics/thumb/chiru/ep701.png	800	225
graphics/thumb/chiru/ep702.png	800	225
graphics/thumb/chiru/ep703.png	800	225
graphics/thumb/chiru/ep704.png	800	225
graphics/thumb/chiru/ep705.png	800	225
graphics/thumb/chiru/ep801.png	800	225
graphics/thumb/chiru/ep802.png	800	225
graphics/thumb/chiru/ep803.png	800	225
graphics/thumb/chiru/ep805.png	800	225
graphics/thumb/chiru/ep806.png	800	225
graphics/thumb/chiru/ep807.png	800	225
graphics/thumb/chiru/ep808.png	800	225
graphics/thumb/chiru/ep809.png	800	225
graphics/thumb/chiru/ep810.png	800	225
graphics/thumb/chiru/ep811.png	800	225
graphics/thumb/chiru/ep812_c.png	800	225
graphics/thumb/chiru/ep814.png	800	225
graphics/thumb/chiru/ep815_1.png	800	225
graphics/thumb/chiru/ep815_2.png	800	225
graphics/thumb/chiru/ep816.png	800	225
graphics/thumb/chiru/ep817.png	800	225
graphics/thumb/chiru/ep818.png	800	225
graphics/thumb/chiru/erc_ba.png	800	225
graphics/thumb/chiru/evc_c.png	800	225
graphics/thumb/chiru/eve_last.png	800	225
graphics/thumb/chiru/ex1.png	800	225
graphics/thumb/chiru/fec_a.png	800	225
graphics/thumb/chiru/lac_a1.png	800	225
graphics/thumb/chiru/package03.png	800	225
graphics/thumb/chiru/package04.png	800	225
graphics/thumb/chiru/portrait_ep5.png	800	225
graphics/thumb/chiru/portrait_ep6.png	800	225
graphics/thumb/chiru/portrait_ep7.png	800	225
graphics/thumb/chiru/portrait_ep8.png	800	225
graphics/thumb/chiru/wic_c.png	800	225
graphics/thumb/chiru/wrc_a.png	800	225
graphics/trailer/circle.png	1920	1080
graphics/trophy/trop000.png	240	240
graphics/trophy/trop001.png	240	240
graphics/trophy/trop002.png	240	240
graphics/trophy/trop003.png	240	240
graphics/trophy/trop004.png	240	240
graphics/trophy/trop005.png	240	240
graphics/trophy/trop006.png	240	240
graphics/trophy/trop007.png	240	240
graphics/trophy/trop008.png	240	240
graphics/trophy/trop009.png	240	240
graphics/trophy/trop010.png	240	240
graphics/trophy/trop011.png	240	240
graphics/trophy/trop012.png	240	240
graphics/trophy/trop013.png	240	240
graphics/trophy/trop014.png	240	240
graphics/trophy/trop015.png	240	240
graphics/trophy/trop016.png	240	240
graphics/trophy/trop017.png	240	240
graphics/trophy/trop018.png	240	240
graphics/trophy/trop019.png	240	240
graphics/trophy/trop020.png	240	240
graphics/trophy/trop021.png	240	240
graphics/trophy/trop022.png	240	240
graphics/trophy/trop023.png	240	240
graphics/trophy/trop024.png	240	240
graphics/trophy/trop025.png	240	240
graphics/trophy/trop026.png	240	240
graphics/trophy/trop027.png	240	240
graphics/trophy_chiru/trop000.png	240	240
graphics/trophy_chiru/trop001.png	240	240
graphics/trophy_chiru/trop002.png	240	240
graphics/trophy_chiru/trop003.png	240	240
graphics/trophy_chiru/trop004.png	240	240
graphics/trophy_chiru/trop005.png	240	240
graphics/trophy_chiru/trop006.png	240	240
graphics/trophy_chiru/trop007.png	240	240
graphics/trophy_chiru/trop008.png	240	240
graphics/trophy_chiru/trop009.png	240	240
graphics/trophy_chiru/trop010.png	240	240
graphics/trophy_chiru/trop011.png	240	240
graphics/trophy_chiru/trop012.png	240	240
graphics/trophy_chiru/trop013.png	240	240
graphics/trophy_chiru/trop014.png	240	240
graphics/trophy_chiru/trop015.png	240	240
graphics/trophy_chiru/trop016.png	240	240
graphics/trophy_chiru/trop017.png	240	240
graphics/trophy_chiru/trop018.png	240	240
graphics/trophy_chiru/trop019.png	240	240
graphics/trophy_chiru/trop020.png	240	240
graphics/trophy_chiru/trop021.png	240	240
graphics/trophy_chiru/trop022.png	240	240
graphics/trophy_chiru/trop023.png	240	240
graphics/trophy_chiru/trop024.png	240	240
graphics/trophy_chiru/trop025.png	240	240
graphics/trophy_chiru/trop026.png	240	240
graphics/trophy_chiru/trop027.png	240	240
graphics/trophy_chiru/trop028.png	240	240
graphics/trophy_chiru/trop029.png	240	240
graphics/trophy_chiru/trop030.png	240	240
graphics/trophy_chiru/trop031.png	240	240
graphics/trophy_chiru/trop032.png	240	240
graphics/trophy_chiru/trop033.png	240	240
graphics/trophy_chiru/trop034.png	240	240
graphics/trophy_chiru/trop035.png	240	240
graphics/trophy_chiru/trop036.png	240	240
graphics/trophy_chiru/trop037.png	240	240
graphics/trophy_chiru/trop038.png	240	240
graphics/trophy_chiru/trop039.png	240	240
graphics/trophy_chiru/trop040.png	240	240
graphics/trophy_chiru/trop041.png	240	240
graphics/trophy_chiru/trop042.png	240	240
graphics/trophy_chiru/trop043.png	240	240
graphics/trophy_chiru/trop044.png	240	240
graphics/trophy_chiru/trop045.png	240	240
graphics/trophy_chiru/trop046.png	240	240
sprites/ama/1/ama_a11_akuwarai1.png	888	1221
sprites/ama/1/ama_a11_defo1.png	888	1221
sprites/ama/1/ama_a11_defo2.png	888	1221
sprites/ama/1/ama_a11_majime1.png	888	1221
sprites/ama/1/ama_a12_akuwarai1.png	977	1221
sprites/ama/1/ama_a12_defo1.png	977	1221
sprites/ama/1/ama_a12_defo2.png	977	1221
sprites/ama/1/ama_a12_majime1.png	977	1221
sprites/ama/1/ama_a14_akuwarai1.png	974	1221
sprites/ama/1/ama_a14_defo1.png	974	1221
sprites/ama/1/ama_a14_defo2.png	974	1221
sprites/ama/1/ama_a14_majime1.png	974	1221
sprites/ama/1/ama_a21_defo1.png	888	1210
sprites/ama/1/ama_a22_defo1.png	977	1210
sprites/ama/1/ama_a25_akuwarai1.png	956	1210
sprites/ama/1/ama_a25_defo1.png	956	1210
sprites/ama/1/ama_a25_defo2.png	956	1210
sprites/ama/1/ama_a25_majime1.png	956	1210
sprites/ama/1/ama_a25_yareyare1.png	956	1210
sprites/ama/2/ama_a11_akuwarai1.png	468	120
sprites/ama/2/ama_a11_defo1.png	472	113
sprites/ama/2/ama_a11_defo2.png	456	106
sprites/ama/2/ama_a11_majime1.png	408	103
sprites/ama/2/ama_a12_akuwarai1.png	468	120
sprites/ama/2/ama_a12_defo1.png	472	113
sprites/ama/2/ama_a12_defo2.png	456	106
sprites/ama/2/ama_a12_majime1.png	408	103
sprites/ama/2/ama_a14_akuwarai1.png	468	120
sprites/ama/2/ama_a14_defo1.png	472	113
sprites/ama/2/ama_a14_defo2.png	456	106
sprites/ama/2/ama_a14_majime1.png	408	103
sprites/ama/2/ama_a21_defo1.png	352	62
sprites/ama/2/ama_a22_defo1.png	352	62
sprites/ama/2/ama_a25_akuwarai1.png	388	65
sprites/ama/2/ama_a25_defo1.png	352	62
sprites/ama/2/ama_a25_defo2.png	324	64
sprites/ama/2/ama_a25_majime1.png	328	48
sprites/ama/2/ama_a25_yareyare1.png	336	51
sprites/be2/1/be2_a15_1_arigatou.png	921	1145
sprites/be2/1/be2_a15_1_hanbeso3star.png	921	1145
sprites/be2/1/be2_a15_1_hoshin1star.png	921	1145
sprites/be2/1/be2_a15_1_hoshin2star.png	921	1145
sprites/be2/1/be2_a15_1_hoshin3star.png	921	1145
sprites/be2/1/be2_a15_1_naku1_kohen.png	921	1145
sprites/be2/1/be2_a15_nayamu1.png	921	1145
sprites/be2/1/be2_b11_1_hanbeso3star.png	950	1145
sprites/be2/1/be2_b11_1_majime3star.png	950	1145
sprites/be2/1/be2_b11_1_majime5star.png	950	1145
sprites/be2/1/be2_b11_1_majime6.png	950	1145
sprites/be2/1/be2_b11_1_nayamu3.png	950	1145
sprites/be2/1/be2_b11_1_nayamu4.png	950	1145
sprites/be2/1/be2_b11_1_odoroki3.png	950	1145
sprites/be2/1/be2_b11_1_odoroki4.png	950	1145
sprites/be2/1/be2_b11_1_odoroki5.png	950	1145
sprites/be2/1/be2_b11_1_warai1.png	950	1145
sprites/be2/1/be2_b11_1_warai6.png	950	1145
sprites/be2/1/be2_b11_1_warai8.png	950	1145
sprites/be2/1/be2_b11_akuwarai1.png	950	1145
sprites/be2/1/be2_b11_akuwarai3.png	950	1145
sprites/be2/1/be2_b11_akuwarai5.png	950	1145
sprites/be2/1/be2_b11_aseru1.png	950	1145
sprites/be2/1/be2_b11_defo1.png	950	1145
sprites/be2/1/be2_b11_defo2.png	950	1145
sprites/be2/1/be2_b11_fukigen1.png	950	1145
sprites/be2/1/be2_b11_fukigen2.png	950	1145
sprites/be2/1/be2_b11_fukigen3.png	950	1145
sprites/be2/1/be2_b11_fuman1.png	950	1145
sprites/be2/1/be2_b11_fuman2.png	950	1145
sprites/be2/1/be2_b11_fuman3.png	950	1145
sprites/be2/1/be2_b11_futeki1.png	950	1145
sprites/be2/1/be2_b11_futeki2.png	950	1145
sprites/be2/1/be2_b11_iiwake3.png	950	1145
sprites/be2/1/be2_b11_komaru1.png	950	1145
sprites/be2/1/be2_b11_komaru2.png	950	1145
sprites/be2/1/be2_b11_komaru3.png	950	1145
sprites/be2/1/be2_b11_komaru4.png	950	1145
sprites/be2/1/be2_b11_majime1.png	950	1145
sprites/be2/1/be2_b11_majime2.png	950	1145
sprites/be2/1/be2_b11_majime4.png	950	1145
sprites/be2/1/be2_b11_nayamu1.png	950	1145
sprites/be2/1/be2_b11_odoroki1.png	950	1145
sprites/be2/1/be2_b11_warai2.png	950	1145
sprites/be2/1/be2_b11_warai4.png	950	1145
sprites/be2/2/be2_a15_1_arigatou.png	188	37
sprites/be2/2/be2_a15_1_hanbeso3star.png	180	36
sprites/be2/2/be2_a15_1_hoshin1star.png	152	25
sprites/be2/2/be2_a15_1_hoshin2star.png	136	29
sprites/be2/2/be2_a15_1_hoshin3star.png	132	26
sprites/be2/2/be2_a15_1_naku1_kohen.png	492	49
sprites/be2/2/be2_a15_nayamu1.png	312	37
sprites/be2/2/be2_b11_1_hanbeso3star.png	232	37
sprites/be2/2/be2_b11_1_majime3star.png	244	35
sprites/be2/2/be2_b11_1_majime5star.png	252	49
sprites/be2/2/be2_b11_1_majime6.png	240	40
sprites/be2/2/be2_b11_1_nayamu3.png	232	37
sprites/be2/2/be2_b11_1_nayamu4.png	212	37
sprites/be2/2/be2_b11_1_odoroki3.png	236	53
sprites/be2/2/be2_b11_1_odoroki4.png	236	38
sprites/be2/2/be2_b11_1_odoroki5.png	220	36
sprites/be2/2/be2_b11_1_warai1.png	656	136
sprites/be2/2/be2_b11_1_warai6.png	276	39
sprites/be2/2/be2_b11_1_warai8.png	268	38
sprites/be2/2/be2_b11_akuwarai1.png	420	50
sprites/be2/2/be2_b11_akuwarai3.png	436	83
sprites/be2/2/be2_b11_akuwarai5.png	528	95
sprites/be2/2/be2_b11_aseru1.png	548	111
sprites/be2/2/be2_b11_defo1.png	352	57
sprites/be2/2/be2_b11_defo2.png	424	56
sprites/be2/2/be2_b11_fukigen1.png	588	116
sprites/be2/2/be2_b11_fukigen2.png	284	45
sprites/be2/2/be2_b11_fukigen3.png	304	48
sprites/be2/2/be2_b11_fuman1.png	328	36
sprites/be2/2/be2_b11_fuman2.png	332	48
sprites/be2/2/be2_b11_fuman3.png	316	42
sprites/be2/2/be2_b11_futeki1.png	588	116
sprites/be2/2/be2_b11_futeki2.png	592	117
sprites/be2/2/be2_b11_iiwake3.png	520	63
sprites/be2/2/be2_b11_komaru1.png	552	114
sprites/be2/2/be2_b11_komaru2.png	324	45
sprites/be2/2/be2_b11_komaru3.png	524	59
sprites/be2/2/be2_b11_komaru4.png	324	41
sprites/be2/2/be2_b11_majime1.png	340	38
sprites/be2/2/be2_b11_majime2.png	548	112
sprites/be2/2/be2_b11_majime4.png	516	55
sprites/be2/2/be2_b11_nayamu1.png	312	37
sprites/be2/2/be2_b11_odoroki1.png	592	115
sprites/be2/2/be2_b11_warai2.png	524	70
sprites/be2/2/be2_b11_warai4.png	548	115
sprites/be3/1/be3_b11_1_aseru3.png	950	1145
sprites/be3/1/be3_b11_1_ikari2star.png	950	1145
sprites/be3/1/be3_b11_1_majime3star.png	950	1145
sprites/be3/1/be3_b11_1_majime5star.png	950	1145
sprites/be3/1/be3_b11_1_majime6.png	950	1145
sprites/be3/1/be3_b11_1_warai1.png	950	1145
sprites/be3/1/be3_b11_akuwarai1.png	950	1145
sprites/be3/1/be3_b11_akuwarai2.png	950	1145
sprites/be3/1/be3_b11_akuwarai3.png	950	1145
sprites/be3/1/be3_b11_aseru1.png	950	1145
sprites/be3/1/be3_b11_defo1.png	950	1145
sprites/be3/1/be3_b11_defo2.png	950	1145
sprites/be3/1/be3_b11_fukigen2.png	950	1145
sprites/be3/1/be3_b11_fuman1.png	950	1145
sprites/be3/1/be3_b11_futeki1.png	950	1145
sprites/be3/1/be3_b11_futeki2.png	950	1145
sprites/be3/1/be3_b11_gaman2.png	950	1145
sprites/be3/1/be3_b11_gaman4.png	950	1145
sprites/be3/1/be3_b11_gaman7.png	950	1145
sprites/be3/1/be3_b11_komaru1.png	950	1145
sprites/be3/1/be3_b11_komaru3.png	950	1145
sprites/be3/1/be3_b11_komaru4.png	950	1145
sprites/be3/1/be3_b11_majime1.png	950	1145
sprites/be3/1/be3_b11_majime2.png	950	1145
sprites/be3/1/be3_b11_majime4.png	950	1145
sprites/be3/1/be3_b11_nayamu1.png	950	1145
sprites/be3/1/be3_b11_odoroki1.png	950	1145
sprites/be3/1/be3_b11_warai2.png	950	1145
sprites/be3/1/be3_b11_warai3.png	950	1145
sprites/be3/1/be3_b11_warai4.png	950	1145
sprites/be3/1/be3_b14_akuwarai3.png	1026	1145
sprites/be3/1/be3_b14_futeki1.png	1026	1145
sprites/be3/2/be3_b11_1_aseru3.png	280	46
sprites/be3/2/be3_b11_1_ikari2star.png	408	66
sprites/be3/2/be3_b11_1_majime3star.png	244	35
sprites/be3/2/be3_b11_1_majime5star.png	252	49
sprites/be3/2/be3_b11_1_majime6.png	240	40
sprites/be3/2/be3_b11_1_warai1.png	656	136
sprites/be3/2/be3_b11_akuwarai1.png	420	50
sprites/be3/2/be3_b11_akuwarai2.png	548	85
sprites/be3/2/be3_b11_akuwarai3.png	436	83
sprites/be3/2/be3_b11_aseru1.png	548	111
sprites/be3/2/be3_b11_defo1.png	352	57
sprites/be3/2/be3_b11_defo2.png	424	56
sprites/be3/2/be3_b11_fukigen2.png	284	45
sprites/be3/2/be3_b11_fuman1.png	328	36
sprites/be3/2/be3_b11_futeki1.png	588	116
sprites/be3/2/be3_b11_futeki2.png	592	117
sprites/be3/2/be3_b11_gaman2.png	612	125
sprites/be3/2/be3_b11_gaman4.png	516	58
sprites/be3/2/be3_b11_gaman7.png	512	84
sprites/be3/2/be3_b11_komaru1.png	552	114
sprites/be3/2/be3_b11_komaru3.png	524	59
sprites/be3/2/be3_b11_komaru4.png	324	41
sprites/be3/2/be3_b11_majime1.png	340	38
sprites/be3/2/be3_b11_majime2.png	548	112
sprites/be3/2/be3_b11_majime4.png	516	55
sprites/be3/2/be3_b11_nayamu1.png	312	37
sprites/be3/2/be3_b11_odoroki1.png	592	115
sprites/be3/2/be3_b11_warai2.png	524	70
sprites/be3/2/be3_b11_warai3.png	500	65
sprites/be3/2/be3_b11_warai4.png	548	115
sprites/be3/2/be3_b14_akuwarai3.png	436	83
sprites/be3/2/be3_b14_futeki1.png	588	116
sprites/bea/1/bea_a11_1_aseru2.png	1070	1161
sprites/bea/1/bea_a11_1_aseru3.png	1070	1161
sprites/bea/1/bea_a11_1_aseru4.png	1070	1161
sprites/bea/1/bea_a11_1_hoshin1star.png	1070	1161
sprites/bea/1/bea_a11_1_hoshin2star.png	1070	1161
sprites/bea/1/bea_a11_1_hoshin3star.png	1070	1161
sprites/bea/1/bea_a11_1_ikari2star.png	1070	1161
sprites/bea/1/bea_a11_1_majime3star.png	1070	1161
sprites/bea/1/bea_a11_1_majime5star.png	1070	1161
sprites/bea/1/bea_a11_1_majime6.png	1070	1161
sprites/bea/1/bea_a11_1_naku1_kohen.png	1070	1161
sprites/bea/1/bea_a11_1_naku2_kohen.png	1070	1161
sprites/bea/1/bea_a11_1_naku3.png	1070	1161
sprites/bea/1/bea_a11_1_nayamu3.png	1070	1161
sprites/bea/1/bea_a11_1_nayamu4.png	1070	1161
sprites/bea/1/bea_a11_1_odoroki3.png	1070	1161
sprites/bea/1/bea_a11_1_odoroki4.png	1070	1161
sprites/bea/1/bea_a11_1_odoroki5.png	1070	1161
sprites/bea/1/bea_a11_1_warai1.png	1070	1161
sprites/bea/1/bea_a11_1_warai6.png	1070	1161
sprites/bea/1/bea_a11_1_warai7.png	1070	1161
sprites/bea/1/bea_a11_1_warai8.png	1070	1161
sprites/bea/1/bea_a11_akuwarai1.png	1070	1161
sprites/bea/1/bea_a11_akuwarai2.png	1070	1161
sprites/bea/1/bea_a11_akuwarai3.png	1070	1161
sprites/bea/1/bea_a11_akuwarai4.png	1070	1161
sprites/bea/1/bea_a11_akuwarai5.png	1070	1161
sprites/bea/1/bea_a11_aseru1.png	1070	1161
sprites/bea/1/bea_a11_defo1.png	1070	1161
sprites/bea/1/bea_a11_defo2.png	1070	1161
sprites/bea/1/bea_a11_fukigen1.png	1070	1161
sprites/bea/1/bea_a11_fukigen2.png	1070	1161
sprites/bea/1/bea_a11_fukigen3.png	1070	1161
sprites/bea/1/bea_a11_fuman1.png	1070	1161
sprites/bea/1/bea_a11_fuman2.png	1070	1161
sprites/bea/1/bea_a11_fuman3.png	1070	1161
sprites/bea/1/bea_a11_futeki1.png	1070	1161
sprites/bea/1/bea_a11_futeki2.png	1070	1161
sprites/bea/1/bea_a11_gaman1.png	1070	1161
sprites/bea/1/bea_a11_gaman2.png	1070	1161
sprites/bea/1/bea_a11_gaman3.png	1070	1161
sprites/bea/1/bea_a11_gaman4.png	1070	1161
sprites/bea/1/bea_a11_gaman5.png	1070	1161
sprites/bea/1/bea_a11_gaman6.png	1070	1161
sprites/bea/1/bea_a11_gaman7.png	1070	1161
sprites/bea/1/bea_a11_hanbeso1.png	1070	1161
sprites/bea/1/bea_a11_hanbeso2.png	1070	1161
sprites/bea/1/bea_a11_hanbeso5.png	1070	1161
sprites/bea/1/bea_a11_hanbeso6.png	1070	1161
sprites/bea/1/bea_a11_iiwake1.png	1070	1161
sprites/bea/1/bea_a11_iiwake2.png	1070	1161
sprites/bea/1/bea_a11_iiwake3.png	1070	1161
sprites/bea/1/bea_a11_ikari1.png	1070	1161
sprites/bea/1/bea_a11_komaru1.png	1070	1161
sprites/bea/1/bea_a11_komaru2.png	1070	1161
sprites/bea/1/bea_a11_komaru3.png	1070	1161
sprites/bea/1/bea_a11_komaru4.png	1070	1161
sprites/bea/1/bea_a11_majime1.png	1070	1161
sprites/bea/1/bea_a11_majime2.png	1070	1161
sprites/bea/1/bea_a11_majime4.png	1070	1161
sprites/bea/1/bea_a11_naku1.png	1070	1161
sprites/bea/1/bea_a11_nayamu1.png	1070	1161
sprites/bea/1/bea_a11_nayamu2.png	1070	1161
sprites/bea/1/bea_a11_odoroki1.png	1070	1161
sprites/bea/1/bea_a11_odoroki2.png	1070	1161
sprites/bea/1/bea_a11_warai2.png	1070	1161
sprites/bea/1/bea_a11_warai3.png	1070	1161
sprites/bea/1/bea_a11_warai4.png	1070	1161
sprites/bea/1/bea_a12_1_aseru3.png	933	1161
sprites/bea/1/bea_a12_1_aseru4.png	933	1161
sprites/bea/1/bea_a12_1_naku1_kohen.png	933	1161
sprites/bea/1/bea_a12_1_naku2_kohen.png	933	1161
sprites/bea/1/bea_a12_1_naku3.png	933	1161
sprites/bea/1/bea_a12_1_nayamu4.png	933	1161
sprites/bea/1/bea_a12_1_warai7.png	933	1161
sprites/bea/1/bea_a12_1_warai8.png	933	1161
sprites/bea/1/bea_a12_akuwarai1.png	933	1161
sprites/bea/1/bea_a12_aseru1.png	933	1161
sprites/bea/1/bea_a12_defo1.png	933	1161
sprites/bea/1/bea_a12_defo2.png	933	1161
sprites/bea/1/bea_a12_fukigen1.png	933	1161
sprites/bea/1/bea_a12_fukigen2.png	933	1161
sprites/bea/1/bea_a12_fuman1.png	933	1161
sprites/bea/1/bea_a12_fuman2.png	933	1161
sprites/bea/1/bea_a12_fuman3.png	933	1161
sprites/bea/1/bea_a12_futeki1.png	933	1161
sprites/bea/1/bea_a12_gaman1.png	933	1161
sprites/bea/1/bea_a12_gaman2.png	933	1161
sprites/bea/1/bea_a12_gaman3.png	933	1161
sprites/bea/1/bea_a12_gaman4.png	933	1161
sprites/bea/1/bea_a12_gaman5.png	933	1161
sprites/bea/1/bea_a12_gaman6.png	933	1161
sprites/bea/1/bea_a12_gaman7.png	933	1161
sprites/bea/1/bea_a12_hanbeso1.png	933	1161
sprites/bea/1/bea_a12_hanbeso2.png	933	1161
sprites/bea/1/bea_a12_hanbeso5.png	933	1161
sprites/bea/1/bea_a12_hanbeso6.png	933	1161
sprites/bea/1/bea_a12_iiwake1.png	933	1161
sprites/bea/1/bea_a12_iiwake2.png	933	1161
sprites/bea/1/bea_a12_iiwake3.png	933	1161
sprites/bea/1/bea_a12_komaru1.png	933	1161
sprites/bea/1/bea_a12_komaru3.png	933	1161
sprites/bea/1/bea_a12_komaru4.png	933	1161
sprites/bea/1/bea_a12_majime1.png	933	1161
sprites/bea/1/bea_a12_nayamu1.png	933	1161
sprites/bea/1/bea_a12_nayamu2.png	933	1161
sprites/bea/1/bea_a12_odoroki1.png	933	1161
sprites/bea/1/bea_a12_odoroki2.png	933	1161
sprites/bea/1/bea_a12_warai2.png	933	1161
sprites/bea/1/bea_a13_1_majime3star.png	907	1161
sprites/bea/1/bea_a13_1_majime5star.png	907	1161
sprites/bea/1/bea_a13_1_majime6.png	907	1161
sprites/bea/1/bea_a13_1_warai1.png	907	1161
sprites/bea/1/bea_a13_1_warai5.png	907	1161
sprites/bea/1/bea_a13_1_warai6.png	907	1161
sprites/bea/1/bea_a13_1_warai8.png	907	1161
sprites/bea/1/bea_a13_akuwarai1.png	907	1161
sprites/bea/1/bea_a13_akuwarai3.png	907	1161
sprites/bea/1/bea_a13_aseru1.png	907	1161
sprites/bea/1/bea_a13_defo1.png	907	1161
sprites/bea/1/bea_a13_defo2.png	907	1161
sprites/bea/1/bea_a13_fukigen1.png	907	1161
sprites/bea/1/bea_a13_fukigen2.png	907	1161
sprites/bea/1/bea_a13_fukigen3.png	907	1161
sprites/bea/1/bea_a13_futeki1.png	907	1161
sprites/bea/1/bea_a13_futeki2.png	907	1161
sprites/bea/1/bea_a13_gaman1.png	907	1161
sprites/bea/1/bea_a13_gaman2.png	907	1161
sprites/bea/1/bea_a13_gaman3.png	907	1161
sprites/bea/1/bea_a13_gaman4.png	907	1161
sprites/bea/1/bea_a13_iiwake1.png	907	1161
sprites/bea/1/bea_a13_iiwake3.png	907	1161
sprites/bea/1/bea_a13_komaru1.png	907	1161
sprites/bea/1/bea_a13_komaru3.png	907	1161
sprites/bea/1/bea_a13_komaru4.png	907	1161
sprites/bea/1/bea_a13_majime1.png	907	1161
sprites/bea/1/bea_a13_majime2.png	907	1161
sprites/bea/1/bea_a13_nayamu1.png	907	1161
sprites/bea/1/bea_a13_odoroki1.png	907	1161
sprites/bea/1/bea_a13_warai2.png	907	1161
sprites/bea/1/bea_a13_warai3.png	907	1161
sprites/bea/1/bea_a13_warai4.png	907	1161
sprites/bea/1/bea_a14_1_warai1.png	1715	1161
sprites/bea/1/bea_a14_akuwarai1.png	1715	1161
sprites/bea/1/bea_a14_akuwarai2.png	1715	1161
sprites/bea/1/bea_a14_akuwarai3.png	1715	1161
sprites/bea/1/bea_a14_akuwarai4.png	1715	1161
sprites/bea/1/bea_a14_aseru1.png	1715	1161
sprites/bea/1/bea_a14_defo1.png	1715	1161
sprites/bea/1/bea_a14_defo2.png	1715	1161
sprites/bea/1/bea_a14_futeki1.png	1715	1161
sprites/bea/1/bea_a14_futeki2.png	1715	1161
sprites/bea/1/bea_a14_komaru1.png	1715	1161
sprites/bea/1/bea_a14_komaru3.png	1715	1161
sprites/bea/1/bea_a14_komaru4.png	1715	1161
sprites/bea/1/bea_a14_majime2.png	1715	1161
sprites/bea/1/bea_a14_nayamu1.png	1715	1161
sprites/bea/1/bea_a14_warai2.png	1715	1161
sprites/bea/1/bea_a15_1_arigatou.png	921	1161
sprites/bea/1/bea_a15_1_aseru2.png	921	1161
sprites/bea/1/bea_a15_1_aseru3.png	921	1161
sprites/bea/1/bea_a15_1_aseru4.png	921	1161
sprites/bea/1/bea_a15_1_defo3.png	921	1161
sprites/bea/1/bea_a15_1_hajirai1.png	921	1161
sprites/bea/1/bea_a15_1_hajirai2.png	921	1161
sprites/bea/1/bea_a15_1_hajirai3.png	921	1161
sprites/bea/1/bea_a15_1_hanbeso3star.png	921	1161
sprites/bea/1/bea_a15_1_hanbeso4star.png	921	1161
sprites/bea/1/bea_a15_1_hoshin1star.png	921	1161
sprites/bea/1/bea_a15_1_majime3star.png	921	1161
sprites/bea/1/bea_a15_1_majime7.png	921	1161
sprites/bea/1/bea_a15_1_naku1_kohen.png	921	1161
sprites/bea/1/bea_a15_1_naku2_kohen.png	921	1161
sprites/bea/1/bea_a15_1_nayamu3.png	921	1161
sprites/bea/1/bea_a15_1_nayamu4.png	921	1161
sprites/bea/1/bea_a15_1_odoroki3.png	921	1161
sprites/bea/1/bea_a15_1_odoroki4.png	921	1161
sprites/bea/1/bea_a15_1_odoroki5.png	921	1161
sprites/bea/1/bea_a15_1_warai1.png	921	1161
sprites/bea/1/bea_a15_1_warai5.png	921	1161
sprites/bea/1/bea_a15_1_warai6.png	921	1161
sprites/bea/1/bea_a15_1_warai7.png	921	1161
sprites/bea/1/bea_a15_1_warai8.png	921	1161
sprites/bea/1/bea_a15_akuwarai1.png	921	1161
sprites/bea/1/bea_a15_aseru1.png	921	1161
sprites/bea/1/bea_a15_defo1.png	921	1161
sprites/bea/1/bea_a15_defo2.png	921	1161
sprites/bea/1/bea_a15_fukigen3.png	921	1161
sprites/bea/1/bea_a15_fuman2.png	921	1161
sprites/bea/1/bea_a15_fuman3.png	921	1161
sprites/bea/1/bea_a15_futeki1.png	921	1161
sprites/bea/1/bea_a15_gaman1.png	921	1161
sprites/bea/1/bea_a15_gaman7.png	921	1161
sprites/bea/1/bea_a15_hanbeso1.png	921	1161
sprites/bea/1/bea_a15_hanbeso6.png	921	1161
sprites/bea/1/bea_a15_iiwake2.png	921	1161
sprites/bea/1/bea_a15_komaru1.png	921	1161
sprites/bea/1/bea_a15_komaru2.png	921	1161
sprites/bea/1/bea_a15_komaru3.png	921	1161
sprites/bea/1/bea_a15_komaru4.png	921	1161
sprites/bea/1/bea_a15_majime1.png	921	1161
sprites/bea/1/bea_a15_majime2.png	921	1161
sprites/bea/1/bea_a15_majime4.png	921	1161
sprites/bea/1/bea_a15_nayamu1.png	921	1161
sprites/bea/1/bea_a15_odoroki2.png	921	1161
sprites/bea/1/bea_a15_warai2.png	921	1161
sprites/bea/1/bea_a21_akuwarai2.png	1070	1162
sprites/bea/1/bea_a21_akuwarai4.png	1070	1162
sprites/bea/1/bea_a21_akuwarai5.png	1070	1162
sprites/bea/1/bea_a21_defo1.png	1070	1162
sprites/bea/1/bea_a21_defo2.png	1070	1162
sprites/bea/1/bea_a21_gaman1.png	1070	1162
sprites/bea/1/bea_a21_gaman3.png	1070	1162
sprites/bea/1/bea_a21_odoroki1.png	1070	1162
sprites/bea/1/bea_a23_akuwarai2.png	907	1162
sprites/bea/1/bea_a23_akuwarai4.png	907	1162
sprites/bea/1/bea_a23_akuwarai5.png	907	1162
sprites/bea/1/bea_a23_defo2.png	907	1162
sprites/bea/1/bea_a24_akuwarai2.png	1715	1162
sprites/bea/1/bea_a24_defo1.png	1715	1162
sprites/bea/1/bea_a31_akuwarai1.png	1070	1136
sprites/bea/1/bea_a31_akuwarai2.png	1070	1136
sprites/bea/1/bea_a31_akuwarai5.png	1070	1136
sprites/bea/1/bea_a31_defo1.png	1070	1136
sprites/bea/1/bea_a31_fukigen3.png	1070	1136
sprites/bea/1/bea_a31_futeki1.png	1070	1136
sprites/bea/1/bea_a31_gaman4.png	1070	1136
sprites/bea/1/bea_a31_warai1.png	1070	1136
sprites/bea/1/bea_a32_akuwarai2.png	933	1136
sprites/bea/1/bea_a32_fukigen3.png	933	1136
sprites/bea/1/bea_a33_akuwarai1.png	907	1136
sprites/bea/1/bea_a33_akuwarai2.png	907	1136
sprites/bea/1/bea_a33_akuwarai5.png	907	1136
sprites/bea/1/bea_a33_defo1.png	907	1136
sprites/bea/1/bea_a33_fukigen3.png	907	1136
sprites/bea/1/bea_a33_futeki1.png	907	1136
sprites/bea/1/bea_a33_warai1.png	907	1136
sprites/bea/1/bea_a34_akuwarai1.png	1715	1136
sprites/bea/1/bea_a34_akuwarai2.png	1715	1136
sprites/bea/1/bea_a34_futeki1.png	1715	1136
sprites/bea/1/bea_a34_warai1.png	1715	1136
sprites/bea/1/bea_b11_1_warai1.png	950	1161
sprites/bea/1/bea_b11_1_warai8.png	950	1161
sprites/bea/1/bea_b11_akuwarai1.png	950	1161
sprites/bea/1/bea_b11_akuwarai2.png	950	1161
sprites/bea/1/bea_b11_akuwarai3.png	950	1161
sprites/bea/1/bea_b11_akuwarai4.png	950	1161
sprites/bea/1/bea_b11_akuwarai5.png	950	1161
sprites/bea/1/bea_b11_aseru1.png	950	1161
sprites/bea/1/bea_b11_defo1.png	950	1161
sprites/bea/1/bea_b11_defo2.png	950	1161
sprites/bea/1/bea_b11_fukigen1.png	950	1161
sprites/bea/1/bea_b11_fukigen2.png	950	1161
sprites/bea/1/bea_b11_fukigen3.png	950	1161
sprites/bea/1/bea_b11_fuman1.png	950	1161
sprites/bea/1/bea_b11_fuman2.png	950	1161
sprites/bea/1/bea_b11_fuman3.png	950	1161
sprites/bea/1/bea_b11_futeki1.png	950	1161
sprites/bea/1/bea_b11_futeki2.png	950	1161
sprites/bea/1/bea_b11_iiwake1.png	950	1161
sprites/bea/1/bea_b11_komaru1.png	950	1161
sprites/bea/1/bea_b11_majime1.png	950	1161
sprites/bea/1/bea_b11_majime2.png	950	1161
sprites/bea/1/bea_b11_majime4.png	950	1161
sprites/bea/1/bea_b11_nayamu1.png	950	1161
sprites/bea/1/bea_b11_nayamu2.png	950	1161
sprites/bea/1/bea_b11_odoroki1.png	950	1161
sprites/bea/1/bea_b11_warai2.png	950	1161
sprites/bea/1/bea_b11_warai3.png	950	1161
sprites/bea/1/bea_b11_warai4.png	950	1161
sprites/bea/1/bea_b12_warai2.png	1071	1161
sprites/bea/1/bea_b14_1_warai1.png	1026	1161
sprites/bea/1/bea_b14_akuwarai1.png	1026	1161
sprites/bea/1/bea_b14_akuwarai3.png	1026	1161
sprites/bea/1/bea_b14_defo1.png	1026	1161
sprites/bea/1/bea_b14_defo2.png	1026	1161
sprites/bea/1/bea_b14_futeki2.png	1026	1161
sprites/bea/1/bea_b15_1_warai1.png	929	1161
sprites/bea/1/bea_b15_akuwarai1.png	929	1161
sprites/bea/1/bea_b15_akuwarai3.png	929	1161
sprites/bea/1/bea_b15_defo1.png	929	1161
sprites/bea/1/bea_b15_futeki1.png	929	1161
sprites/bea/1/bea_b15_warai2.png	929	1161
sprites/bea/1/bea_b21_akuwarai2.png	950	1162
sprites/bea/1/bea_b21_akuwarai5.png	950	1162
sprites/bea/1/bea_b21_defo1.png	950	1162
sprites/bea/1/bea_b21_defo2.png	950	1162
sprites/bea/1/bea_b21_fuman1.png	950	1162
sprites/bea/1/bea_b22_akuwarai2.png	1071	1162
sprites/bea/1/bea_b23_akuwarai2.png	846	1162
sprites/bea/1/bea_b23_defo1.png	846	1162
sprites/bea/1/bea_b23_defo2.png	846	1162
sprites/bea/1/bea_b25_defo2.png	929	1162
sprites/bea/1/bea_b33_akuwarai1.png	846	1136
sprites/bea/1/bea_b33_akuwarai2.png	846	1136
sprites/bea/1/bea_b33_defo1.png	846	1136
sprites/bea/1/bea_b33_futeki1.png	846	1136
sprites/bea/1/bea_b33_warai1.png	846	1136
sprites/bea/1/bea_b34_akuwarai1.png	1026	1136
sprites/bea/1/bea_c11_arigatou.png	549	1161
sprites/bea/1/bea_c11_aseru1.png	549	1161
sprites/bea/1/bea_c11_aseru2.png	549	1161
sprites/bea/1/bea_c11_aseru4.png	549	1161
sprites/bea/1/bea_c11_defo1.png	549	1161
sprites/bea/1/bea_c11_defo2.png	549	1161
sprites/bea/1/bea_c11_fukigen2.png	549	1161
sprites/bea/1/bea_c11_fukigen3.png	549	1161
sprites/bea/1/bea_c11_fuman2.png	549	1161
sprites/bea/1/bea_c11_fuman3.png	549	1161
sprites/bea/1/bea_c11_gaman4.png	549	1161
sprites/bea/1/bea_c11_hanbeso3star.png	549	1161
sprites/bea/1/bea_c11_komaru3.png	549	1161
sprites/bea/1/bea_c11_komaru4.png	549	1161
sprites/bea/1/bea_c11_majime1.png	549	1161
sprites/bea/1/bea_c11_majime2.png	549	1161
sprites/bea/1/bea_c11_majime3star.png	549	1161
sprites/bea/1/bea_c11_majime4.png	549	1161
sprites/bea/1/bea_c11_majime6.png	549	1161
sprites/bea/1/bea_c11_majime7.png	549	1161
sprites/bea/1/bea_c11_nayamu1.png	549	1161
sprites/bea/1/bea_c11_nayamu3.png	549	1161
sprites/bea/1/bea_c11_nayamu4.png	549	1161
sprites/bea/1/bea_c11_odoroki3.png	549	1161
sprites/bea/1/bea_c11_odoroki4.png	549	1161
sprites/bea/1/bea_c11_odoroki5.png	549	1161
sprites/bea/1/bea_c11_warai1.png	549	1161
sprites/bea/1/bea_c11_warai3.png	549	1161
sprites/bea/1/bea_c11_warai4.png	549	1161
sprites/bea/1/bea_c11_warai5.png	549	1161
sprites/bea/1/bea_c11_warai6.png	549	1161
sprites/bea/1/bea_c11_warai7.png	549	1161
sprites/bea/1/bea_c11_warai8.png	549	1161
sprites/bea/2/bea_a11_1_aseru2.png	476	48
sprites/bea/2/bea_a11_1_aseru3.png	332	46
sprites/bea/2/bea_a11_1_aseru4.png	304	36
sprites/bea/2/bea_a11_1_hoshin1star.png	260	31
sprites/bea/2/bea_a11_1_hoshin2star.png	232	32
sprites/bea/2/bea_a11_1_hoshin3star.png	236	32
sprites/bea/2/bea_a11_1_ikari2star.png	416	66
sprites/bea/2/bea_a11_1_majime3star.png	316	35
sprites/bea/2/bea_a11_1_majime5star.png	296	49
sprites/bea/2/bea_a11_1_majime6.png	308	40
sprites/bea/2/bea_a11_1_naku1_kohen.png	492	63
sprites/bea/2/bea_a11_1_naku2_kohen.png	560	55
sprites/bea/2/bea_a11_1_naku3.png	384	55
sprites/bea/2/bea_a11_1_nayamu3.png	276	36
sprites/bea/2/bea_a11_1_nayamu4.png	276	36
sprites/bea/2/bea_a11_1_odoroki3.png	300	53
sprites/bea/2/bea_a11_1_odoroki4.png	288	37
sprites/bea/2/bea_a11_1_odoroki5.png	288	36
sprites/bea/2/bea_a11_1_warai1.png	692	135
sprites/bea/2/bea_a11_1_warai6.png	320	38
sprites/bea/2/bea_a11_1_warai7.png	292	39
sprites/bea/2/bea_a11_1_warai8.png	328	39
sprites/bea/2/bea_a11_akuwarai1.png	360	50
sprites/bea/2/bea_a11_akuwarai2.png	604	94
sprites/bea/2/bea_a11_akuwarai3.png	384	83
sprites/bea/2/bea_a11_akuwarai4.png	632	116
sprites/bea/2/bea_a11_akuwarai5.png	484	95
sprites/bea/2/bea_a11_aseru1.png	348	46
sprites/bea/2/bea_a11_defo1.png	252	57
sprites/bea/2/bea_a11_defo2.png	304	56
sprites/bea/2/bea_a11_fukigen1.png	412	60
sprites/bea/2/bea_a11_fukigen2.png	172	45
sprites/bea/2/bea_a11_fukigen3.png	168	48
sprites/bea/2/bea_a11_fuman1.png	252	36
sprites/bea/2/bea_a11_fuman2.png	240	48
sprites/bea/2/bea_a11_fuman3.png	188	42
sprites/bea/2/bea_a11_futeki1.png	316	65
sprites/bea/2/bea_a11_futeki2.png	348	65
sprites/bea/2/bea_a11_gaman1.png	400	78
sprites/bea/2/bea_a11_gaman2.png	364	66
sprites/bea/2/bea_a11_gaman3.png	432	73
sprites/bea/2/bea_a11_gaman4.png	324	58
sprites/bea/2/bea_a11_gaman5.png	648	125
sprites/bea/2/bea_a11_gaman6.png	520	87
sprites/bea/2/bea_a11_gaman7.png	468	84
sprites/bea/2/bea_a11_hanbeso1.png	220	40
sprites/bea/2/bea_a11_hanbeso2.png	468	81
sprites/bea/2/bea_a11_hanbeso5.png	356	81
sprites/bea/2/bea_a11_hanbeso6.png	392	92
sprites/bea/2/bea_a11_iiwake1.png	320	42
sprites/bea/2/bea_a11_iiwake2.png	416	47
sprites/bea/2/bea_a11_iiwake3.png	344	53
sprites/bea/2/bea_a11_ikari1.png	432	91
sprites/bea/2/bea_a11_komaru1.png	296	45
sprites/bea/2/bea_a11_komaru2.png	192	45
sprites/bea/2/bea_a11_komaru3.png	276	47
sprites/bea/2/bea_a11_komaru4.png	228	41
sprites/bea/2/bea_a11_majime1.png	240	38
sprites/bea/2/bea_a11_majime2.png	276	64
sprites/bea/2/bea_a11_majime4.png	236	41
sprites/bea/2/bea_a11_naku1.png	716	114
sprites/bea/2/bea_a11_nayamu1.png	188	37
sprites/bea/2/bea_a11_nayamu2.png	140	48
sprites/bea/2/bea_a11_odoroki1.png	300	62
sprites/bea/2/bea_a11_odoroki2.png	264	36
sprites/bea/2/bea_a11_warai2.png	292	50
sprites/bea/2/bea_a11_warai3.png	544	78
sprites/bea/2/bea_a11_warai4.png	316	75
sprites/bea/2/bea_a12_1_aseru3.png	332	46
sprites/bea/2/bea_a12_1_aseru4.png	304	36
sprites/bea/2/bea_a12_1_naku1_kohen.png	492	63
sprites/bea/2/bea_a12_1_naku2_kohen.png	560	55
sprites/bea/2/bea_a12_1_naku3.png	384	55
sprites/bea/2/bea_a12_1_nayamu4.png	276	36
sprites/bea/2/bea_a12_1_warai7.png	292	39
sprites/bea/2/bea_a12_1_warai8.png	328	39
sprites/bea/2/bea_a12_akuwarai1.png	360	50
sprites/bea/2/bea_a12_aseru1.png	348	46
sprites/bea/2/bea_a12_defo1.png	252	57
sprites/bea/2/bea_a12_defo2.png	304	56
sprites/bea/2/bea_a12_fukigen1.png	412	60
sprites/bea/2/bea_a12_fukigen2.png	172	45
sprites/bea/2/bea_a12_fuman1.png	252	36
sprites/bea/2/bea_a12_fuman2.png	240	48
sprites/bea/2/bea_a12_fuman3.png	188	42
sprites/bea/2/bea_a12_futeki1.png	316	65
sprites/bea/2/bea_a12_gaman1.png	400	78
sprites/bea/2/bea_a12_gaman2.png	364	66
sprites/bea/2/bea_a12_gaman3.png	432	73
sprites/bea/2/bea_a12_gaman4.png	324	58
sprites/bea/2/bea_a12_gaman5.png	648	125
sprites/bea/2/bea_a12_gaman6.png	520	87
sprites/bea/2/bea_a12_gaman7.png	468	84
sprites/bea/2/bea_a12_hanbeso1.png	220	40
sprites/bea/2/bea_a12_hanbeso2.png	468	81
sprites/bea/2/bea_a12_hanbeso5.png	356	81
sprites/bea/2/bea_a12_hanbeso6.png	392	92
sprites/bea/2/bea_a12_iiwake1.png	320	42
sprites/bea/2/bea_a12_iiwake2.png	416	47
sprites/bea/2/bea_a12_iiwake3.png	344	53
sprites/bea/2/bea_a12_komaru1.png	296	45
sprites/bea/2/bea_a12_komaru3.png	276	47
sprites/bea/2/bea_a12_komaru4.png	228	41
sprites/bea/2/bea_a12_majime1.png	240	38
sprites/bea/2/bea_a12_nayamu1.png	188	37
sprites/bea/2/bea_a12_nayamu2.png	140	48
sprites/bea/2/bea_a12_odoroki1.png	300	62
sprites/bea/2/bea_a12_odoroki2.png	264	36
sprites/bea/2/bea_a12_warai2.png	292	50
sprites/bea/2/bea_a13_1_majime3star.png	316	35
sprites/bea/2/bea_a13_1_majime5star.png	296	49
sprites/bea/2/bea_a13_1_majime6.png	308	40
sprites/bea/2/bea_a13_1_warai1.png	692	135
sprites/bea/2/bea_a13_1_warai5.png	328	38
sprites/bea/2/bea_a13_1_warai6.png	320	38
sprites/bea/2/bea_a13_1_warai8.png	328	39
sprites/bea/2/bea_a13_akuwarai1.png	360	50
sprites/bea/2/bea_a13_akuwarai3.png	384	83
sprites/bea/2/bea_a13_aseru1.png	348	46
sprites/bea/2/bea_a13_defo1.png	252	57
sprites/bea/2/bea_a13_defo2.png	304	56
sprites/bea/2/bea_a13_fukigen1.png	412	60
sprites/bea/2/bea_a13_fukigen2.png	172	45
sprites/bea/2/bea_a13_fukigen3.png	168	48
sprites/bea/2/bea_a13_futeki1.png	316	65
sprites/bea/2/bea_a13_futeki2.png	348	65
sprites/bea/2/bea_a13_gaman1.png	400	78
sprites/bea/2/bea_a13_gaman2.png	364	66
sprites/bea/2/bea_a13_gaman3.png	432	73
sprites/bea/2/bea_a13_gaman4.png	324	58
sprites/bea/2/bea_a13_iiwake1.png	320	42
sprites/bea/2/bea_a13_iiwake3.png	344	53
sprites/bea/2/bea_a13_komaru1.png	296	45
sprites/bea/2/bea_a13_komaru3.png	276	47
sprites/bea/2/bea_a13_komaru4.png	228	41
sprites/bea/2/bea_a13_majime1.png	240	38
sprites/bea/2/bea_a13_majime2.png	276	64
sprites/bea/2/bea_a13_nayamu1.png	188	37
sprites/bea/2/bea_a13_odoroki1.png	300	62
sprites/bea/2/bea_a13_warai2.png	292	50
sprites/bea/2/bea_a13_warai3.png	544	78
sprites/bea/2/bea_a13_warai4.png	316	75
sprites/bea/2/bea_a14_1_warai1.png	692	135
sprites/bea/2/bea_a14_akuwarai1.png	360	50
sprites/bea/2/bea_a14_akuwarai2.png	604	94
sprites/bea/2/bea_a14_akuwarai3.png	384	83
sprites/bea/2/bea_a14_akuwarai4.png	632	116
sprites/bea/2/bea_a14_aseru1.png	348	46
sprites/bea/2/bea_a14_defo1.png	252	57
sprites/bea/2/bea_a14_defo2.png	304	56
sprites/bea/2/bea_a14_futeki1.png	316	65
sprites/bea/2/bea_a14_futeki2.png	348	65
sprites/bea/2/bea_a14_komaru1.png	296	45
sprites/bea/2/bea_a14_komaru3.png	276	47
sprites/bea/2/bea_a14_komaru4.png	228	41
sprites/bea/2/bea_a14_majime2.png	276	64
sprites/bea/2/bea_a14_nayamu1.png	188	37
sprites/bea/2/bea_a14_warai2.png	292	50
sprites/bea/2/bea_a15_1_arigatou.png	264	37
sprites/bea/2/bea_a15_1_aseru2.png	476	48
sprites/bea/2/bea_a15_1_aseru3.png	480	54
sprites/bea/2/bea_a15_1_aseru4.png	480	51
sprites/bea/2/bea_a15_1_defo3.png	280	38
sprites/bea/2/bea_a15_1_hajirai1.png	360	43
sprites/bea/2/bea_a15_1_hajirai2.png	480	52
sprites/bea/2/bea_a15_1_hajirai3.png	456	58
sprites/bea/2/bea_a15_1_hanbeso3star.png	276	36
sprites/bea/2/bea_a15_1_hanbeso4star.png	480	51
sprites/bea/2/bea_a15_1_hoshin1star.png	260	31
sprites/bea/2/bea_a15_1_majime3star.png	480	52
sprites/bea/2/bea_a15_1_majime7.png	260	41
sprites/bea/2/bea_a15_1_naku1_kohen.png	492	63
sprites/bea/2/bea_a15_1_naku2_kohen.png	560	55
sprites/bea/2/bea_a15_1_nayamu3.png	276	36
sprites/bea/2/bea_a15_1_nayamu4.png	276	36
sprites/bea/2/bea_a15_1_odoroki3.png	480	64
sprites/bea/2/bea_a15_1_odoroki4.png	288	37
sprites/bea/2/bea_a15_1_odoroki5.png	288	36
sprites/bea/2/bea_a15_1_warai1.png	692	135
sprites/bea/2/bea_a15_1_warai5.png	328	38
sprites/bea/2/bea_a15_1_warai6.png	320	38
sprites/bea/2/bea_a15_1_warai7.png	292	39
sprites/bea/2/bea_a15_1_warai8.png	328	39
sprites/bea/2/bea_a15_akuwarai1.png	360	50
sprites/bea/2/bea_a15_aseru1.png	348	46
sprites/bea/2/bea_a15_defo1.png	252	57
sprites/bea/2/bea_a15_defo2.png	304	56
sprites/bea/2/bea_a15_fukigen3.png	168	48
sprites/bea/2/bea_a15_fuman2.png	240	48
sprites/bea/2/bea_a15_fuman3.png	188	42
sprites/bea/2/bea_a15_futeki1.png	316	65
sprites/bea/2/bea_a15_gaman1.png	400	78
sprites/bea/2/bea_a15_gaman7.png	468	84
sprites/bea/2/bea_a15_hanbeso1.png	220	40
sprites/bea/2/bea_a15_hanbeso6.png	392	92
sprites/bea/2/bea_a15_iiwake2.png	416	47
sprites/bea/2/bea_a15_komaru1.png	296	45
sprites/bea/2/bea_a15_komaru2.png	192	45
sprites/bea/2/bea_a15_komaru3.png	276	47
sprites/bea/2/bea_a15_komaru4.png	228	41
sprites/bea/2/bea_a15_majime1.png	240	38
sprites/bea/2/bea_a15_majime2.png	276	64
sprites/bea/2/bea_a15_majime4.png	236	41
sprites/bea/2/bea_a15_nayamu1.png	188	37
sprites/bea/2/bea_a15_odoroki2.png	264	36
sprites/bea/2/bea_a15_warai2.png	304	51
sprites/bea/2/bea_a21_akuwarai2.png	692	175
sprites/bea/2/bea_a21_akuwarai4.png	836	183
sprites/bea/2/bea_a21_akuwarai5.png	644	159
sprites/bea/2/bea_a21_defo1.png	508	121
sprites/bea/2/bea_a21_defo2.png	528	122
sprites/bea/2/bea_a21_gaman1.png	508	125
sprites/bea/2/bea_a21_gaman3.png	448	132
sprites/bea/2/bea_a21_odoroki1.png	528	122
sprites/bea/2/bea_a23_akuwarai2.png	540	95
sprites/bea/2/bea_a23_akuwarai4.png	620	181
sprites/bea/2/bea_a23_akuwarai5.png	644	170
sprites/bea/2/bea_a23_defo2.png	528	122
sprites/bea/2/bea_a24_akuwarai2.png	476	67
sprites/bea/2/bea_a24_defo1.png	508	121
sprites/bea/2/bea_a31_akuwarai1.png	348	79
sprites/bea/2/bea_a31_akuwarai2.png	560	120
sprites/bea/2/bea_a31_akuwarai5.png	564	163
sprites/bea/2/bea_a31_defo1.png	288	80
sprites/bea/2/bea_a31_fukigen3.png	240	82
sprites/bea/2/bea_a31_futeki1.png	380	90
sprites/bea/2/bea_a31_gaman4.png	344	78
sprites/bea/2/bea_a31_warai1.png	276	69
sprites/bea/2/bea_a32_akuwarai2.png	560	120
sprites/bea/2/bea_a32_fukigen3.png	240	82
sprites/bea/2/bea_a33_akuwarai1.png	348	79
sprites/bea/2/bea_a33_akuwarai2.png	560	120
sprites/bea/2/bea_a33_akuwarai5.png	480	129
sprites/bea/2/bea_a33_defo1.png	288	80
sprites/bea/2/bea_a33_fukigen3.png	240	82
sprites/bea/2/bea_a33_futeki1.png	380	90
sprites/bea/2/bea_a33_warai1.png	276	69
sprites/bea/2/bea_a34_akuwarai1.png	348	79
sprites/bea/2/bea_a34_akuwarai2.png	560	120
sprites/bea/2/bea_a34_futeki1.png	380	90
sprites/bea/2/bea_a34_warai1.png	276	69
sprites/bea/2/bea_b11_1_warai1.png	692	135
sprites/bea/2/bea_b11_1_warai8.png	328	39
sprites/bea/2/bea_b11_akuwarai1.png	360	50
sprites/bea/2/bea_b11_akuwarai2.png	604	94
sprites/bea/2/bea_b11_akuwarai3.png	384	83
sprites/bea/2/bea_b11_akuwarai4.png	632	127
sprites/bea/2/bea_b11_akuwarai5.png	484	95
sprites/bea/2/bea_b11_aseru1.png	348	46
sprites/bea/2/bea_b11_defo1.png	252	57
sprites/bea/2/bea_b11_defo2.png	304	56
sprites/bea/2/bea_b11_fukigen1.png	412	60
sprites/bea/2/bea_b11_fukigen2.png	172	45
sprites/bea/2/bea_b11_fukigen3.png	168	48
sprites/bea/2/bea_b11_fuman1.png	252	36
sprites/bea/2/bea_b11_fuman2.png	240	48
sprites/bea/2/bea_b11_fuman3.png	188	42
sprites/bea/2/bea_b11_futeki1.png	316	65
sprites/bea/2/bea_b11_futeki2.png	348	65
sprites/bea/2/bea_b11_iiwake1.png	320	42
sprites/bea/2/bea_b11_komaru1.png	296	45
sprites/bea/2/bea_b11_majime1.png	240	38
sprites/bea/2/bea_b11_majime2.png	276	64
sprites/bea/2/bea_b11_majime4.png	236	41
sprites/bea/2/bea_b11_nayamu1.png	188	37
sprites/bea/2/bea_b11_nayamu2.png	140	48
sprites/bea/2/bea_b11_odoroki1.png	300	62
sprites/bea/2/bea_b11_warai2.png	292	50
sprites/bea/2/bea_b11_warai3.png	544	78
sprites/bea/2/bea_b11_warai4.png	316	75
sprites/bea/2/bea_b12_warai2.png	776	140
sprites/bea/2/bea_b14_1_warai1.png	692	135
sprites/bea/2/bea_b14_akuwarai1.png	360	50
sprites/bea/2/bea_b14_akuwarai3.png	384	83
sprites/bea/2/bea_b14_defo1.png	252	57
sprites/bea/2/bea_b14_defo2.png	304	56
sprites/bea/2/bea_b14_futeki2.png	348	65
sprites/bea/2/bea_b15_1_warai1.png	692	135
sprites/bea/2/bea_b15_akuwarai1.png	360	50
sprites/bea/2/bea_b15_akuwarai3.png	384	83
sprites/bea/2/bea_b15_defo1.png	252	57
sprites/bea/2/bea_b15_futeki1.png	316	65
sprites/bea/2/bea_b15_warai2.png	292	50
sprites/bea/2/bea_b21_akuwarai2.png	476	76
sprites/bea/2/bea_b21_akuwarai5.png	644	171
sprites/bea/2/bea_b21_defo1.png	508	129
sprites/bea/2/bea_b21_defo2.png	528	132
sprites/bea/2/bea_b21_fuman1.png	412	132
sprites/bea/2/bea_b22_akuwarai2.png	512	173
sprites/bea/2/bea_b23_akuwarai2.png	512	174
sprites/bea/2/bea_b23_defo1.png	508	128
sprites/bea/2/bea_b23_defo2.png	528	140
sprites/bea/2/bea_b25_defo2.png	528	132
sprites/bea/2/bea_b33_akuwarai1.png	348	110
sprites/bea/2/bea_b33_akuwarai2.png	560	138
sprites/bea/2/bea_b33_defo1.png	336	112
sprites/bea/2/bea_b33_futeki1.png	380	113
sprites/bea/2/bea_b33_warai1.png	324	91
sprites/bea/2/bea_b34_akuwarai1.png	348	94
sprites/bea/2/bea_c11_arigatou.png	264	37
sprites/bea/2/bea_c11_aseru1.png	348	46
sprites/bea/2/bea_c11_aseru2.png	476	48
sprites/bea/2/bea_c11_aseru4.png	304	36
sprites/bea/2/bea_c11_defo1.png	252	57
sprites/bea/2/bea_c11_defo2.png	304	56
sprites/bea/2/bea_c11_fukigen2.png	172	45
sprites/bea/2/bea_c11_fukigen3.png	168	48
sprites/bea/2/bea_c11_fuman2.png	240	48
sprites/bea/2/bea_c11_fuman3.png	188	42
sprites/bea/2/bea_c11_gaman4.png	324	58
sprites/bea/2/bea_c11_hanbeso3star.png	276	36
sprites/bea/2/bea_c11_komaru3.png	276	47
sprites/bea/2/bea_c11_komaru4.png	228	41
sprites/bea/2/bea_c11_majime1.png	240	38
sprites/bea/2/bea_c11_majime2.png	276	64
sprites/bea/2/bea_c11_majime3star.png	316	35
sprites/bea/2/bea_c11_majime4.png	236	41
sprites/bea/2/bea_c11_majime6.png	308	40
sprites/bea/2/bea_c11_majime7.png	260	41
sprites/bea/2/bea_c11_nayamu1.png	188	37
sprites/bea/2/bea_c11_nayamu3.png	276	36
sprites/bea/2/bea_c11_nayamu4.png	276	36
sprites/bea/2/bea_c11_odoroki3.png	300	53
sprites/bea/2/bea_c11_odoroki4.png	288	37
sprites/bea/2/bea_c11_odoroki5.png	288	36
sprites/bea/2/bea_c11_warai1.png	692	135
sprites/bea/2/bea_c11_warai3.png	496	65
sprites/bea/2/bea_c11_warai4.png	316	75
sprites/bea/2/bea_c11_warai5.png	328	38
sprites/bea/2/bea_c11_warai6.png	320	38
sprites/bea/2/bea_c11_warai7.png	292	39
sprites/bea/2/bea_c11_warai8.png	328	39
sprites/ber/1/ber_a11_defo1.png	671	959
sprites/ber/1/ber_a11_defo2.png	671	959
sprites/ber/1/ber_a21_akuwarai1.png	729	956
sprites/ber/1/ber_a21_akuwarai2.png	729	956
sprites/ber/1/ber_a21_akuwarai3.png	729	956
sprites/ber/1/ber_a21_akuwarai4.png	729	956
sprites/ber/1/ber_a21_defo1.png	729	956
sprites/ber/1/ber_a21_defo2.png	729	956
sprites/ber/1/ber_a21_ikari1.png	729	956
sprites/ber/1/ber_a21_ikari2star.png	729	956
sprites/ber/1/ber_a21_niramu1.png	729	956
sprites/ber/1/ber_a21_odoroki1.png	729	956
sprites/ber/1/ber_a21_odoroki1ase.png	729	956
sprites/ber/1/ber_a21_odoroki2.png	729	956
sprites/ber/1/ber_a21_shian1.png	729	956
sprites/ber/1/ber_a21_warai1.png	729	956
sprites/ber/1/ber_a21_warai2.png	729	956
sprites/ber/1/ber_a21_warai3.png	729	956
sprites/ber/1/ber_a21_warai3ase.png	729	956
sprites/ber/1/ber_a21_warai4.png	729	956
sprites/ber/1/ber_a23_defo1.png	750	956
sprites/ber/1/ber_a23_warai3.png	750	956
sprites/ber/1/ber_a24_akuwarai1.png	822	956
sprites/ber/1/ber_a24_defo2.png	822	956
sprites/ber/1/ber_a24_shian1.png	822	956
sprites/ber/1/ber_a24_warai3.png	822	956
sprites/ber/1/ber_a24_warai4.png	822	956
sprites/ber/2/ber_a11_defo1.png	116	23
sprites/ber/2/ber_a11_defo2.png	140	21
sprites/ber/2/ber_a21_akuwarai1.png	380	60
sprites/ber/2/ber_a21_akuwarai2.png	236	20
sprites/ber/2/ber_a21_akuwarai3.png	280	38
sprites/ber/2/ber_a21_akuwarai4.png	256	38
sprites/ber/2/ber_a21_defo1.png	148	23
sprites/ber/2/ber_a21_defo2.png	116	20
sprites/ber/2/ber_a21_ikari1.png	212	32
sprites/ber/2/ber_a21_ikari2star.png	308	60
sprites/ber/2/ber_a21_niramu1.png	244	35
sprites/ber/2/ber_a21_odoroki1.png	200	34
sprites/ber/2/ber_a21_odoroki1ase.png	200	34
sprites/ber/2/ber_a21_odoroki2.png	152	27
sprites/ber/2/ber_a21_shian1.png	136	18
sprites/ber/2/ber_a21_warai1.png	192	24
sprites/ber/2/ber_a21_warai2.png	188	23
sprites/ber/2/ber_a21_warai3.png	224	31
sprites/ber/2/ber_a21_warai3ase.png	224	31
sprites/ber/2/ber_a21_warai4.png	224	22
sprites/ber/2/ber_a23_defo1.png	148	23
sprites/ber/2/ber_a23_warai3.png	224	31
sprites/ber/2/ber_a24_akuwarai1.png	380	60
sprites/ber/2/ber_a24_defo2.png	116	20
sprites/ber/2/ber_a24_shian1.png	136	18
sprites/ber/2/ber_a24_warai3.png	224	31
sprites/ber/2/ber_a24_warai4.png	224	22
sprites/bu3/1/bu3_b11_defo1.png	756	1227
sprites/bu3/1/bu3_b11_defo10.png	756	1227
sprites/bu3/1/bu3_b11_defo11.png	756	1227
sprites/bu3/1/bu3_b11_defo12.png	756	1227
sprites/bu3/1/bu3_b11_defo13.png	756	1227
sprites/bu3/1/bu3_b11_defo2.png	756	1227
sprites/bu3/1/bu3_b11_defo3.png	756	1227
sprites/bu3/1/bu3_b11_defo4.png	756	1227
sprites/bu3/1/bu3_b11_defo6.png	756	1227
sprites/bu3/1/bu3_b11_defo7.png	756	1227
sprites/bu3/2/bu3_b11_defo1.png	416	81
sprites/bu3/2/bu3_b11_defo10.png	432	80
sprites/bu3/2/bu3_b11_defo11.png	432	80
sprites/bu3/2/bu3_b11_defo12.png	432	80
sprites/bu3/2/bu3_b11_defo13.png	436	80
sprites/bu3/2/bu3_b11_defo2.png	432	80
sprites/bu3/2/bu3_b11_defo3.png	432	80
sprites/bu3/2/bu3_b11_defo4.png	432	80
sprites/bu3/2/bu3_b11_defo6.png	432	80
sprites/bu3/2/bu3_b11_defo7.png	432	80
sprites/but/1/but_a11_aseru1.png	921	1219
sprites/but/1/but_a11_aseru5.png	921	1219
sprites/but/1/but_a11_defo1.png	921	1219
sprites/but/1/but_a11_defo2.png	921	1219
sprites/but/1/but_a11_futeki1.png	921	1219
sprites/but/1/but_a11_futeki3.png	921	1219
sprites/but/1/but_a11_futeki4.png	921	1219
sprites/but/1/but_a11_komaru1.png	921	1219
sprites/but/1/but_a11_komaru2.png	921	1219
sprites/but/1/but_a11_majime2.png	921	1219
sprites/but/1/but_a11_majime4.png	921	1219
sprites/but/1/but_a11_majime7.png	921	1219
sprites/but/1/but_a11_nayamu1.png	921	1219
sprites/but/1/but_a11_nayamu2.png	921	1219
sprites/but/1/but_a11_nayamu2_chiru.png	921	1219
sprites/but/1/but_a11_nayamu5.png	921	1219
sprites/but/1/but_a11_niramu2.png	921	1219
sprites/but/1/but_a11_niramu4.png	921	1219
sprites/but/1/but_a11_odoroki3.png	921	1219
sprites/but/1/but_a11_sakebu1a.png	921	1219
sprites/but/1/but_a11_warai1.png	921	1219
sprites/but/1/but_a11_warai2.png	921	1219
sprites/but/1/but_a12_ero1.png	943	1219
sprites/but/1/but_a12_warai2.png	943	1219
sprites/but/1/but_a21_futeki1.png	921	1208
sprites/but/1/but_a21_futeki3.png	921	1208
sprites/but/1/but_a21_komaru1.png	921	1208
sprites/but/1/but_a21_komaru2.png	921	1208
sprites/but/1/but_a21_kuyasigaru1.png	921	1208
sprites/but/1/but_a21_majime1.png	921	1208
sprites/but/1/but_a21_majime2.png	921	1208
sprites/but/1/but_a21_majime4.png	921	1208
sprites/but/1/but_a21_naku1.png	921	1208
sprites/but/1/but_a21_nayamu1.png	921	1208
sprites/but/1/but_a21_nayamu2.png	921	1208
sprites/but/1/but_a21_nayamu4.png	921	1208
sprites/but/1/but_a21_niramu1.png	921	1208
sprites/but/1/but_a21_niramu2.png	921	1208
sprites/but/1/but_a21_niramu4.png	921	1208
sprites/but/1/but_a21_odoroki1.png	921	1208
sprites/but/1/but_a21_sakebu1.png	921	1208
sprites/but/1/but_a21_sakebu2.png	921	1208
sprites/but/1/but_a33_kuyasigaru1.png	663	1210
sprites/but/1/but_b11_aseru1.png	756	1219
sprites/but/1/but_b11_aseru2.png	756	1219
sprites/but/1/but_b11_aseru3.png	756	1219
sprites/but/1/but_b11_aseru4.png	756	1219
sprites/but/1/but_b11_aseru5.png	756	1219
sprites/but/1/but_b11_defo1.png	756	1219
sprites/but/1/but_b11_defo2.png	756	1219
sprites/but/1/but_b11_defo3.png	756	1219
sprites/but/1/but_b11_ero1.png	756	1219
sprites/but/1/but_b11_futeki1.png	756	1219
sprites/but/1/but_b11_futeki2.png	756	1219
sprites/but/1/but_b11_futeki3.png	756	1219
sprites/but/1/but_b11_futeki4.png	756	1219
sprites/but/1/but_b11_futeki5.png	756	1219
sprites/but/1/but_b11_hohoemi1.png	756	1219
sprites/but/1/but_b11_komaru1.png	756	1219
sprites/but/1/but_b11_komaru2.png	756	1219
sprites/but/1/but_b11_komaru3.png	756	1219
sprites/but/1/but_b11_kuyasigaru1.png	756	1219
sprites/but/1/but_b11_majime1.png	756	1219
sprites/but/1/but_b11_majime2.png	756	1219
sprites/but/1/but_b11_majime3.png	756	1219
sprites/but/1/but_b11_majime4.png	756	1219
sprites/but/1/but_b11_majime5.png	756	1219
sprites/but/1/but_b11_majime6.png	756	1219
sprites/but/1/but_b11_majime7.png	756	1219
sprites/but/1/but_b11_naku1.png	756	1219
sprites/but/1/but_b11_naku2.png	756	1219
sprites/but/1/but_b11_naku3.png	756	1219
sprites/but/1/but_b11_nayamu1.png	756	1219
sprites/but/1/but_b11_nayamu1_chiru.png	756	1219
sprites/but/1/but_b11_nayamu2.png	756	1219
sprites/but/1/but_b11_nayamu2_chiru.png	756	1219
sprites/but/1/but_b11_nayamu3.png	756	1219
sprites/but/1/but_b11_nayamu4.png	756	1219
sprites/but/1/but_b11_nayamu5.png	756	1219
sprites/but/1/but_b11_niramu1.png	756	1219
sprites/but/1/but_b11_niramu2.png	756	1219
sprites/but/1/but_b11_niramu3.png	756	1219
sprites/but/1/but_b11_niramu4.png	756	1219
sprites/but/1/but_b11_odoroki1.png	756	1219
sprites/but/1/but_b11_odoroki3.png	756	1219
sprites/but/1/but_b11_oya1.png	756	1219
sprites/but/1/but_b11_oya2.png	756	1219
sprites/but/1/but_b11_sakebu1a.png	756	1219
sprites/but/1/but_b11_sakebu2a.png	756	1219
sprites/but/1/but_b11_warai1.png	756	1219
sprites/but/1/but_b11_warai2.png	756	1219
sprites/but/1/but_b11_warai3.png	756	1219
sprites/but/1/but_b22_futeki3.png	816	1208
sprites/but/1/but_b22_komaru1.png	816	1208
sprites/but/1/but_b22_komaru2.png	816	1208
sprites/but/1/but_b22_kuyasigaru1.png	816	1208
sprites/but/1/but_b22_majime1.png	816	1208
sprites/but/1/but_b22_majime2.png	816	1208
sprites/but/1/but_b22_majime4.png	816	1208
sprites/but/1/but_b22_majime5.png	816	1208
sprites/but/1/but_b22_naku1.png	816	1208
sprites/but/1/but_b22_naku2.png	816	1208
sprites/but/1/but_b22_naku3.png	816	1208
sprites/but/1/but_b22_nayamu1.png	816	1208
sprites/but/1/but_b22_nayamu2.png	816	1208
sprites/but/1/but_b22_nayamu3.png	816	1208
sprites/but/1/but_b22_nayamu4.png	816	1208
sprites/but/1/but_b22_niramu1.png	816	1208
sprites/but/1/but_b22_niramu2.png	816	1208
sprites/but/1/but_b22_niramu4.png	816	1208
sprites/but/1/but_b22_odoroki1.png	816	1208
sprites/but/1/but_b22_odoroki2.png	816	1208
sprites/but/1/but_b22_oyaa1.png	816	1208
sprites/but/1/but_b22_sakebu1.png	816	1208
sprites/but/1/but_b22_sakebu2.png	816	1208
sprites/but/1/but_b22_warai1.png	816	1208
sprites/but/1/but_b23_futeki1.png	879	1208
sprites/but/1/but_b23_komaru1.png	879	1208
sprites/but/1/but_b23_komaru2.png	879	1208
sprites/but/1/but_b23_kuyasigaru1.png	879	1208
sprites/but/1/but_b23_majime1.png	879	1208
sprites/but/1/but_b23_nayamu1.png	879	1208
sprites/but/1/but_b23_nayamu2.png	879	1208
sprites/but/1/but_b23_niramu1.png	879	1208
sprites/but/1/but_b23_odoroki2.png	879	1208
sprites/but/1/but_b23_oyaa1.png	879	1208
sprites/but/1/but_b23_warai1.png	879	1208
sprites/but/1/but_b24_futeki1.png	644	1208
sprites/but/1/but_b24_futeki3.png	644	1208
sprites/but/1/but_b24_komaru1.png	644	1208
sprites/but/1/but_b24_komaru2.png	644	1208
sprites/but/1/but_b24_kuyasigaru1.png	644	1208
sprites/but/1/but_b24_majime1.png	644	1208
sprites/but/1/but_b24_majime2.png	644	1208
sprites/but/1/but_b24_majime4.png	644	1208
sprites/but/1/but_b24_nayamu1.png	644	1208
sprites/but/1/but_b24_nayamu2.png	644	1208
sprites/but/1/but_b24_nayamu3.png	644	1208
sprites/but/1/but_b24_niramu1.png	644	1208
sprites/but/1/but_b24_niramu2.png	644	1208
sprites/but/1/but_b24_odoroki1.png	644	1208
sprites/but/1/but_b24_oyaa1.png	644	1208
sprites/but/1/but_b24_warai1.png	644	1208
sprites/but/1/but_b25_futeki1.png	919	1208
sprites/but/1/but_b25_futeki3.png	919	1208
sprites/but/1/but_b25_komaru1.png	919	1208
sprites/but/1/but_b25_kuyasigaru1.png	919	1208
sprites/but/1/but_b25_majime1.png	919	1208
sprites/but/1/but_b25_majime4.png	919	1208
sprites/but/1/but_b25_majime5.png	919	1208
sprites/but/1/but_b25_naku1.png	919	1208
sprites/but/1/but_b25_niramu1.png	919	1208
sprites/but/1/but_b25_niramu2.png	919	1208
sprites/but/1/but_b25_niramu4.png	919	1208
sprites/but/1/but_b25_odoroki1.png	919	1208
sprites/but/1/but_b25_odoroki2.png	919	1208
sprites/but/1/but_b25_sakebu1.png	919	1208
sprites/but/1/but_b26_futeki1.png	647	1208
sprites/but/1/but_b26_kuyasigaru1.png	647	1208
sprites/but/1/but_b26_naku1.png	647	1208
sprites/but/1/but_b26_naku2.png	647	1208
sprites/but/1/but_b26_naku3.png	647	1208
sprites/but/1/but_b26_nayamu1.png	647	1208
sprites/but/1/but_b26_sakebu1.png	647	1208
sprites/but/1/but_b34_futeki1.png	644	1210
sprites/but/1/but_b34_kuyasigaru1.png	644	1210
sprites/but/1/but_b34_majime5.png	644	1210
sprites/but/1/but_b34_nayamu2.png	644	1210
sprites/but/1/but_b34_niramu1.png	644	1210
sprites/but/1/but_d11_aseru1.png	1062	1219
sprites/but/1/but_d11_aseru2.png	1062	1219
sprites/but/1/but_d11_aseru3.png	1062	1219
sprites/but/1/but_d11_aseru4.png	1062	1219
sprites/but/1/but_d11_aseru5.png	1062	1219
sprites/but/1/but_d11_aseru5r.png	1062	1219
sprites/but/1/but_d11_defo1.png	1062	1219
sprites/but/1/but_d11_defo2.png	1062	1219
sprites/but/1/but_d11_defo3.png	1062	1219
sprites/but/1/but_d11_futeki1.png	1062	1219
sprites/but/1/but_d11_futeki2.png	1062	1219
sprites/but/1/but_d11_futeki3.png	1062	1219
sprites/but/1/but_d11_futeki4.png	1062	1219
sprites/but/1/but_d11_futeki5.png	1062	1219
sprites/but/1/but_d11_komaru1.png	1062	1219
sprites/but/1/but_d11_komaru2.png	1062	1219
sprites/but/1/but_d11_komaru3.png	1062	1219
sprites/but/1/but_d11_kuyasigaru1.png	1062	1219
sprites/but/1/but_d11_majime1.png	1062	1219
sprites/but/1/but_d11_majime2.png	1062	1219
sprites/but/1/but_d11_majime3.png	1062	1219
sprites/but/1/but_d11_majime4.png	1062	1219
sprites/but/1/but_d11_majime5.png	1062	1219
sprites/but/1/but_d11_majime6.png	1062	1219
sprites/but/1/but_d11_majime6r.png	1062	1219
sprites/but/1/but_d11_majime7.png	1062	1219
sprites/but/1/but_d11_naku1.png	1062	1219
sprites/but/1/but_d11_naku2.png	1062	1219
sprites/but/1/but_d11_naku3.png	1062	1219
sprites/but/1/but_d11_nayamu1.png	1062	1219
sprites/but/1/but_d11_nayamu1r.png	1062	1219
sprites/but/1/but_d11_nayamu2.png	1062	1219
sprites/but/1/but_d11_nayamu3.png	1062	1219
sprites/but/1/but_d11_nayamu4.png	1062	1219
sprites/but/1/but_d11_nayamu4r.png	1062	1219
sprites/but/1/but_d11_nayamu5.png	1062	1219
sprites/but/1/but_d11_niramu1.png	1062	1219
sprites/but/1/but_d11_niramu3.png	1062	1219
sprites/but/1/but_d11_niramu4.png	1062	1219
sprites/but/1/but_d11_odoroki1.png	1062	1219
sprites/but/1/but_d11_odoroki3.png	1062	1219
sprites/but/1/but_d11_oya1.png	1062	1219
sprites/but/1/but_d11_oya2.png	1062	1219
sprites/but/1/but_d11_sakebu1a.png	1062	1219
sprites/but/1/but_d11_sakebu2a.png	1062	1219
sprites/but/1/but_d11_warai1.png	1062	1219
sprites/but/1/but_d11_warai2.png	1062	1219
sprites/but/1/but_d11_warai3.png	1062	1219
sprites/but/1/but_d22_komaru2.png	1062	1208
sprites/but/1/but_d22_kuyasigaru1.png	1062	1208
sprites/but/1/but_d22_majime2.png	1062	1208
sprites/but/1/but_d22_nayamu1.png	1062	1208
sprites/but/1/but_d22_niramu1.png	1062	1208
sprites/but/1/but_d23_futeki1.png	1078	1208
sprites/but/1/but_d23_komaru2.png	1078	1208
sprites/but/1/but_d23_nayamu1.png	1078	1208
sprites/but/1/but_d23_nayamu4.png	1078	1208
sprites/but/1/but_d24_futeki1.png	873	1208
sprites/but/1/but_d24_komaru2.png	873	1208
sprites/but/1/but_d24_niramu1.png	873	1208
sprites/but/1/but_d26_kuyasigaru1.png	906	1208
sprites/but/2/but_a11_aseru1.png	360	50
sprites/but/2/but_a11_aseru5.png	432	96
sprites/but/2/but_a11_defo1.png	344	61
sprites/but/2/but_a11_defo2.png	324	58
sprites/but/2/but_a11_futeki1.png	356	63
sprites/but/2/but_a11_futeki3.png	388	60
sprites/but/2/but_a11_futeki4.png	432	96
sprites/but/2/but_a11_komaru1.png	392	64
sprites/but/2/but_a11_komaru2.png	272	49
sprites/but/2/but_a11_majime2.png	272	49
sprites/but/2/but_a11_majime4.png	244	56
sprites/but/2/but_a11_majime7.png	432	96
sprites/but/2/but_a11_nayamu1.png	264	46
sprites/but/2/but_a11_nayamu2.png	348	39
sprites/but/2/but_a11_nayamu2_chiru.png	348	47
sprites/but/2/but_a11_nayamu5.png	304	42
sprites/but/2/but_a11_niramu2.png	344	42
sprites/but/2/but_a11_niramu4.png	256	59
sprites/but/2/but_a11_odoroki3.png	304	46
sprites/but/2/but_a11_sakebu1a.png	424	91
sprites/but/2/but_a11_warai1.png	388	49
sprites/but/2/but_a11_warai2.png	388	50
sprites/but/2/but_a12_ero1.png	488	85
sprites/but/2/but_a12_warai2.png	388	50
sprites/but/2/but_a21_futeki1.png	360	53
sprites/but/2/but_a21_futeki3.png	304	40
sprites/but/2/but_a21_komaru1.png	328	52
sprites/but/2/but_a21_komaru2.png	292	43
sprites/but/2/but_a21_kuyasigaru1.png	440	97
sprites/but/2/but_a21_majime1.png	260	44
sprites/but/2/but_a21_majime2.png	260	38
sprites/but/2/but_a21_majime4.png	240	47
sprites/but/2/but_a21_naku1.png	296	54
sprites/but/2/but_a21_nayamu1.png	264	41
sprites/but/2/but_a21_nayamu2.png	380	45
sprites/but/2/but_a21_nayamu4.png	300	33
sprites/but/2/but_a21_niramu1.png	276	40
sprites/but/2/but_a21_niramu2.png	332	42
sprites/but/2/but_a21_niramu4.png	232	46
sprites/but/2/but_a21_odoroki1.png	252	55
sprites/but/2/but_a21_sakebu1.png	284	59
sprites/but/2/but_a21_sakebu2.png	280	61
sprites/but/2/but_a33_kuyasigaru1.png	272	65
sprites/but/2/but_b11_aseru1.png	520	69
sprites/but/2/but_b11_aseru2.png	324	53
sprites/but/2/but_b11_aseru3.png	324	58
sprites/but/2/but_b11_aseru4.png	336	51
sprites/but/2/but_b11_aseru5.png	432	96
sprites/but/2/but_b11_defo1.png	544	83
sprites/but/2/but_b11_defo2.png	544	83
sprites/but/2/but_b11_defo3.png	432	96
sprites/but/2/but_b11_ero1.png	544	87
sprites/but/2/but_b11_futeki1.png	544	83
sprites/but/2/but_b11_futeki2.png	360	65
sprites/but/2/but_b11_futeki3.png	544	83
sprites/but/2/but_b11_futeki4.png	432	96
sprites/but/2/but_b11_futeki5.png	344	56
sprites/but/2/but_b11_hohoemi1.png	576	83
sprites/but/2/but_b11_komaru1.png	544	79
sprites/but/2/but_b11_komaru2.png	544	83
sprites/but/2/but_b11_komaru3.png	320	50
sprites/but/2/but_b11_kuyasigaru1.png	544	83
sprites/but/2/but_b11_majime1.png	544	83
sprites/but/2/but_b11_majime2.png	544	83
sprites/but/2/but_b11_majime3.png	432	96
sprites/but/2/but_b11_majime4.png	544	83
sprites/but/2/but_b11_majime5.png	544	83
sprites/but/2/but_b11_majime6.png	300	47
sprites/but/2/but_b11_majime7.png	432	96
sprites/but/2/but_b11_naku1.png	432	96
sprites/but/2/but_b11_naku2.png	412	95
sprites/but/2/but_b11_naku3.png	348	95
sprites/but/2/but_b11_nayamu1.png	544	83
sprites/but/2/but_b11_nayamu1_chiru.png	296	49
sprites/but/2/but_b11_nayamu2.png	544	83
sprites/but/2/but_b11_nayamu2_chiru.png	348	55
sprites/but/2/but_b11_nayamu3.png	544	83
sprites/but/2/but_b11_nayamu4.png	332	50
sprites/but/2/but_b11_nayamu5.png	304	47
sprites/but/2/but_b11_niramu1.png	304	48
sprites/but/2/but_b11_niramu2.png	476	69
sprites/but/2/but_b11_niramu3.png	316	47
sprites/but/2/but_b11_niramu4.png	544	83
sprites/but/2/but_b11_odoroki1.png	432	96
sprites/but/2/but_b11_odoroki3.png	304	47
sprites/but/2/but_b11_oya1.png	316	45
sprites/but/2/but_b11_oya2.png	432	96
sprites/but/2/but_b11_sakebu1a.png	436	94
sprites/but/2/but_b11_sakebu2a.png	392	82
sprites/but/2/but_b11_warai1.png	544	79
sprites/but/2/but_b11_warai2.png	544	83
sprites/but/2/but_b11_warai3.png	432	96
sprites/but/2/but_b22_futeki3.png	304	49
sprites/but/2/but_b22_komaru1.png	328	53
sprites/but/2/but_b22_komaru2.png	292	49
sprites/but/2/but_b22_kuyasigaru1.png	440	97
sprites/but/2/but_b22_majime1.png	260	48
sprites/but/2/but_b22_majime2.png	260	48
sprites/but/2/but_b22_majime4.png	240	53
sprites/but/2/but_b22_majime5.png	232	46
sprites/but/2/but_b22_naku1.png	296	55
sprites/but/2/but_b22_naku2.png	344	40
sprites/but/2/but_b22_naku3.png	364	46
sprites/but/2/but_b22_nayamu1.png	264	49
sprites/but/2/but_b22_nayamu2.png	380	45
sprites/but/2/but_b22_nayamu3.png	340	51
sprites/but/2/but_b22_nayamu4.png	300	43
sprites/but/2/but_b22_niramu1.png	276	47
sprites/but/2/but_b22_niramu2.png	332	50
sprites/but/2/but_b22_niramu4.png	232	51
sprites/but/2/but_b22_odoroki1.png	252	57
sprites/but/2/but_b22_odoroki2.png	268	51
sprites/but/2/but_b22_oyaa1.png	180	48
sprites/but/2/but_b22_sakebu1.png	284	59
sprites/but/2/but_b22_sakebu2.png	280	61
sprites/but/2/but_b22_warai1.png	344	56
sprites/but/2/but_b23_futeki1.png	360	53
sprites/but/2/but_b23_komaru1.png	328	53
sprites/but/2/but_b23_komaru2.png	292	49
sprites/but/2/but_b23_kuyasigaru1.png	440	97
sprites/but/2/but_b23_majime1.png	260	48
sprites/but/2/but_b23_nayamu1.png	264	49
sprites/but/2/but_b23_nayamu2.png	380	45
sprites/but/2/but_b23_niramu1.png	276	47
sprites/but/2/but_b23_odoroki2.png	268	51
sprites/but/2/but_b23_oyaa1.png	180	48
sprites/but/2/but_b23_warai1.png	344	56
sprites/but/2/but_b24_futeki1.png	360	53
sprites/but/2/but_b24_futeki3.png	304	49
sprites/but/2/but_b24_komaru1.png	328	53
sprites/but/2/but_b24_komaru2.png	292	49
sprites/but/2/but_b24_kuyasigaru1.png	440	97
sprites/but/2/but_b24_majime1.png	260	48
sprites/but/2/but_b24_majime2.png	260	48
sprites/but/2/but_b24_majime4.png	240	53
sprites/but/2/but_b24_nayamu1.png	264	49
sprites/but/2/but_b24_nayamu2.png	380	45
sprites/but/2/but_b24_nayamu3.png	340	51
sprites/but/2/but_b24_niramu1.png	276	47
sprites/but/2/but_b24_niramu2.png	332	50
sprites/but/2/but_b24_odoroki1.png	252	57
sprites/but/2/but_b24_oyaa1.png	180	48
sprites/but/2/but_b24_warai1.png	344	56
sprites/but/2/but_b25_futeki1.png	360	53
sprites/but/2/but_b25_futeki3.png	304	49
sprites/but/2/but_b25_komaru1.png	328	53
sprites/but/2/but_b25_kuyasigaru1.png	440	97
sprites/but/2/but_b25_majime1.png	260	48
sprites/but/2/but_b25_majime4.png	240	53
sprites/but/2/but_b25_majime5.png	232	46
sprites/but/2/but_b25_naku1.png	296	55
sprites/but/2/but_b25_niramu1.png	276	47
sprites/but/2/but_b25_niramu2.png	332	50
sprites/but/2/but_b25_niramu4.png	232	51
sprites/but/2/but_b25_odoroki1.png	252	57
sprites/but/2/but_b25_odoroki2.png	268	51
sprites/but/2/but_b25_sakebu1.png	284	59
sprites/but/2/but_b34_futeki1.png	288	86
sprites/but/2/but_b34_kuyasigaru1.png	288	78
sprites/but/2/but_b34_majime5.png	284	69
sprites/but/2/but_b34_nayamu2.png	288	86
sprites/but/2/but_b34_niramu1.png	284	70
sprites/but/2/but_d11_aseru1.png	364	49
sprites/but/2/but_d11_aseru2.png	288	53
sprites/but/2/but_d11_aseru3.png	284	58
sprites/but/2/but_d11_aseru4.png	304	47
sprites/but/2/but_d11_aseru5.png	440	95
sprites/but/2/but_d11_aseru5r.png	440	95
sprites/but/2/but_d11_defo1.png	344	61
sprites/but/2/but_d11_defo2.png	328	58
sprites/but/2/but_d11_defo3.png	440	95
sprites/but/2/but_d11_futeki1.png	352	57
sprites/but/2/but_d11_futeki2.png	360	64
sprites/but/2/but_d11_futeki3.png	376	59
sprites/but/2/but_d11_futeki4.png	440	95
sprites/but/2/but_d11_futeki5.png	320	56
sprites/but/2/but_d11_komaru1.png	368	63
sprites/but/2/but_d11_komaru2.png	300	50
sprites/but/2/but_d11_komaru3.png	252	42
sprites/but/2/but_d11_kuyasigaru1.png	428	63
sprites/but/2/but_d11_majime1.png	300	50
sprites/but/2/but_d11_majime2.png	252	49
sprites/but/2/but_d11_majime3.png	440	95
sprites/but/2/but_d11_majime4.png	244	56
sprites/but/2/but_d11_majime5.png	256	46
sprites/but/2/but_d11_majime6.png	248	43
sprites/but/2/but_d11_majime6r.png	248	43
sprites/but/2/but_d11_majime7.png	440	95
sprites/but/2/but_d11_naku1.png	440	95
sprites/but/2/but_d11_naku2.png	412	93
sprites/but/2/but_d11_naku3.png	352	92
sprites/but/2/but_d11_nayamu1.png	240	44
sprites/but/2/but_d11_nayamu1r.png	240	44
sprites/but/2/but_d11_nayamu2.png	328	47
sprites/but/2/but_d11_nayamu3.png	392	50
sprites/but/2/but_d11_nayamu4.png	288	49
sprites/but/2/but_d11_nayamu4r.png	288	49
sprites/but/2/but_d11_nayamu5.png	232	42
sprites/but/2/but_d11_niramu1.png	248	40
sprites/but/2/but_d11_niramu3.png	260	46
sprites/but/2/but_d11_niramu4.png	260	59
sprites/but/2/but_d11_odoroki1.png	440	95
sprites/but/2/but_d11_odoroki3.png	268	46
sprites/but/2/but_d11_oya1.png	284	41
sprites/but/2/but_d11_oya2.png	440	95
sprites/but/2/but_d11_sakebu1a.png	440	92
sprites/but/2/but_d11_sakebu2a.png	388	79
sprites/but/2/but_d11_warai1.png	392	49
sprites/but/2/but_d11_warai2.png	392	50
sprites/but/2/but_d11_warai3.png	440	95
sprites/but/2/but_d22_komaru2.png	272	46
sprites/but/2/but_d22_kuyasigaru1.png	352	57
sprites/but/2/but_d22_majime2.png	236	38
sprites/but/2/but_d22_nayamu1.png	260	41
sprites/but/2/but_d22_niramu1.png	264	43
sprites/but/2/but_d23_futeki1.png	332	52
sprites/but/2/but_d23_komaru2.png	272	46
sprites/but/2/but_d23_nayamu1.png	260	41
sprites/but/2/but_d23_nayamu4.png	304	38
sprites/but/2/but_d24_futeki1.png	332	52
sprites/but/2/but_d24_komaru2.png	272	46
sprites/but/2/but_d24_niramu1.png	264	42
sprites/cla/1/cla_a11_akuwarai1.png	938	1158
sprites/cla/1/cla_a11_akuwarai2.png	938	1158
sprites/cla/1/cla_a11_akuwarai3.png	938	1158
sprites/cla/1/cla_a11_defo1.png	938	1158
sprites/cla/1/cla_a11_ikari1.png	938	1158
sprites/cla/1/cla_a11_komaru1.png	938	1158
sprites/cla/1/cla_a11_komaru2.png	938	1158
sprites/cla/1/cla_a11_komaru3.png	938	1158
sprites/cla/1/cla_a11_komaru4.png	938	1158
sprites/cla/1/cla_a11_majime1.png	938	1158
sprites/cla/1/cla_a11_nayamu1.png	938	1158
sprites/cla/1/cla_a11_nayamu2.png	938	1158
sprites/cla/1/cla_a12_akuwarai1.png	1186	1158
sprites/cla/1/cla_a12_defo1.png	1186	1158
sprites/cla/1/cla_a12_komaru3.png	1186	1158
sprites/cla/1/cla_a12_majime1.png	1186	1158
sprites/cla/1/cla_a12_nayamu2.png	1186	1158
sprites/cla/1/cla_a13_akuwarai3.png	1129	1158
sprites/cla/1/cla_a13_ikari1.png	1129	1158
sprites/cla/1/cla_a13_komaru3.png	1129	1158
sprites/cla/1/cla_a14_akuwarai1.png	963	1158
sprites/cla/1/cla_a14_akuwarai2.png	963	1158
sprites/cla/1/cla_a14_akuwarai3.png	963	1158
sprites/cla/1/cla_a14_defo1.png	963	1158
sprites/cla/1/cla_a14_komaru1.png	963	1158
sprites/cla/1/cla_a14_komaru2.png	963	1158
sprites/cla/1/cla_a14_komaru4.png	963	1158
sprites/cla/1/cla_a14_majime1.png	963	1158
sprites/cla/1/cla_a14_nayamu1.png	963	1158
sprites/cla/1/cla_a14_nayamu2.png	963	1158
sprites/cla/1/cla_a15_akuwarai2.png	937	1158
sprites/cla/1/cla_a15_defo1.png	937	1158
sprites/cla/1/cla_a15_ikari1.png	937	1158
sprites/cla/1/cla_a15_komaru1.png	937	1158
sprites/cla/1/cla_a15_komaru2.png	937	1158
sprites/cla/1/cla_a15_komaru3.png	937	1158
sprites/cla/1/cla_a15_komaru4.png	937	1158
sprites/cla/1/cla_a15_majime1.png	937	1158
sprites/cla/1/cla_a15_nayamu2.png	937	1158
sprites/cla/1/cla_a24_komaru1.png	963	1158
sprites/cla/1/cla_a24_komaru4.png	963	1158
sprites/cla/2/cla_a11_akuwarai1.png	412	74
sprites/cla/2/cla_a11_akuwarai2.png	416	74
sprites/cla/2/cla_a11_akuwarai3.png	416	73
sprites/cla/2/cla_a11_defo1.png	392	75
sprites/cla/2/cla_a11_ikari1.png	408	80
sprites/cla/2/cla_a11_komaru1.png	412	73
sprites/cla/2/cla_a11_komaru2.png	452	77
sprites/cla/2/cla_a11_komaru3.png	432	77
sprites/cla/2/cla_a11_komaru4.png	384	63
sprites/cla/2/cla_a11_majime1.png	384	77
sprites/cla/2/cla_a11_nayamu1.png	436	75
sprites/cla/2/cla_a11_nayamu2.png	412	76
sprites/cla/2/cla_a12_akuwarai1.png	412	74
sprites/cla/2/cla_a12_defo1.png	392	75
sprites/cla/2/cla_a12_komaru3.png	432	77
sprites/cla/2/cla_a12_majime1.png	384	77
sprites/cla/2/cla_a12_nayamu2.png	412	76
sprites/cla/2/cla_a13_akuwarai3.png	416	73
sprites/cla/2/cla_a13_ikari1.png	408	80
sprites/cla/2/cla_a13_komaru3.png	432	77
sprites/cla/2/cla_a14_akuwarai1.png	412	74
sprites/cla/2/cla_a14_akuwarai2.png	416	74
sprites/cla/2/cla_a14_akuwarai3.png	416	73
sprites/cla/2/cla_a14_defo1.png	392	75
sprites/cla/2/cla_a14_komaru1.png	412	73
sprites/cla/2/cla_a14_komaru2.png	452	77
sprites/cla/2/cla_a14_komaru4.png	384	63
sprites/cla/2/cla_a14_majime1.png	384	77
sprites/cla/2/cla_a14_nayamu1.png	436	75
sprites/cla/2/cla_a14_nayamu2.png	412	76
sprites/cla/2/cla_a15_akuwarai2.png	416	74
sprites/cla/2/cla_a15_defo1.png	392	75
sprites/cla/2/cla_a15_ikari1.png	408	80
sprites/cla/2/cla_a15_komaru1.png	412	73
sprites/cla/2/cla_a15_komaru2.png	452	77
sprites/cla/2/cla_a15_komaru3.png	432	77
sprites/cla/2/cla_a15_komaru4.png	384	63
sprites/cla/2/cla_a15_majime1.png	384	77
sprites/cla/2/cla_a15_nayamu2.png	412	76
sprites/cla/2/cla_a24_komaru1.png	388	100
sprites/cla/2/cla_a24_komaru4.png	404	100
sprites/cor/1/cor_a11_defo1.png	868	1128
sprites/cor/1/cor_a11_komaru1.png	868	1128
sprites/cor/1/cor_a11_komaru2.png	868	1128
sprites/cor/1/cor_a11_majime1.png	868	1128
sprites/cor/1/cor_a11_majime2.png	868	1128
sprites/cor/1/cor_a11_odoroki1.png	868	1128
sprites/cor/1/cor_a11_odoroki2.png	868	1128
sprites/cor/1/cor_a12_defo1.png	802	1128
sprites/cor/1/cor_a12_komaru1.png	802	1128
sprites/cor/1/cor_a12_komaru2.png	802	1128
sprites/cor/1/cor_a12_majime1.png	802	1128
sprites/cor/1/cor_a12_majime2.png	802	1128
sprites/cor/1/cor_a13_defo1.png	1030	1128
sprites/cor/1/cor_a13_majime1.png	1030	1128
sprites/cor/1/cor_a13_majime2.png	1030	1128
sprites/cor/1/cor_a13_odoroki1.png	1030	1128
sprites/cor/1/cor_a13_odoroki2.png	1030	1128
sprites/cor/2/cor_a11_defo1.png	412	72
sprites/cor/2/cor_a11_komaru1.png	376	60
sprites/cor/2/cor_a11_komaru2.png	156	36
sprites/cor/2/cor_a11_majime1.png	412	72
sprites/cor/2/cor_a11_majime2.png	272	73
sprites/cor/2/cor_a11_odoroki1.png	412	72
sprites/cor/2/cor_a11_odoroki2.png	348	64
sprites/cor/2/cor_a12_defo1.png	648	144
sprites/cor/2/cor_a12_komaru1.png	632	125
sprites/cor/2/cor_a12_komaru2.png	156	36
sprites/cor/2/cor_a12_majime1.png	412	65
sprites/cor/2/cor_a12_majime2.png	272	62
sprites/cor/2/cor_a13_defo1.png	648	138
sprites/cor/2/cor_a13_majime1.png	412	68
sprites/cor/2/cor_a13_majime2.png	272	69
sprites/cor/2/cor_a13_odoroki1.png	412	70
sprites/cor/2/cor_a13_odoroki2.png	240	46
sprites/cur/1/cur_a11_akuwarai1.png	929	1173
sprites/cur/1/cur_a11_akuwarai2.png	929	1173
sprites/cur/1/cur_a11_akuwarai3.png	929	1173
sprites/cur/1/cur_a11_akuwarai4.png	929	1173
sprites/cur/1/cur_a11_aseru1.png	929	1173
sprites/cur/1/cur_a11_aseru2.png	929	1173
sprites/cur/1/cur_a11_aseru4.png	929	1173
sprites/cur/1/cur_a11_defo1.png	929	1173
sprites/cur/1/cur_a11_defo2.png	929	1173
sprites/cur/1/cur_a11_fukigen2.png	929	1173
sprites/cur/1/cur_a11_fukigen3.png	929	1173
sprites/cur/1/cur_a11_fuman1.png	929	1173
sprites/cur/1/cur_a11_fuman2.png	929	1173
sprites/cur/1/cur_a11_fuman3.png	929	1173
sprites/cur/1/cur_a11_futeki1.png	929	1173
sprites/cur/1/cur_a11_futeki2.png	929	1173
sprites/cur/1/cur_a11_hanbeso3star.png	929	1173
sprites/cur/1/cur_a11_hanbeso4star.png	929	1173
sprites/cur/1/cur_a11_hoshin1star.png	929	1173
sprites/cur/1/cur_a11_hoshin2star.png	929	1173
sprites/cur/1/cur_a11_hoshin3star.png	929	1173
sprites/cur/1/cur_a11_iiwake1.png	929	1173
sprites/cur/1/cur_a11_komaru1.png	929	1173
sprites/cur/1/cur_a11_komaru3.png	929	1173
sprites/cur/1/cur_a11_komaru4.png	929	1173
sprites/cur/1/cur_a11_majime1.png	929	1173
sprites/cur/1/cur_a11_majime2.png	929	1173
sprites/cur/1/cur_a11_majime3star.png	929	1173
sprites/cur/1/cur_a11_majime4.png	929	1173
sprites/cur/1/cur_a11_majime5star.png	929	1173
sprites/cur/1/cur_a11_majime6.png	929	1173
sprites/cur/1/cur_a11_majime7.png	929	1173
sprites/cur/1/cur_a11_nayamu1.png	929	1173
sprites/cur/1/cur_a11_nayamu3.png	929	1173
sprites/cur/1/cur_a11_nayamu4.png	929	1173
sprites/cur/1/cur_a11_odoroki2.png	929	1173
sprites/cur/1/cur_a11_odoroki3.png	929	1173
sprites/cur/1/cur_a11_odoroki4.png	929	1173
sprites/cur/1/cur_a11_warai1.png	929	1173
sprites/cur/1/cur_a11_warai2.png	929	1173
sprites/cur/1/cur_a11_warai3.png	929	1173
sprites/cur/1/cur_a11_warai4.png	929	1173
sprites/cur/1/cur_a11_warai6.png	929	1173
sprites/cur/1/cur_a11_warai8.png	929	1173
sprites/cur/2/cur_a11_akuwarai1.png	492	50
sprites/cur/2/cur_a11_akuwarai2.png	516	83
sprites/cur/2/cur_a11_akuwarai3.png	452	112
sprites/cur/2/cur_a11_akuwarai4.png	628	109
sprites/cur/2/cur_a11_aseru1.png	448	46
sprites/cur/2/cur_a11_aseru2.png	420	42
sprites/cur/2/cur_a11_aseru4.png	400	31
sprites/cur/2/cur_a11_defo1.png	404	57
sprites/cur/2/cur_a11_defo2.png	384	56
sprites/cur/2/cur_a11_fukigen2.png	392	45
sprites/cur/2/cur_a11_fukigen3.png	364	49
sprites/cur/2/cur_a11_fuman1.png	428	36
sprites/cur/2/cur_a11_fuman2.png	412	48
sprites/cur/2/cur_a11_fuman3.png	376	42
sprites/cur/2/cur_a11_futeki1.png	424	65
sprites/cur/2/cur_a11_futeki2.png	420	66
sprites/cur/2/cur_a11_hanbeso3star.png	372	36
sprites/cur/2/cur_a11_hanbeso4star.png	380	34
sprites/cur/2/cur_a11_hoshin1star.png	364	31
sprites/cur/2/cur_a11_hoshin2star.png	372	33
sprites/cur/2/cur_a11_hoshin3star.png	364	30
sprites/cur/2/cur_a11_iiwake1.png	412	93
sprites/cur/2/cur_a11_komaru1.png	412	45
sprites/cur/2/cur_a11_komaru3.png	436	46
sprites/cur/2/cur_a11_komaru4.png	408	42
sprites/cur/2/cur_a11_majime1.png	404	38
sprites/cur/2/cur_a11_majime2.png	384	65
sprites/cur/2/cur_a11_majime3star.png	396	37
sprites/cur/2/cur_a11_majime4.png	404	42
sprites/cur/2/cur_a11_majime5star.png	380	49
sprites/cur/2/cur_a11_majime6.png	400	41
sprites/cur/2/cur_a11_majime7.png	360	41
sprites/cur/2/cur_a11_nayamu1.png	376	38
sprites/cur/2/cur_a11_nayamu3.png	404	34
sprites/cur/2/cur_a11_nayamu4.png	404	34
sprites/cur/2/cur_a11_odoroki2.png	392	37
sprites/cur/2/cur_a11_odoroki3.png	404	52
sprites/cur/2/cur_a11_odoroki4.png	404	38
sprites/cur/2/cur_a11_warai1.png	708	135
sprites/cur/2/cur_a11_warai2.png	444	68
sprites/cur/2/cur_a11_warai3.png	488	78
sprites/cur/2/cur_a11_warai4.png	396	47
sprites/cur/2/cur_a11_warai6.png	400	36
sprites/cur/2/cur_a11_warai8.png	408	39
sprites/dla/1/dla_a11_defo1.png	796	1005
sprites/dla/1/dla_a11_defo2.png	796	1005
sprites/dla/1/dla_a11_defo3.png	796	1005
sprites/dla/1/dla_a11_ikari1.png	796	1005
sprites/dla/1/dla_a11_ikari1a.png	796	1005
sprites/dla/1/dla_a11_komaru1.png	796	1005
sprites/dla/1/dla_a11_komaru1a.png	796	1005
sprites/dla/1/dla_a11_majime1.png	796	1005
sprites/dla/1/dla_a11_majime2.png	796	1005
sprites/dla/1/dla_a11_majime2a.png	796	1005
sprites/dla/1/dla_a11_majime3.png	796	1005
sprites/dla/1/dla_a11_warai1.png	796	1005
sprites/dla/1/dla_a11_warai2.png	796	1005
sprites/dla/1/dla_a11b_defo2.png	867	1073
sprites/dla/1/dla_a11b_defo3.png	867	1073
sprites/dla/1/dla_a11b_ikari1.png	867	1073
sprites/dla/1/dla_a11b_majime1.png	867	1073
sprites/dla/1/dla_a11b_majime2.png	867	1073
sprites/dla/1/dla_a11b_majime3.png	867	1073
sprites/dla/1/dla_a11b_warai1.png	867	1073
sprites/dla/1/dla_a11b_warai2.png	867	1073
sprites/dla/1/dla_am11_defo1.png	796	1005
sprites/dla/1/dla_am11_defo3.png	796	1005
sprites/dla/1/dla_am11_ikari1.png	796	1005
sprites/dla/1/dla_am11_komaru1.png	796	1005
sprites/dla/1/dla_am11_majime2.png	796	1005
sprites/dla/1/dla_am11_majime3.png	796	1005
sprites/dla/1/dla_am11_warai1.png	796	1005
sprites/dla/1/dla_am11_warai2.png	796	1005
sprites/dla/1/dla_am11b_majime2.png	867	1073
sprites/dla/1/dla_am11b_warai1.png	867	1073
sprites/dla/1/dla_am11b_warai2.png	867	1073
sprites/dla/1/dla_b21_akuwarai1.png	1102	991
sprites/dla/1/dla_b21_ikari1.png	1102	991
sprites/dla/1/dla_b21_warai1.png	1102	991
sprites/dla/1/dla_b21b_akuwarai1.png	1466	1079
sprites/dla/1/dla_b21b_warai1.png	1466	1079
sprites/dla/1/dla_b21b_warai2.png	1466	1079
sprites/dla/1/dla_b22_akuwarai1.png	1102	991
sprites/dla/1/dla_b22_ikari1.png	1102	991
sprites/dla/1/dla_b22_warai2.png	1102	991
sprites/dla/1/dla_b22b_akuwarai1.png	1237	1062
sprites/dla/1/dla_b22b_ikari1.png	1237	1062
sprites/dla/1/dla_b22b_ikari1a.png	1237	1062
sprites/dla/1/dla_b22b_majime2.png	1237	1062
sprites/dla/1/dla_b22b_warai1.png	1237	1062
sprites/dla/1/dla_b22b_warai2.png	1237	1062
sprites/dla/1/dla_b23_ikari1.png	1102	991
sprites/dla/1/dla_b23b_akuwarai1.png	1540	1254
sprites/dla/1/dla_b23b_ikari1.png	1540	1254
sprites/dla/1/dla_b23b_majime2.png	1540	1254
sprites/dla/1/dla_bm21_akuwarai1.png	1102	991
sprites/dla/1/dla_bm21b_akuwarai1.png	1466	1079
sprites/dla/2/dla_a11_defo1.png	72	33
sprites/dla/2/dla_a11_defo2.png	84	23
sprites/dla/2/dla_a11_defo3.png	140	44
sprites/dla/2/dla_a11_ikari1.png	328	35
sprites/dla/2/dla_a11_ikari1a.png	336	35
sprites/dla/2/dla_a11_komaru1.png	116	29
sprites/dla/2/dla_a11_komaru1a.png	116	29
sprites/dla/2/dla_a11_majime1.png	112	37
sprites/dla/2/dla_a11_majime2.png	148	38
sprites/dla/2/dla_a11_majime2a.png	148	38
sprites/dla/2/dla_a11_majime3.png	100	26
sprites/dla/2/dla_a11_warai1.png	212	33
sprites/dla/2/dla_a11_warai2.png	284	49
sprites/dla/2/dla_a11b_defo2.png	84	23
sprites/dla/2/dla_a11b_defo3.png	140	44
sprites/dla/2/dla_a11b_ikari1.png	328	35
sprites/dla/2/dla_a11b_majime1.png	112	37
sprites/dla/2/dla_a11b_majime2.png	148	38
sprites/dla/2/dla_a11b_majime3.png	100	26
sprites/dla/2/dla_a11b_warai1.png	212	33
sprites/dla/2/dla_a11b_warai2.png	284	48
sprites/dla/2/dla_am11_defo1.png	72	33
sprites/dla/2/dla_am11_defo3.png	140	44
sprites/dla/2/dla_am11_ikari1.png	328	35
sprites/dla/2/dla_am11_komaru1.png	116	29
sprites/dla/2/dla_am11_majime2.png	148	38
sprites/dla/2/dla_am11_majime3.png	100	26
sprites/dla/2/dla_am11_warai1.png	212	33
sprites/dla/2/dla_am11_warai2.png	284	49
sprites/dla/2/dla_am11b_majime2.png	148	38
sprites/dla/2/dla_am11b_warai1.png	212	33
sprites/dla/2/dla_am11b_warai2.png	284	48
sprites/dla/2/dla_b21_akuwarai1.png	368	67
sprites/dla/2/dla_b21_ikari1.png	144	35
sprites/dla/2/dla_b21_warai1.png	244	39
sprites/dla/2/dla_b21b_akuwarai1.png	368	67
sprites/dla/2/dla_b21b_warai1.png	244	39
sprites/dla/2/dla_b21b_warai2.png	388	55
sprites/dla/2/dla_b22_akuwarai1.png	368	67
sprites/dla/2/dla_b22_ikari1.png	144	35
sprites/dla/2/dla_b22_warai2.png	388	55
sprites/dla/2/dla_b22b_akuwarai1.png	368	67
sprites/dla/2/dla_b22b_ikari1.png	144	35
sprites/dla/2/dla_b22b_ikari1a.png	144	35
sprites/dla/2/dla_b22b_majime2.png	160	49
sprites/dla/2/dla_b22b_warai1.png	244	39
sprites/dla/2/dla_b22b_warai2.png	388	55
sprites/dla/2/dla_b23_ikari1.png	144	35
sprites/dla/2/dla_b23b_akuwarai1.png	368	67
sprites/dla/2/dla_b23b_ikari1.png	144	35
sprites/dla/2/dla_b23b_majime2.png	160	49
sprites/dla/2/dla_bm21_akuwarai1.png	368	82
sprites/dla/2/dla_bm21b_akuwarai1.png	368	82
sprites/en2/1/en2_a11_defo1.png	629	904
sprites/en2/1/en2_a11_defo1a.png	629	904
sprites/en2/1/en2_a11_defo1b.png	629	904
sprites/en2/1/en2_a11_defo1c.png	629	904
sprites/en2/1/en2_a11_defo1d.png	629	904
sprites/en2/1/en2_a11_defo1e.png	629	904
sprites/en2/1/en2_a11_defo1f.png	629	904
sprites/en2/1/en2_a11_defo2.png	629	904
sprites/en2/1/en2_a11_defo2a.png	629	904
sprites/en2/1/en2_a11_defo2b.png	629	904
sprites/en2/1/en2_a11_defo2c.png	629	904
sprites/en2/1/en2_a11_defo3.png	629	904
sprites/en2/1/en2_a11_defo3a.png	629	904
sprites/en2/1/en2_a11_defo3b.png	629	904
sprites/en2/1/en2_a11_defo3c.png	629	904
sprites/en2/1/en2_a11_defo4a.png	629	904
sprites/en2/1/en2_a11_defo4b.png	629	904
sprites/en2/1/en2_a12_defo1.png	629	904
sprites/en2/1/en2_a12_defo1f.png	629	904
sprites/en2/1/en2_a12_defo2.png	629	904
sprites/en2/1/en2_a12_defo2a.png	629	904
sprites/en2/1/en2_a12_defo2b.png	629	904
sprites/en2/1/en2_a12_defo2c.png	629	904
sprites/en2/1/en2_a12_defo3.png	629	904
sprites/en2/1/en2_a12_defo3a.png	629	904
sprites/en2/1/en2_a12_defo3b.png	629	904
sprites/en2/1/en2_a12_defo3c.png	629	904
sprites/en2/1/en2_a13_defo1.png	629	904
sprites/en2/1/en2_a13_defo1a.png	629	904
sprites/en2/1/en2_a13_defo1b.png	629	904
sprites/en2/1/en2_a13_defo1c.png	629	904
sprites/en2/1/en2_a13_defo1e.png	629	904
sprites/en2/1/en2_a13_defo1f.png	629	904
sprites/en2/1/en2_a13_defo2.png	629	904
sprites/en2/1/en2_a13_defo2a.png	629	904
sprites/en2/1/en2_a13_defo2b.png	629	904
sprites/en2/1/en2_a14_defo1f.png	629	904
sprites/en2/1/en2_a14_defo2a.png	629	904
sprites/en2/1/en2_a15_defo1b.png	629	904
sprites/en2/1/en2_a15_defo2.png	629	904
sprites/en2/1/en2_a15_defo2a.png	629	904
sprites/en2/1/en2_a15_defo2b.png	629	904
sprites/en2/1/en2_a15_defo3.png	629	904
sprites/en2/1/en2_a15_defo3a.png	629	904
sprites/en2/1/en2_a15_defo3b.png	629	904
sprites/en2/1/en2_a15_defo3c.png	629	904
sprites/en2/1/en2_a15_defo4a.png	629	904
sprites/en2/1/en2_a15_defo4b.png	629	904
sprites/en2/1/en2_b11_buu1.png	635	902
sprites/en2/1/en2_b11_defo3c.png	635	902
sprites/en2/1/en2_b11_defo4b.png	635	902
sprites/en2/2/en2_a11_defo1.png	424	61
sprites/en2/2/en2_a11_defo1a.png	396	60
sprites/en2/2/en2_a11_defo1b.png	424	61
sprites/en2/2/en2_a11_defo1c.png	424	61
sprites/en2/2/en2_a11_defo1d.png	388	56
sprites/en2/2/en2_a11_defo1e.png	420	64
sprites/en2/2/en2_a11_defo1f.png	372	56
sprites/en2/2/en2_a11_defo2.png	424	61
sprites/en2/2/en2_a11_defo2a.png	424	61
sprites/en2/2/en2_a11_defo2b.png	424	61
sprites/en2/2/en2_a11_defo2c.png	368	56
sprites/en2/2/en2_a11_defo3.png	416	62
sprites/en2/2/en2_a11_defo3a.png	496	78
sprites/en2/2/en2_a11_defo3b.png	424	61
sprites/en2/2/en2_a11_defo3c.png	380	57
sprites/en2/2/en2_a11_defo4a.png	424	61
sprites/en2/2/en2_a11_defo4b.png	424	64
sprites/en2/2/en2_a12_defo1.png	424	61
sprites/en2/2/en2_a12_defo1f.png	372	56
sprites/en2/2/en2_a12_defo2.png	424	61
sprites/en2/2/en2_a12_defo2a.png	424	61
sprites/en2/2/en2_a12_defo2b.png	424	61
sprites/en2/2/en2_a12_defo2c.png	368	56
sprites/en2/2/en2_a12_defo3.png	416	62
sprites/en2/2/en2_a12_defo3a.png	488	73
sprites/en2/2/en2_a12_defo3b.png	424	61
sprites/en2/2/en2_a12_defo3c.png	380	57
sprites/en2/2/en2_a13_defo1.png	424	61
sprites/en2/2/en2_a13_defo1a.png	396	60
sprites/en2/2/en2_a13_defo1b.png	424	61
sprites/en2/2/en2_a13_defo1c.png	424	61
sprites/en2/2/en2_a13_defo1e.png	420	64
sprites/en2/2/en2_a13_defo1f.png	372	56
sprites/en2/2/en2_a13_defo2.png	424	61
sprites/en2/2/en2_a13_defo2a.png	424	61
sprites/en2/2/en2_a13_defo2b.png	424	61
sprites/en2/2/en2_a14_defo1f.png	372	56
sprites/en2/2/en2_a14_defo2a.png	424	61
sprites/en2/2/en2_a15_defo1b.png	424	61
sprites/en2/2/en2_a15_defo2.png	424	61
sprites/en2/2/en2_a15_defo2a.png	424	61
sprites/en2/2/en2_a15_defo2b.png	424	61
sprites/en2/2/en2_a15_defo3.png	416	62
sprites/en2/2/en2_a15_defo3a.png	488	73
sprites/en2/2/en2_a15_defo3b.png	424	61
sprites/en2/2/en2_a15_defo3c.png	380	57
sprites/en2/2/en2_a15_defo4a.png	424	61
sprites/en2/2/en2_a15_defo4b.png	424	64
sprites/en2/2/en2_b11_buu1.png	376	57
sprites/en2/2/en2_b11_defo3c.png	376	57
sprites/en2/2/en2_b11_defo4b.png	376	57
sprites/enj/1/enj_a11_defo1.png	734	1120
sprites/enj/1/enj_a11_defo2.png	734	1120
sprites/enj/1/enj_a11_fuman1.png	734	1120
sprites/enj/1/enj_a11_fuman2.png	734	1120
sprites/enj/1/enj_a11_hanbeso1.png	734	1120
sprites/enj/1/enj_a11_hanbeso2.png	734	1120
sprites/enj/1/enj_a11_hanbeso3.png	734	1120
sprites/enj/1/enj_a11_ikari1.png	734	1120
sprites/enj/1/enj_a11_ikari2.png	734	1120
sprites/enj/1/enj_a11_komaru1.png	734	1120
sprites/enj/1/enj_a11_komaru2.png	734	1120
sprites/enj/1/enj_a11_majime1.png	734	1120
sprites/enj/1/enj_a11_naku1.png	734	1120
sprites/enj/1/enj_a11_nayamu1.png	734	1120
sprites/enj/1/enj_a11_nayamu2.png	734	1120
sprites/enj/1/enj_a11_warai1.png	734	1120
sprites/enj/1/enj_a13_defo1.png	795	1120
sprites/enj/1/enj_a13_fuman1.png	795	1120
sprites/enj/1/enj_a13_fuman2.png	795	1120
sprites/enj/1/enj_a13_ikari1.png	795	1120
sprites/enj/1/enj_a13_majime1.png	795	1120
sprites/enj/1/enj_a13_nayamu1.png	795	1120
sprites/enj/1/enj_a13_nayamu2.png	795	1120
sprites/enj/1/enj_a21_fuman1.png	734	1117
sprites/enj/1/enj_a21_fuman2.png	734	1117
sprites/enj/1/enj_a21_komaru1.png	734	1117
sprites/enj/1/enj_a21_komaru4.png	734	1117
sprites/enj/1/enj_a21_komaru5.png	734	1117
sprites/enj/1/enj_a21_naku2.png	734	1117
sprites/enj/1/enj_a22_komaru4.png	849	1117
sprites/enj/1/enj_a22_naku2.png	849	1117
sprites/enj/1/enj_a23_fuman1.png	795	1117
sprites/enj/1/enj_a23_fuman2.png	795	1117
sprites/enj/1/enj_a23_komaru4.png	795	1117
sprites/enj/1/enj_a31_defo1.png	734	1104
sprites/enj/1/enj_a31_fuman1.png	734	1104
sprites/enj/1/enj_a31_ikari1.png	734	1104
sprites/enj/1/enj_a31_komaru1.png	734	1104
sprites/enj/1/enj_a31_komaru2.png	734	1104
sprites/enj/1/enj_a31_komaru3.png	734	1104
sprites/enj/1/enj_a31_komaru5.png	734	1104
sprites/enj/1/enj_a33_defo1.png	795	1104
sprites/enj/1/enj_a33_fuman1.png	795	1104
sprites/enj/1/enj_a33_komaru3.png	795	1104
sprites/enj/1/enj_a33_komaru5.png	795	1104
sprites/enj/1/enj_b11_hanbeso2.png	510	1120
sprites/enj/1/enj_b11_komaru2.png	510	1120
sprites/enj/1/enj_b11_nayamu1.png	510	1120
sprites/enj/1/enj_b11_warai1.png	510	1120
sprites/enj/1/enj_b11_warai3.png	510	1120
sprites/enj/1/enj_b12_defo1.png	588	1120
sprites/enj/1/enj_b12_komaru2.png	588	1120
sprites/enj/1/enj_b12_nayamu1.png	588	1120
sprites/enj/1/enj_b21_fuman2.png	510	1117
sprites/enj/1/enj_b21_komaru1.png	510	1117
sprites/enj/1/enj_b21_komaru4.png	510	1117
sprites/enj/1/enj_b21_naku2.png	510	1117
sprites/enj/1/enj_c11_defo1.png	810	1120
sprites/enj/1/enj_c11_defo2.png	810	1120
sprites/enj/1/enj_c11_fuman2.png	810	1120
sprites/enj/1/enj_c11_hanbeso1.png	810	1120
sprites/enj/1/enj_c11_hanbeso2.png	810	1120
sprites/enj/1/enj_c11_hanbeso3.png	810	1120
sprites/enj/1/enj_c11_ikari2.png	810	1120
sprites/enj/1/enj_c11_komaru1.png	810	1120
sprites/enj/1/enj_c11_komaru2.png	810	1120
sprites/enj/1/enj_c11_naku1.png	810	1120
sprites/enj/1/enj_c11_nayamu1.png	810	1120
sprites/enj/1/enj_c11_warai1.png	810	1120
sprites/enj/1/enj_c11_warai2.png	810	1120
sprites/enj/1/enj_c11_warai3.png	810	1120
sprites/enj/1/enj_c12_komaru1.png	655	1120
sprites/enj/1/enj_d11_defo1.png	1051	1242
sprites/enj/1/enj_d11_fuman1.png	1051	1242
sprites/enj/1/enj_d11_fuman2.png	1051	1242
sprites/enj/1/enj_d11_ikari1.png	1051	1242
sprites/enj/1/enj_d11_ikari2.png	1051	1242
sprites/enj/1/enj_d11_komaru2.png	1051	1242
sprites/enj/1/enj_d11_nayamu1.png	1051	1242
sprites/enj/1/enj_d11_nayamu2.png	1051	1242
sprites/enj/1/enj_d21_komaru4.png	1051	1228
sprites/enj/1/enj_d31_ikari2.png	1051	1207
sprites/enj/1/enj_d31_komaru3.png	1051	1207
sprites/enj/1/enj_d31_komaru5.png	1051	1207
sprites/enj/2/enj_a11_defo1.png	216	41
sprites/enj/2/enj_a11_defo2.png	340	39
sprites/enj/2/enj_a11_fuman1.png	340	47
sprites/enj/2/enj_a11_fuman2.png	340	34
sprites/enj/2/enj_a11_hanbeso1.png	340	41
sprites/enj/2/enj_a11_hanbeso2.png	508	66
sprites/enj/2/enj_a11_hanbeso3.png	340	51
sprites/enj/2/enj_a11_ikari1.png	340	50
sprites/enj/2/enj_a11_ikari2.png	340	44
sprites/enj/2/enj_a11_komaru1.png	340	30
sprites/enj/2/enj_a11_komaru2.png	340	33
sprites/enj/2/enj_a11_majime1.png	340	36
sprites/enj/2/enj_a11_naku1.png	436	32
sprites/enj/2/enj_a11_nayamu1.png	340	31
sprites/enj/2/enj_a11_nayamu2.png	312	56
sprites/enj/2/enj_a11_warai1.png	340	50
sprites/enj/2/enj_a11_warai2.png	340	57
sprites/enj/2/enj_a13_defo1.png	216	41
sprites/enj/2/enj_a13_fuman1.png	340	47
sprites/enj/2/enj_a13_fuman2.png	340	34
sprites/enj/2/enj_a13_ikari1.png	340	50
sprites/enj/2/enj_a13_majime1.png	340	36
sprites/enj/2/enj_a13_nayamu1.png	340	31
sprites/enj/2/enj_a13_nayamu2.png	312	56
sprites/enj/2/enj_a21_fuman1.png	316	52
sprites/enj/2/enj_a21_fuman2.png	316	52
sprites/enj/2/enj_a21_komaru1.png	328	54
sprites/enj/2/enj_a21_komaru4.png	464	60
sprites/enj/2/enj_a21_komaru5.png	340	56
sprites/enj/2/enj_a21_naku2.png	352	85
sprites/enj/2/enj_a22_komaru4.png	440	60
sprites/enj/2/enj_a22_naku2.png	352	84
sprites/enj/2/enj_a23_fuman1.png	316	52
sprites/enj/2/enj_a23_fuman2.png	316	52
sprites/enj/2/enj_a23_komaru4.png	440	60
sprites/enj/2/enj_a31_defo1.png	208	40
sprites/enj/2/enj_a31_fuman1.png	228	61
sprites/enj/2/enj_a31_ikari1.png	408	76
sprites/enj/2/enj_a31_komaru1.png	228	38
sprites/enj/2/enj_a31_komaru2.png	220	35
sprites/enj/2/enj_a31_komaru3.png	216	38
sprites/enj/2/enj_a31_komaru5.png	584	70
sprites/enj/2/enj_a33_defo1.png	208	40
sprites/enj/2/enj_a33_fuman1.png	228	61
sprites/enj/2/enj_a33_komaru3.png	216	38
sprites/enj/2/enj_a33_komaru5.png	584	70
sprites/enj/2/enj_b11_hanbeso2.png	508	66
sprites/enj/2/enj_b11_komaru2.png	340	33
sprites/enj/2/enj_b11_nayamu1.png	340	31
sprites/enj/2/enj_b11_warai1.png	340	50
sprites/enj/2/enj_b11_warai3.png	504	64
sprites/enj/2/enj_b12_defo1.png	216	41
sprites/enj/2/enj_b12_komaru2.png	340	33
sprites/enj/2/enj_b12_nayamu1.png	340	31
sprites/enj/2/enj_b21_fuman2.png	160	31
sprites/enj/2/enj_b21_komaru1.png	156	34
sprites/enj/2/enj_b21_komaru4.png	456	53
sprites/enj/2/enj_b21_naku2.png	352	85
sprites/enj/2/enj_c11_defo1.png	216	41
sprites/enj/2/enj_c11_defo2.png	340	39
sprites/enj/2/enj_c11_fuman2.png	340	34
sprites/enj/2/enj_c11_hanbeso1.png	340	41
sprites/enj/2/enj_c11_hanbeso2.png	508	66
sprites/enj/2/enj_c11_hanbeso3.png	340	51
sprites/enj/2/enj_c11_ikari2.png	340	44
sprites/enj/2/enj_c11_komaru1.png	340	30
sprites/enj/2/enj_c11_komaru2.png	340	33
sprites/enj/2/enj_c11_naku1.png	436	32
sprites/enj/2/enj_c11_nayamu1.png	340	31
sprites/enj/2/enj_c11_warai1.png	340	50
sprites/enj/2/enj_c11_warai2.png	340	57
sprites/enj/2/enj_c11_warai3.png	504	64
sprites/enj/2/enj_c12_komaru1.png	340	30
sprites/enj/2/enj_d11_defo1.png	216	41
sprites/enj/2/enj_d11_fuman1.png	180	47
sprites/enj/2/enj_d11_fuman2.png	256	34
sprites/enj/2/enj_d11_ikari1.png	312	50
sprites/enj/2/enj_d11_ikari2.png	296	44
sprites/enj/2/enj_d11_komaru2.png	248	33
sprites/enj/2/enj_d11_nayamu1.png	208	31
sprites/enj/2/enj_d11_nayamu2.png	308	57
sprites/enj/2/enj_d21_komaru4.png	260	52
sprites/enj/2/enj_d31_ikari2.png	276	66
sprites/enj/2/enj_d31_komaru3.png	184	37
sprites/enj/2/enj_d31_komaru5.png	280	59
sprites/eri/1/eri_a11_akire1.png	968	1041
sprites/eri/1/eri_a11_akire2.png	968	1041
sprites/eri/1/eri_a11_akuwarai1.png	968	1041
sprites/eri/1/eri_a11_akuwarai2.png	968	1041
sprites/eri/1/eri_a11_akuwarai3.png	968	1041
sprites/eri/1/eri_a11_akuwarai4.png	968	1041
sprites/eri/1/eri_a11_akuwarai5.png	968	1041
sprites/eri/1/eri_a11_akuwarai6.png	968	1041
sprites/eri/1/eri_a11_defo1.png	968	1041
sprites/eri/1/eri_a11_defo2.png	968	1041
sprites/eri/1/eri_a11_futeki1.png	968	1041
sprites/eri/1/eri_a11_futeki1a.png	968	1041
sprites/eri/1/eri_a11_gaman1.png	968	1041
sprites/eri/1/eri_a11_gaman2.png	968	1041
sprites/eri/1/eri_a11_hanbeso1.png	968	1041
sprites/eri/1/eri_a11_hanbeso2.png	968	1041
sprites/eri/1/eri_a11_ikari1.png	968	1041
sprites/eri/1/eri_a11_ikari1a.png	968	1041
sprites/eri/1/eri_a11_komaru1.png	968	1041
sprites/eri/1/eri_a11_komaru1a.png	968	1041
sprites/eri/1/eri_a11_majime1.png	968	1041
sprites/eri/1/eri_a11_majime1a.png	968	1041
sprites/eri/1/eri_a11_majime2.png	968	1041
sprites/eri/1/eri_a11_majime3.png	968	1041
sprites/eri/1/eri_a11_majime4.png	968	1041
sprites/eri/1/eri_a11_niramu1.png	968	1041
sprites/eri/1/eri_a11_niramu1a.png	968	1041
sprites/eri/1/eri_a11_niramu2.png	968	1041
sprites/eri/1/eri_a11_niramu2a.png	968	1041
sprites/eri/1/eri_a11_odoroki1.png	968	1041
sprites/eri/1/eri_a11_odoroki2.png	968	1041
sprites/eri/1/eri_a11_warai1.png	968	1041
sprites/eri/1/eri_a11_warai2.png	968	1041
sprites/eri/1/eri_a11_warai3.png	968	1041
sprites/eri/1/eri_a11_warai4.png	968	1041
sprites/eri/1/eri_a11_warai5.png	968	1041
sprites/eri/1/eri_a12_akire1.png	968	1041
sprites/eri/1/eri_a12_akire2.png	968	1041
sprites/eri/1/eri_a12_akuwarai1.png	968	1041
sprites/eri/1/eri_a12_akuwarai2.png	968	1041
sprites/eri/1/eri_a12_akuwarai3.png	968	1041
sprites/eri/1/eri_a12_akuwarai4.png	968	1041
sprites/eri/1/eri_a12_akuwarai5.png	968	1041
sprites/eri/1/eri_a12_defo1.png	968	1041
sprites/eri/1/eri_a12_defo2.png	968	1041
sprites/eri/1/eri_a12_futeki1a.png	968	1041
sprites/eri/1/eri_a12_majime1a.png	968	1041
sprites/eri/1/eri_a12_majime2.png	968	1041
sprites/eri/1/eri_a12_majime4.png	968	1041
sprites/eri/1/eri_a12_warai2.png	968	1041
sprites/eri/1/eri_a12_warai3.png	968	1041
sprites/eri/1/eri_a12_warai4.png	968	1041
sprites/eri/1/eri_a12_warai5.png	968	1041
sprites/eri/1/eri_a13_akuwarai2.png	968	1041
sprites/eri/1/eri_a13_komaru1.png	968	1041
sprites/eri/1/eri_a13_majime4.png	968	1041
sprites/eri/1/eri_a13_warai1.png	968	1041
sprites/eri/1/eri_a13_warai3.png	968	1041
sprites/eri/1/eri_a13_warai4.png	968	1041
sprites/eri/1/eri_a13_warai5.png	968	1041
sprites/eri/1/eri_a14_akire1.png	968	1041
sprites/eri/1/eri_a14_akire2.png	968	1041
sprites/eri/1/eri_a14_akuwarai1.png	968	1041
sprites/eri/1/eri_a14_akuwarai2.png	968	1041
sprites/eri/1/eri_a14_akuwarai3.png	968	1041
sprites/eri/1/eri_a14_akuwarai4.png	968	1041
sprites/eri/1/eri_a14_akuwarai5.png	968	1041
sprites/eri/1/eri_a14_defo1.png	968	1041
sprites/eri/1/eri_a14_warai1.png	968	1041
sprites/eri/1/eri_a14_warai3.png	968	1041
sprites/eri/1/eri_a15_akuwarai1.png	968	1041
sprites/eri/1/eri_a15_akuwarai6.png	968	1041
sprites/eri/1/eri_a15_futeki1.png	968	1041
sprites/eri/1/eri_a15_futeki1a.png	968	1041
sprites/eri/1/eri_a15_majime1a.png	968	1041
sprites/eri/1/eri_a15_warai3.png	968	1041
sprites/eri/1/eri_a16_akuwarai4.png	968	1041
sprites/eri/1/eri_a16b_akire1.png	1200	1333
sprites/eri/1/eri_a16b_akuwarai1.png	1200	1333
sprites/eri/1/eri_a16b_akuwarai2.png	1200	1333
sprites/eri/1/eri_a16b_akuwarai3.png	1200	1333
sprites/eri/1/eri_a16b_akuwarai4.png	1200	1333
sprites/eri/1/eri_a16b_akuwarai6.png	1200	1333
sprites/eri/1/eri_a16b_defo2.png	1200	1333
sprites/eri/1/eri_a16b_futeki1.png	1200	1333
sprites/eri/1/eri_a16b_futeki1a.png	1200	1333
sprites/eri/1/eri_a16b_gaman2.png	1200	1333
sprites/eri/1/eri_a16b_ikari1a.png	1200	1333
sprites/eri/1/eri_a16b_majime2.png	1200	1333
sprites/eri/1/eri_a16b_majime4.png	1200	1333
sprites/eri/1/eri_a16b_niramu1a.png	1200	1333
sprites/eri/1/eri_a16b_odoroki1.png	1200	1333
sprites/eri/1/eri_a16b_odoroki2.png	1200	1333
sprites/eri/1/eri_a16b_warai5.png	1200	1333
sprites/eri/1/eri_ak11_akire1.png	968	1339
sprites/eri/1/eri_ak11_akire2.png	968	1339
sprites/eri/1/eri_ak11_akuwarai1.png	968	1339
sprites/eri/1/eri_ak11_akuwarai2.png	968	1339
sprites/eri/1/eri_ak11_akuwarai3.png	968	1339
sprites/eri/1/eri_ak11_akuwarai4.png	968	1339
sprites/eri/1/eri_ak11_akuwarai6.png	968	1339
sprites/eri/1/eri_ak11_defo1.png	968	1339
sprites/eri/1/eri_ak11_defo2.png	968	1339
sprites/eri/1/eri_ak11_komaru1.png	968	1339
sprites/eri/1/eri_ak11_majime1a.png	968	1339
sprites/eri/1/eri_ak11_majime2.png	968	1339
sprites/eri/1/eri_ak11_majime3.png	968	1339
sprites/eri/1/eri_ak11_warai1.png	968	1339
sprites/eri/1/eri_ak11_warai3.png	968	1339
sprites/eri/1/eri_ak12_akire2.png	968	1339
sprites/eri/1/eri_ak12_akuwarai1.png	968	1339
sprites/eri/1/eri_ak12_defo2.png	968	1339
sprites/eri/1/eri_ak12_futeki1.png	968	1339
sprites/eri/1/eri_ak12_warai4.png	968	1339
sprites/eri/1/eri_ak14_komaru1.png	968	1339
sprites/eri/1/eri_ak16b_akire2.png	1200	1339
sprites/eri/1/eri_ak16b_akuwarai1.png	1200	1339
sprites/eri/1/eri_ak16b_defo2.png	1200	1339
sprites/eri/1/eri_ak16b_majime2.png	1200	1339
sprites/eri/1/eri_ak16b_majime3.png	1200	1339
sprites/eri/1/eri_b11_akuwarai1.png	1109	1037
sprites/eri/1/eri_b11_akuwarai2.png	1109	1037
sprites/eri/1/eri_b11_akuwarai3.png	1109	1037
sprites/eri/1/eri_b12_akire1.png	1109	1037
sprites/eri/1/eri_b12_akuwarai1.png	1109	1037
sprites/eri/1/eri_b12_akuwarai2.png	1109	1037
sprites/eri/1/eri_b12_akuwarai3.png	1109	1037
sprites/eri/1/eri_b12_akuwarai4.png	1109	1037
sprites/eri/1/eri_b12b_akuwarai1.png	1486	1310
sprites/eri/1/eri_b12b_akuwarai2.png	1486	1310
sprites/eri/1/eri_b12b_gaman2.png	1486	1310
sprites/eri/1/eri_b12b_majime4.png	1486	1310
sprites/eri/1/eri_b12b_odoroki2.png	1486	1310
sprites/eri/1/eri_b13_akuwarai1.png	1109	1037
sprites/eri/1/eri_b13_akuwarai2.png	1109	1037
sprites/eri/1/eri_b13_akuwarai3.png	1109	1037
sprites/eri/1/eri_b13_akuwarai4.png	1109	1037
sprites/eri/1/eri_b13_futeki1.png	1109	1037
sprites/eri/1/eri_b13_gaman2.png	1109	1037
sprites/eri/1/eri_b13_ikari1.png	1109	1037
sprites/eri/1/eri_b13_odoroki1.png	1109	1037
sprites/eri/1/eri_b13_odoroki2.png	1109	1037
sprites/eri/1/eri_b13_warai2.png	1109	1037
sprites/eri/1/eri_b14b_akuwarai2.png	1475	1188
sprites/eri/1/eri_b14b_gaman2.png	1475	1188
sprites/eri/1/eri_b14b_odoroki1.png	1475	1188
sprites/eri/1/eri_b14b_odoroki2.png	1475	1188
sprites/eri/1/eri_bk12b_majime4.png	1486	1310
sprites/eri/1/eri_bk13_akuwarai6.png	1109	1302
sprites/eri/1/eri_bk14b_akire1.png	1475	1302
sprites/eri/1/eri_c11_akire2.png	935	1003
sprites/eri/1/eri_c11_akuwarai1.png	935	1003
sprites/eri/1/eri_c11_akuwarai2.png	935	1003
sprites/eri/1/eri_c11_akuwarai3.png	935	1003
sprites/eri/1/eri_c11_akuwarai4.png	935	1003
sprites/eri/1/eri_c11_akuwarai6.png	935	1003
sprites/eri/1/eri_c11_defo2.png	935	1003
sprites/eri/1/eri_c11_futeki1.png	935	1003
sprites/eri/1/eri_c11_futeki1a.png	935	1003
sprites/eri/1/eri_c11_hanbeso1.png	935	1003
sprites/eri/1/eri_c11_ikari1a.png	935	1003
sprites/eri/1/eri_c11_komaru1.png	935	1003
sprites/eri/1/eri_c11_komaru1a.png	935	1003
sprites/eri/1/eri_c11_majime1a.png	935	1003
sprites/eri/1/eri_c11_majime3.png	935	1003
sprites/eri/1/eri_c11_majime4.png	935	1003
sprites/eri/1/eri_c11_niramu1a.png	935	1003
sprites/eri/1/eri_c11_niramu2a.png	935	1003
sprites/eri/1/eri_c11_odoroki1.png	935	1003
sprites/eri/1/eri_c11_odoroki2.png	935	1003
sprites/eri/1/eri_c11_warai1.png	935	1003
sprites/eri/1/eri_c11_warai3.png	935	1003
sprites/eri/2/eri_a11_akire1.png	392	71
sprites/eri/2/eri_a11_akire2.png	392	71
sprites/eri/2/eri_a11_akuwarai1.png	392	71
sprites/eri/2/eri_a11_akuwarai2.png	252	52
sprites/eri/2/eri_a11_akuwarai3.png	392	71
sprites/eri/2/eri_a11_akuwarai4.png	392	71
sprites/eri/2/eri_a11_akuwarai5.png	392	71
sprites/eri/2/eri_a11_akuwarai6.png	444	73
sprites/eri/2/eri_a11_defo1.png	392	71
sprites/eri/2/eri_a11_defo2.png	392	71
sprites/eri/2/eri_a11_futeki1.png	392	71
sprites/eri/2/eri_a11_futeki1a.png	392	71
sprites/eri/2/eri_a11_gaman1.png	340	72
sprites/eri/2/eri_a11_gaman2.png	368	71
sprites/eri/2/eri_a11_hanbeso1.png	240	57
sprites/eri/2/eri_a11_hanbeso2.png	236	41
sprites/eri/2/eri_a11_ikari1.png	360	69
sprites/eri/2/eri_a11_ikari1a.png	360	69
sprites/eri/2/eri_a11_komaru1.png	392	71
sprites/eri/2/eri_a11_komaru1a.png	392	71
sprites/eri/2/eri_a11_majime1.png	392	71
sprites/eri/2/eri_a11_majime1a.png	392	71
sprites/eri/2/eri_a11_majime2.png	392	71
sprites/eri/2/eri_a11_majime3.png	392	71
sprites/eri/2/eri_a11_majime4.png	392	71
sprites/eri/2/eri_a11_niramu1.png	364	71
sprites/eri/2/eri_a11_niramu1a.png	364	71
sprites/eri/2/eri_a11_niramu2.png	396	72
sprites/eri/2/eri_a11_niramu2a.png	396	72
sprites/eri/2/eri_a11_odoroki1.png	376	71
sprites/eri/2/eri_a11_odoroki2.png	392	71
sprites/eri/2/eri_a11_warai1.png	392	71
sprites/eri/2/eri_a11_warai2.png	392	71
sprites/eri/2/eri_a11_warai3.png	392	105
sprites/eri/2/eri_a11_warai4.png	392	71
sprites/eri/2/eri_a11_warai5.png	392	71
sprites/eri/2/eri_a12_akire1.png	392	71
sprites/eri/2/eri_a12_akire2.png	392	71
sprites/eri/2/eri_a12_akuwarai1.png	392	71
sprites/eri/2/eri_a12_akuwarai2.png	252	52
sprites/eri/2/eri_a12_akuwarai3.png	392	71
sprites/eri/2/eri_a12_akuwarai4.png	392	71
sprites/eri/2/eri_a12_akuwarai5.png	392	71
sprites/eri/2/eri_a12_defo1.png	392	71
sprites/eri/2/eri_a12_defo2.png	392	71
sprites/eri/2/eri_a12_futeki1a.png	392	71
sprites/eri/2/eri_a12_majime1a.png	392	71
sprites/eri/2/eri_a12_majime2.png	392	71
sprites/eri/2/eri_a12_majime4.png	392	71
sprites/eri/2/eri_a12_warai2.png	392	71
sprites/eri/2/eri_a12_warai3.png	392	105
sprites/eri/2/eri_a12_warai4.png	392	71
sprites/eri/2/eri_a12_warai5.png	392	71
sprites/eri/2/eri_a13_akuwarai2.png	252	52
sprites/eri/2/eri_a13_komaru1.png	392	71
sprites/eri/2/eri_a13_majime4.png	392	71
sprites/eri/2/eri_a13_warai1.png	392	71
sprites/eri/2/eri_a13_warai3.png	392	105
sprites/eri/2/eri_a13_warai4.png	392	71
sprites/eri/2/eri_a13_warai5.png	392	71
sprites/eri/2/eri_a14_akire1.png	392	71
sprites/eri/2/eri_a14_akire2.png	392	71
sprites/eri/2/eri_a14_akuwarai1.png	392	71
sprites/eri/2/eri_a14_akuwarai2.png	252	52
sprites/eri/2/eri_a14_akuwarai3.png	392	71
sprites/eri/2/eri_a14_akuwarai4.png	392	71
sprites/eri/2/eri_a14_akuwarai5.png	392	71
sprites/eri/2/eri_a14_defo1.png	392	71
sprites/eri/2/eri_a14_warai1.png	392	71
sprites/eri/2/eri_a14_warai3.png	392	105
sprites/eri/2/eri_a15_akuwarai1.png	392	71
sprites/eri/2/eri_a15_akuwarai6.png	444	76
sprites/eri/2/eri_a15_futeki1.png	392	71
sprites/eri/2/eri_a15_futeki1a.png	392	71
sprites/eri/2/eri_a15_majime1a.png	392	71
sprites/eri/2/eri_a15_warai3.png	392	105
sprites/eri/2/eri_a16_akuwarai4.png	392	71
sprites/eri/2/eri_a16b_akire1.png	392	71
sprites/eri/2/eri_a16b_akuwarai1.png	392	71
sprites/eri/2/eri_a16b_akuwarai2.png	252	52
sprites/eri/2/eri_a16b_akuwarai3.png	392	71
sprites/eri/2/eri_a16b_akuwarai4.png	392	71
sprites/eri/2/eri_a16b_akuwarai6.png	444	76
sprites/eri/2/eri_a16b_defo2.png	392	71
sprites/eri/2/eri_a16b_futeki1.png	392	71
sprites/eri/2/eri_a16b_futeki1a.png	392	71
sprites/eri/2/eri_a16b_gaman2.png	368	71
sprites/eri/2/eri_a16b_ikari1a.png	360	69
sprites/eri/2/eri_a16b_majime2.png	392	71
sprites/eri/2/eri_a16b_majime4.png	392	71
sprites/eri/2/eri_a16b_niramu1a.png	364	71
sprites/eri/2/eri_a16b_odoroki1.png	376	71
sprites/eri/2/eri_a16b_odoroki2.png	392	71
sprites/eri/2/eri_a16b_warai5.png	392	71
sprites/eri/2/eri_ak11_akire1.png	392	71
sprites/eri/2/eri_ak11_akire2.png	392	71
sprites/eri/2/eri_ak11_akuwarai1.png	392	71
sprites/eri/2/eri_ak11_akuwarai2.png	252	52
sprites/eri/2/eri_ak11_akuwarai3.png	392	71
sprites/eri/2/eri_ak11_akuwarai4.png	392	71
sprites/eri/2/eri_ak11_akuwarai6.png	444	76
sprites/eri/2/eri_ak11_defo1.png	392	71
sprites/eri/2/eri_ak11_defo2.png	392	71
sprites/eri/2/eri_ak11_komaru1.png	392	71
sprites/eri/2/eri_ak11_majime1a.png	392	71
sprites/eri/2/eri_ak11_majime2.png	392	71
sprites/eri/2/eri_ak11_majime3.png	392	71
sprites/eri/2/eri_ak11_warai1.png	392	71
sprites/eri/2/eri_ak11_warai3.png	392	105
sprites/eri/2/eri_ak12_akire2.png	392	71
sprites/eri/2/eri_ak12_akuwarai1.png	392	71
sprites/eri/2/eri_ak12_defo2.png	392	71
sprites/eri/2/eri_ak12_futeki1.png	392	71
sprites/eri/2/eri_ak12_warai4.png	392	71
sprites/eri/2/eri_ak14_komaru1.png	392	71
sprites/eri/2/eri_ak16b_akire2.png	392	71
sprites/eri/2/eri_ak16b_akuwarai1.png	392	71
sprites/eri/2/eri_ak16b_defo2.png	392	71
sprites/eri/2/eri_ak16b_majime2.png	392	71
sprites/eri/2/eri_ak16b_majime3.png	392	71
sprites/eri/2/eri_b11_akuwarai1.png	396	57
sprites/eri/2/eri_b11_akuwarai2.png	396	57
sprites/eri/2/eri_b11_akuwarai3.png	396	57
sprites/eri/2/eri_b12_akire1.png	396	57
sprites/eri/2/eri_b12_akuwarai1.png	396	57
sprites/eri/2/eri_b12_akuwarai2.png	396	57
sprites/eri/2/eri_b12_akuwarai3.png	396	57
sprites/eri/2/eri_b12_akuwarai4.png	396	57
sprites/eri/2/eri_b12b_akuwarai1.png	396	57
sprites/eri/2/eri_b12b_akuwarai2.png	396	57
sprites/eri/2/eri_b12b_gaman2.png	396	57
sprites/eri/2/eri_b12b_majime4.png	396	57
sprites/eri/2/eri_b12b_odoroki2.png	396	57
sprites/eri/2/eri_b13_akuwarai1.png	396	57
sprites/eri/2/eri_b13_akuwarai2.png	396	57
sprites/eri/2/eri_b13_akuwarai3.png	396	57
sprites/eri/2/eri_b13_akuwarai4.png	396	57
sprites/eri/2/eri_b13_futeki1.png	396	57
sprites/eri/2/eri_b13_gaman2.png	396	57
sprites/eri/2/eri_b13_ikari1.png	396	57
sprites/eri/2/eri_b13_odoroki1.png	396	57
sprites/eri/2/eri_b13_odoroki2.png	396	57
sprites/eri/2/eri_b13_warai2.png	396	57
sprites/eri/2/eri_b14b_akuwarai2.png	396	57
sprites/eri/2/eri_b14b_gaman2.png	396	57
sprites/eri/2/eri_b14b_odoroki1.png	396	57
sprites/eri/2/eri_b14b_odoroki2.png	396	57
sprites/eri/2/eri_bk12b_majime4.png	396	57
sprites/eri/2/eri_bk13_akuwarai6.png	396	57
sprites/eri/2/eri_bk14b_akire1.png	396	57
sprites/eri/2/eri_c11_akire2.png	392	71
sprites/eri/2/eri_c11_akuwarai1.png	392	71
sprites/eri/2/eri_c11_akuwarai2.png	252	52
sprites/eri/2/eri_c11_akuwarai3.png	392	71
sprites/eri/2/eri_c11_akuwarai4.png	392	71
sprites/eri/2/eri_c11_akuwarai6.png	444	76
sprites/eri/2/eri_c11_defo2.png	392	71
sprites/eri/2/eri_c11_futeki1.png	392	71
sprites/eri/2/eri_c11_futeki1a.png	392	71
sprites/eri/2/eri_c11_hanbeso1.png	240	57
sprites/eri/2/eri_c11_ikari1a.png	360	69
sprites/eri/2/eri_c11_komaru1.png	392	71
sprites/eri/2/eri_c11_komaru1a.png	392	71
sprites/eri/2/eri_c11_majime1a.png	392	71
sprites/eri/2/eri_c11_majime3.png	392	71
sprites/eri/2/eri_c11_majime4.png	392	71
sprites/eri/2/eri_c11_niramu1a.png	364	71
sprites/eri/2/eri_c11_niramu2a.png	396	72
sprites/eri/2/eri_c11_odoroki1.png	376	71
sprites/eri/2/eri_c11_odoroki2.png	392	71
sprites/eri/2/eri_c11_warai1.png	392	71
sprites/eri/2/eri_c11_warai3.png	392	105
sprites/ev2/1/ev2_a11_akuwarai1.png	1187	1064
sprites/ev2/1/ev2_a11_akuwarai2.png	1187	1064
sprites/ev2/1/ev2_a11_akuwarai3.png	1187	1064
sprites/ev2/1/ev2_a11_akuwarai4.png	1187	1064
sprites/ev2/1/ev2_a11_akuwarai5.png	1187	1064
sprites/ev2/1/ev2_a11_akuwarai6.png	1187	1064
sprites/ev2/1/ev2_a11_akuwarai7.png	1187	1064
sprites/ev2/1/ev2_a11_akuwarai8.png	1187	1064
sprites/ev2/1/ev2_a11_defo1.png	1187	1064
sprites/ev2/1/ev2_a11_fukigen1.png	1187	1064
sprites/ev2/1/ev2_a11_fukigen2.png	1187	1064
sprites/ev2/1/ev2_a11_fukigen3.png	1187	1064
sprites/ev2/1/ev2_a11_hohoemi1.png	1187	1064
sprites/ev2/1/ev2_a11_hohoemi2.png	1187	1064
sprites/ev2/1/ev2_a11_ikari1.png	1187	1064
sprites/ev2/1/ev2_a11_ikari2.png	1187	1064
sprites/ev2/1/ev2_a11_komaru1.png	1187	1064
sprites/ev2/1/ev2_a11_niramu1.png	1187	1064
sprites/ev2/1/ev2_a11_niramu2.png	1187	1064
sprites/ev2/1/ev2_a11_niramu3.png	1187	1064
sprites/ev2/1/ev2_a11_odoroki1.png	1187	1064
sprites/ev2/1/ev2_a11_odoroki2.png	1187	1064
sprites/ev2/1/ev2_a11_tokui1.png	1187	1064
sprites/ev2/1/ev2_a11_warai1.png	1187	1064
sprites/ev2/1/ev2_a11_warai2.png	1187	1064
sprites/ev2/1/ev2_a11k_akuwarai7k.png	1187	1064
sprites/ev2/1/ev2_a12_akuwarai1.png	1184	1064
sprites/ev2/1/ev2_a12_akuwarai2.png	1184	1064
sprites/ev2/1/ev2_a12_akuwarai4.png	1184	1064
sprites/ev2/1/ev2_a12_akuwarai5.png	1184	1064
sprites/ev2/1/ev2_a12_akuwarai7.png	1184	1064
sprites/ev2/1/ev2_a12_akuwarai8.png	1184	1064
sprites/ev2/1/ev2_a12_defo1.png	1184	1064
sprites/ev2/1/ev2_a12_fukigen1.png	1184	1064
sprites/ev2/1/ev2_a12_fukigen2.png	1184	1064
sprites/ev2/1/ev2_a12_hohoemi1.png	1184	1064
sprites/ev2/1/ev2_a12_niramu1.png	1184	1064
sprites/ev2/1/ev2_a12_niramu2.png	1184	1064
sprites/ev2/1/ev2_a12_odoroki1.png	1184	1064
sprites/ev2/1/ev2_a12_tokui1.png	1184	1064
sprites/ev2/1/ev2_a12_warai1.png	1184	1064
sprites/ev2/1/ev2_a13_akuwarai2.png	1296	1064
sprites/ev2/1/ev2_a13_akuwarai5.png	1296	1064
sprites/ev2/1/ev2_a13_akuwarai6.png	1296	1064
sprites/ev2/1/ev2_a13_akuwarai7.png	1296	1064
sprites/ev2/1/ev2_a13_fukigen2.png	1296	1064
sprites/ev2/1/ev2_a13_ikari2.png	1296	1064
sprites/ev2/1/ev2_a13_niramu1.png	1296	1064
sprites/ev2/1/ev2_a13_niramu3.png	1296	1064
sprites/ev2/1/ev2_a13_odoroki1.png	1296	1064
sprites/ev2/1/ev2_a13_tokui1.png	1296	1064
sprites/ev2/1/ev2_a14_akuwarai1.png	860	1091
sprites/ev2/1/ev2_a14_akuwarai2.png	860	1091
sprites/ev2/1/ev2_a14_akuwarai3.png	860	1091
sprites/ev2/1/ev2_a14_akuwarai4.png	860	1091
sprites/ev2/1/ev2_a14_akuwarai5.png	860	1091
sprites/ev2/1/ev2_a14_akuwarai6.png	860	1091
sprites/ev2/1/ev2_a14_akuwarai8.png	860	1091
sprites/ev2/1/ev2_a14_fukigen2.png	860	1091
sprites/ev2/1/ev2_a14_hohoemi1.png	860	1091
sprites/ev2/1/ev2_a14_hohoemi2.png	860	1091
sprites/ev2/1/ev2_a14_niramu1.png	860	1091
sprites/ev2/1/ev2_a14_niramu3.png	860	1091
sprites/ev2/1/ev2_b11_akuwarai5.png	644	1052
sprites/ev2/1/ev2_b11_defo1.png	644	1052
sprites/ev2/1/ev2_b11_fukigen1.png	644	1052
sprites/ev2/1/ev2_b11_fukigen2.png	644	1052
sprites/ev2/1/ev2_b11_fukigen3.png	644	1052
sprites/ev2/1/ev2_b11_hohoemi1.png	644	1052
sprites/ev2/1/ev2_b11_hohoemi2.png	644	1052
sprites/ev2/1/ev2_b11_ikari1.png	644	1052
sprites/ev2/1/ev2_b11_ikari2.png	644	1052
sprites/ev2/1/ev2_b11_komaru1.png	644	1052
sprites/ev2/1/ev2_b11_niramu1.png	644	1052
sprites/ev2/1/ev2_b11_niramu2.png	644	1052
sprites/ev2/1/ev2_b11_odoroki1.png	644	1052
sprites/ev2/1/ev2_b11_odoroki2.png	644	1052
sprites/ev2/1/ev2_b11_warai1.png	644	1052
sprites/ev2/1/ev2_b11_warai2.png	644	1052
sprites/ev2/1/ev2_b12_defo1.png	715	1052
sprites/ev2/1/ev2_b12_fukigen1.png	715	1052
sprites/ev2/1/ev2_b12_fukigen2.png	715	1052
sprites/ev2/2/ev2_a11_akuwarai1.png	364	58
sprites/ev2/2/ev2_a11_akuwarai2.png	304	56
sprites/ev2/2/ev2_a11_akuwarai3.png	324	53
sprites/ev2/2/ev2_a11_akuwarai4.png	568	78
sprites/ev2/2/ev2_a11_akuwarai5.png	408	76
sprites/ev2/2/ev2_a11_akuwarai6.png	376	104
sprites/ev2/2/ev2_a11_akuwarai7.png	556	113
sprites/ev2/2/ev2_a11_akuwarai8.png	436	102
sprites/ev2/2/ev2_a11_defo1.png	340	64
sprites/ev2/2/ev2_a11_fukigen1.png	192	31
sprites/ev2/2/ev2_a11_fukigen2.png	280	32
sprites/ev2/2/ev2_a11_fukigen3.png	272	52
sprites/ev2/2/ev2_a11_hohoemi1.png	332	64
sprites/ev2/2/ev2_a11_hohoemi2.png	224	39
sprites/ev2/2/ev2_a11_ikari1.png	364	62
sprites/ev2/2/ev2_a11_ikari2.png	236	52
sprites/ev2/2/ev2_a11_komaru1.png	188	35
sprites/ev2/2/ev2_a11_niramu1.png	296	50
sprites/ev2/2/ev2_a11_niramu2.png	204	38
sprites/ev2/2/ev2_a11_niramu3.png	468	74
sprites/ev2/2/ev2_a11_odoroki1.png	564	104
sprites/ev2/2/ev2_a11_odoroki2.png	276	51
sprites/ev2/2/ev2_a11_tokui1.png	224	54
sprites/ev2/2/ev2_a11_warai1.png	300	106
sprites/ev2/2/ev2_a11_warai2.png	284	56
sprites/ev2/2/ev2_a12_akuwarai1.png	364	58
sprites/ev2/2/ev2_a12_akuwarai2.png	304	56
sprites/ev2/2/ev2_a12_akuwarai4.png	568	78
sprites/ev2/2/ev2_a12_akuwarai5.png	408	76
sprites/ev2/2/ev2_a12_akuwarai7.png	556	113
sprites/ev2/2/ev2_a12_akuwarai8.png	436	102
sprites/ev2/2/ev2_a12_defo1.png	340	64
sprites/ev2/2/ev2_a12_fukigen1.png	192	31
sprites/ev2/2/ev2_a12_fukigen2.png	280	32
sprites/ev2/2/ev2_a12_hohoemi1.png	332	64
sprites/ev2/2/ev2_a12_niramu1.png	296	50
sprites/ev2/2/ev2_a12_niramu2.png	204	38
sprites/ev2/2/ev2_a12_odoroki1.png	564	104
sprites/ev2/2/ev2_a12_tokui1.png	224	54
sprites/ev2/2/ev2_a12_warai1.png	300	106
sprites/ev2/2/ev2_a13_akuwarai2.png	304	56
sprites/ev2/2/ev2_a13_akuwarai5.png	408	76
sprites/ev2/2/ev2_a13_akuwarai6.png	376	104
sprites/ev2/2/ev2_a13_akuwarai7.png	556	113
sprites/ev2/2/ev2_a13_fukigen2.png	280	32
sprites/ev2/2/ev2_a13_ikari2.png	236	52
sprites/ev2/2/ev2_a13_niramu1.png	296	50
sprites/ev2/2/ev2_a13_niramu3.png	468	74
sprites/ev2/2/ev2_a13_odoroki1.png	564	104
sprites/ev2/2/ev2_a13_tokui1.png	224	54
sprites/ev2/2/ev2_a14_akuwarai1.png	364	58
sprites/ev2/2/ev2_a14_akuwarai2.png	304	56
sprites/ev2/2/ev2_a14_akuwarai3.png	324	53
sprites/ev2/2/ev2_a14_akuwarai4.png	592	92
sprites/ev2/2/ev2_a14_akuwarai5.png	444	76
sprites/ev2/2/ev2_a14_akuwarai6.png	376	104
sprites/ev2/2/ev2_a14_akuwarai8.png	436	102
sprites/ev2/2/ev2_a14_fukigen2.png	280	32
sprites/ev2/2/ev2_a14_hohoemi1.png	332	64
sprites/ev2/2/ev2_a14_hohoemi2.png	224	39
sprites/ev2/2/ev2_a14_niramu1.png	296	50
sprites/ev2/2/ev2_a14_niramu3.png	464	74
sprites/ev2/2/ev2_b11_akuwarai5.png	408	76
sprites/ev2/2/ev2_b11_defo1.png	340	67
sprites/ev2/2/ev2_b11_fukigen1.png	316	97
sprites/ev2/2/ev2_b11_fukigen2.png	280	36
sprites/ev2/2/ev2_b11_fukigen3.png	272	52
sprites/ev2/2/ev2_b11_hohoemi1.png	332	66
sprites/ev2/2/ev2_b11_hohoemi2.png	344	97
sprites/ev2/2/ev2_b11_ikari1.png	364	62
sprites/ev2/2/ev2_b11_ikari2.png	236	52
sprites/ev2/2/ev2_b11_komaru1.png	352	97
sprites/ev2/2/ev2_b11_niramu1.png	376	97
sprites/ev2/2/ev2_b11_niramu2.png	204	38
sprites/ev2/2/ev2_b11_odoroki1.png	572	104
sprites/ev2/2/ev2_b11_odoroki2.png	276	51
sprites/ev2/2/ev2_b11_warai1.png	300	106
sprites/ev2/2/ev2_b11_warai2.png	392	102
sprites/ev2/2/ev2_b12_defo1.png	508	97
sprites/ev2/2/ev2_b12_fukigen1.png	196	32
sprites/ev2/2/ev2_b12_fukigen2.png	280	36
sprites/eva/1/eva_a11_akire1.png	468	1141
sprites/eva/1/eva_a11_akuwarai1.png	468	1141
sprites/eva/1/eva_a11_defo1.png	468	1141
sprites/eva/1/eva_a11_futeki1.png	468	1141
sprites/eva/1/eva_a11_hohoemi1.png	468	1141
sprites/eva/1/eva_a11_ikari2.png	468	1141
sprites/eva/1/eva_a11_komaru1.png	468	1141
sprites/eva/1/eva_a11_majime1.png	468	1141
sprites/eva/1/eva_a11_odoroki2.png	468	1141
sprites/eva/1/eva_a11_warai1.png	468	1141
sprites/eva/1/eva_b11_defo1.png	788	1141
sprites/eva/1/eva_b11_hohoemi1.png	788	1141
sprites/eva/1/eva_b11_ikari2.png	788	1141
sprites/eva/1/eva_b11_odoroki2.png	788	1141
sprites/eva/1/eva_b11_warai1.png	788	1141
sprites/eva/1/eva_b21_akire1go.png	788	1155
sprites/eva/1/eva_b21_akire2.png	788	1155
sprites/eva/1/eva_b21_akire2go.png	788	1155
sprites/eva/1/eva_b21_futeki1.png	788	1155
sprites/eva/1/eva_b21_ikari1.png	788	1155
sprites/eva/1/eva_b21_ikari2.png	788	1155
sprites/eva/1/eva_b21_komaru4.png	788	1155
sprites/eva/1/eva_b21_majime1.png	788	1155
sprites/eva/1/eva_b21_odoroki1.png	788	1155
sprites/eva/1/eva_b22_akire1.png	510	1155
sprites/eva/1/eva_b22_akire2.png	510	1155
sprites/eva/1/eva_b22_akire2go.png	510	1155
sprites/eva/1/eva_b22_warai1.png	510	1155
sprites/eva/1/eva_b23_akire1.png	792	1155
sprites/eva/1/eva_b23_akire2.png	792	1155
sprites/eva/1/eva_b23_defo1.png	792	1155
sprites/eva/1/eva_b23_hohoemi1.png	792	1155
sprites/eva/1/eva_b23_hohoemi2.png	792	1155
sprites/eva/1/eva_b23_ikari1.png	792	1155
sprites/eva/1/eva_b23_ikari2.png	792	1155
sprites/eva/1/eva_b23_komaru1.png	792	1155
sprites/eva/1/eva_b23_komaru4.png	792	1155
sprites/eva/1/eva_b23_majime1.png	792	1155
sprites/eva/1/eva_b23_odoroki1.png	792	1155
sprites/eva/1/eva_b23_odoroki2.png	792	1155
sprites/eva/1/eva_b24_akire1.png	490	1155
sprites/eva/1/eva_b24_akire2.png	490	1155
sprites/eva/1/eva_b24_defo1.png	490	1155
sprites/eva/1/eva_b24_futeki1.png	490	1155
sprites/eva/1/eva_b24_hohoemi1.png	490	1155
sprites/eva/1/eva_b24_ikari1.png	490	1155
sprites/eva/1/eva_b24_ikari2.png	490	1155
sprites/eva/1/eva_b24_komaru1.png	490	1155
sprites/eva/1/eva_b24_komaru4.png	490	1155
sprites/eva/1/eva_b24_majime1.png	490	1155
sprites/eva/1/eva_b24_naku2.png	490	1155
sprites/eva/1/eva_b24_naku3.png	490	1155
sprites/eva/1/eva_b24_naku4.png	490	1155
sprites/eva/1/eva_b24_naku5star.png	490	1155
sprites/eva/1/eva_b24_odoroki1.png	490	1155
sprites/eva/1/eva_b24_odoroki2.png	490	1155
sprites/eva/1/eva_b24_warai1.png	490	1155
sprites/eva/1/eva_b25_akire1go.png	510	1155
sprites/eva/1/eva_b25_akire2go.png	510	1155
sprites/eva/1/eva_b25_akuwarai1.png	510	1155
sprites/eva/1/eva_b25_defo1.png	510	1155
sprites/eva/1/eva_b25_futeki1.png	510	1155
sprites/eva/1/eva_b25_hohoemi1.png	510	1155
sprites/eva/1/eva_b25_hohoemi2.png	510	1155
sprites/eva/1/eva_b25_ikari1.png	510	1155
sprites/eva/1/eva_b25_ikari2.png	510	1155
sprites/eva/1/eva_b25_komaru1.png	510	1155
sprites/eva/1/eva_b25_komaru2.png	510	1155
sprites/eva/1/eva_b25_komaru4.png	510	1155
sprites/eva/1/eva_b25_majime1.png	510	1155
sprites/eva/1/eva_b25_naku1.png	510	1155
sprites/eva/1/eva_b25_naku2.png	510	1155
sprites/eva/1/eva_b25_naku3.png	510	1155
sprites/eva/1/eva_b25_naku4.png	510	1155
sprites/eva/1/eva_b25_naku5star.png	510	1155
sprites/eva/1/eva_b25_odoroki1.png	510	1155
sprites/eva/1/eva_b25_odoroki2.png	510	1155
sprites/eva/1/eva_b25_warai1.png	510	1155
sprites/eva/1/eva_b26_akire2go.png	499	1155
sprites/eva/1/eva_b26_akuwarai1.png	499	1155
sprites/eva/1/eva_b26_ikari2.png	499	1155
sprites/eva/1/eva_b26_naku3.png	499	1155
sprites/eva/1/eva_b26_naku4.png	499	1155
sprites/eva/1/eva_b26_naku5star.png	499	1155
sprites/eva/1/eva_b26_odoroki1.png	499	1155
sprites/eva/1/eva_b26_warai1.png	499	1155
sprites/eva/1/eva_b32_naku1.png	510	1118
sprites/eva/2/eva_a11_akire1.png	268	26
sprites/eva/2/eva_a11_akuwarai1.png	244	56
sprites/eva/2/eva_a11_defo1.png	248	35
sprites/eva/2/eva_a11_futeki1.png	360	34
sprites/eva/2/eva_a11_hohoemi1.png	272	20
sprites/eva/2/eva_a11_ikari2.png	216	54
sprites/eva/2/eva_a11_komaru1.png	204	28
sprites/eva/2/eva_a11_majime1.png	208	22
sprites/eva/2/eva_a11_odoroki2.png	224	40
sprites/eva/2/eva_a11_warai1.png	204	49
sprites/eva/2/eva_b11_defo1.png	248	35
sprites/eva/2/eva_b11_hohoemi1.png	272	20
sprites/eva/2/eva_b11_ikari2.png	216	54
sprites/eva/2/eva_b11_odoroki2.png	224	40
sprites/eva/2/eva_b11_warai1.png	204	49
sprites/eva/2/eva_b21_akire1go.png	232	39
sprites/eva/2/eva_b21_akire2.png	208	32
sprites/eva/2/eva_b21_akire2go.png	208	32
sprites/eva/2/eva_b21_futeki1.png	240	49
sprites/eva/2/eva_b21_ikari1.png	236	45
sprites/eva/2/eva_b21_ikari2.png	244	52
sprites/eva/2/eva_b21_komaru4.png	216	35
sprites/eva/2/eva_b21_majime1.png	192	31
sprites/eva/2/eva_b21_odoroki1.png	204	36
sprites/eva/2/eva_b23_akire1.png	232	39
sprites/eva/2/eva_b23_akire2.png	208	32
sprites/eva/2/eva_b23_defo1.png	220	39
sprites/eva/2/eva_b23_hohoemi1.png	204	27
sprites/eva/2/eva_b23_hohoemi2.png	232	41
sprites/eva/2/eva_b23_ikari1.png	236	45
sprites/eva/2/eva_b23_ikari2.png	244	52
sprites/eva/2/eva_b23_komaru1.png	196	35
sprites/eva/2/eva_b23_komaru4.png	216	35
sprites/eva/2/eva_b23_majime1.png	192	31
sprites/eva/2/eva_b23_odoroki1.png	204	36
sprites/eva/2/eva_b23_odoroki2.png	260	47
sprites/eva/2/eva_b24_akire1.png	232	39
sprites/eva/2/eva_b24_akire2.png	208	32
sprites/eva/2/eva_b24_defo1.png	220	39
sprites/eva/2/eva_b24_futeki1.png	240	49
sprites/eva/2/eva_b24_hohoemi1.png	204	27
sprites/eva/2/eva_b24_ikari1.png	236	45
sprites/eva/2/eva_b24_ikari2.png	244	52
sprites/eva/2/eva_b24_komaru1.png	196	35
sprites/eva/2/eva_b24_komaru4.png	216	35
sprites/eva/2/eva_b24_majime1.png	192	31
sprites/eva/2/eva_b24_naku2.png	260	53
sprites/eva/2/eva_b24_naku3.png	324	45
sprites/eva/2/eva_b24_naku4.png	368	57
sprites/eva/2/eva_b24_naku5star.png	328	61
sprites/eva/2/eva_b24_odoroki1.png	204	36
sprites/eva/2/eva_b24_odoroki2.png	260	47
sprites/eva/2/eva_b24_warai1.png	224	40
sprites/eva/2/eva_b25_akire1go.png	232	39
sprites/eva/2/eva_b25_akire2go.png	208	32
sprites/eva/2/eva_b25_akuwarai1.png	268	50
sprites/eva/2/eva_b25_defo1.png	220	39
sprites/eva/2/eva_b25_futeki1.png	240	49
sprites/eva/2/eva_b25_hohoemi1.png	204	27
sprites/eva/2/eva_b25_hohoemi2.png	232	41
sprites/eva/2/eva_b25_ikari1.png	236	45
sprites/eva/2/eva_b25_ikari2.png	244	52
sprites/eva/2/eva_b25_komaru1.png	196	35
sprites/eva/2/eva_b25_komaru2.png	196	29
sprites/eva/2/eva_b25_komaru4.png	216	35
sprites/eva/2/eva_b25_majime1.png	192	31
sprites/eva/2/eva_b25_naku1.png	380	44
sprites/eva/2/eva_b25_naku2.png	260	53
sprites/eva/2/eva_b25_naku3.png	324	45
sprites/eva/2/eva_b25_naku4.png	368	57
sprites/eva/2/eva_b25_naku5star.png	328	61
sprites/eva/2/eva_b25_odoroki1.png	204	36
sprites/eva/2/eva_b25_odoroki2.png	260	47
sprites/eva/2/eva_b25_warai1.png	224	40
sprites/eva/2/eva_b26_akire2go.png	208	32
sprites/eva/2/eva_b26_akuwarai1.png	268	50
sprites/eva/2/eva_b26_ikari2.png	244	52
sprites/eva/2/eva_b26_naku3.png	324	45
sprites/eva/2/eva_b26_naku4.png	368	57
sprites/eva/2/eva_b26_naku5star.png	328	61
sprites/eva/2/eva_b26_odoroki1.png	204	36
sprites/eva/2/eva_b26_warai1.png	224	40
sprites/fea/1/fea_a11_defo1.png	882	1169
sprites/fea/1/fea_a11_defo2.png	882	1169
sprites/fea/1/fea_a11_defo3.png	882	1169
sprites/fea/1/fea_a11_defo4.png	882	1169
sprites/fea/1/fea_a11_defo5.png	882	1169
sprites/fea/1/fea_a11_warai1.png	882	1169
sprites/fea/1/fea_a11_warai2.png	882	1169
sprites/fea/1/fea_a12_defo1.png	530	1169
sprites/fea/1/fea_a12_defo2.png	530	1169
sprites/fea/1/fea_a12_warai2.png	530	1169
sprites/fea/1/fea_b11_defo1.png	954	1169
sprites/fea/1/fea_b11_defo2.png	954	1169
sprites/fea/1/fea_b11_defo3.png	954	1169
sprites/fea/1/fea_b11_defo4.png	954	1169
sprites/fea/1/fea_b11_defo5.png	954	1169
sprites/fea/1/fea_b11_warai1.png	954	1169
sprites/fea/1/fea_b11_warai2.png	954	1169
sprites/fea/1/fea_b12_defo1.png	933	1169
sprites/fea/1/fea_b12_defo2.png	933	1169
sprites/fea/1/fea_b12_defo3.png	933	1169
sprites/fea/1/fea_b12_warai2.png	933	1169
sprites/fea/2/fea_a11_defo1.png	332	70
sprites/fea/2/fea_a11_defo2.png	344	71
sprites/fea/2/fea_a11_defo3.png	408	76
sprites/fea/2/fea_a11_defo4.png	384	72
sprites/fea/2/fea_a11_defo5.png	368	76
sprites/fea/2/fea_a11_warai1.png	436	76
sprites/fea/2/fea_a11_warai2.png	416	72
sprites/fea/2/fea_a12_defo1.png	332	67
sprites/fea/2/fea_a12_defo2.png	344	62
sprites/fea/2/fea_a12_warai2.png	416	69
sprites/fea/2/fea_b11_defo1.png	332	70
sprites/fea/2/fea_b11_defo2.png	344	71
sprites/fea/2/fea_b11_defo3.png	408	76
sprites/fea/2/fea_b11_defo4.png	384	72
sprites/fea/2/fea_b11_defo5.png	368	77
sprites/fea/2/fea_b11_warai1.png	436	76
sprites/fea/2/fea_b11_warai2.png	420	71
sprites/fea/2/fea_b12_defo1.png	332	60
sprites/fea/2/fea_b12_defo2.png	344	55
sprites/fea/2/fea_b12_defo3.png	408	66
sprites/fea/2/fea_b12_warai2.png	420	60
sprites/fur/1/fur_a11_akire1.png	1209	1161
sprites/fur/1/fur_a11_defo1.png	1209	1161
sprites/fur/1/fur_a11_majime1.png	1209	1161
sprites/fur/1/fur_a11_majime2.png	1209	1161
sprites/fur/1/fur_a11_majime3.png	1209	1161
sprites/fur/1/fur_a11_majime4.png	1209	1161
sprites/fur/1/fur_a11_warai1.png	1209	1161
sprites/fur/1/fur_a11_warai2.png	1209	1161
sprites/fur/1/fur_a11_warai3.png	1209	1161
sprites/fur/1/fur_a11_warai4.png	1209	1161
sprites/fur/1/fur_a11_warai5.png	1209	1161
sprites/fur/1/fur_a11_warai6.png	1209	1161
sprites/fur/1/fur_a11_warai7.png	1209	1161
sprites/fur/1/fur_a11_warai8.png	1209	1161
sprites/fur/1/fur_a12_majime2.png	1176	1161
sprites/fur/1/fur_a12_majime3.png	1176	1161
sprites/fur/1/fur_a12_warai1.png	1176	1161
sprites/fur/1/fur_a12_warai2.png	1176	1161
sprites/fur/1/fur_a12_warai3.png	1176	1161
sprites/fur/1/fur_a12_warai5.png	1176	1161
sprites/fur/1/fur_a12_warai6.png	1176	1161
sprites/fur/1/fur_a12_warai7.png	1176	1161
sprites/fur/1/fur_a12_warai8.png	1176	1161
sprites/fur/1/fur_a13_warai1.png	1273	1161
sprites/fur/1/fur_a13_warai3.png	1273	1161
sprites/fur/1/fur_a13_warai4.png	1273	1161
sprites/fur/1/fur_a13_warai6.png	1273	1161
sprites/fur/1/fur_a13_warai7.png	1273	1161
sprites/fur/2/fur_a11_akire1.png	236	30
sprites/fur/2/fur_a11_defo1.png	276	57
sprites/fur/2/fur_a11_majime1.png	196	44
sprites/fur/2/fur_a11_majime2.png	192	51
sprites/fur/2/fur_a11_majime3.png	188	29
sprites/fur/2/fur_a11_majime4.png	172	36
sprites/fur/2/fur_a11_warai1.png	288	45
sprites/fur/2/fur_a11_warai2.png	248	60
sprites/fur/2/fur_a11_warai3.png	256	62
sprites/fur/2/fur_a11_warai4.png	292	63
sprites/fur/2/fur_a11_warai5.png	252	57
sprites/fur/2/fur_a11_warai6.png	272	62
sprites/fur/2/fur_a11_warai7.png	244	62
sprites/fur/2/fur_a11_warai8.png	256	59
sprites/fur/2/fur_a12_majime2.png	192	51
sprites/fur/2/fur_a12_majime3.png	188	29
sprites/fur/2/fur_a12_warai1.png	288	45
sprites/fur/2/fur_a12_warai2.png	248	60
sprites/fur/2/fur_a12_warai3.png	256	62
sprites/fur/2/fur_a12_warai5.png	252	57
sprites/fur/2/fur_a12_warai6.png	272	62
sprites/fur/2/fur_a12_warai7.png	244	62
sprites/fur/2/fur_a12_warai8.png	256	59
sprites/fur/2/fur_a13_warai1.png	288	45
sprites/fur/2/fur_a13_warai3.png	256	62
sprites/fur/2/fur_a13_warai4.png	292	63
sprites/fur/2/fur_a13_warai6.png	272	62
sprites/fur/2/fur_a13_warai7.png	244	62
sprites/gap/1/gap_a11_akuwarai1.png	787	1186
sprites/gap/1/gap_a11_akuwarai1a.png	787	1186
sprites/gap/1/gap_a11_akuwarai3.png	787	1186
sprites/gap/1/gap_a11_akuwarai3a.png	787	1186
sprites/gap/1/gap_a11_akuwarai4.png	787	1186
sprites/gap/1/gap_a11_akuwarai4a.png	787	1186
sprites/gap/1/gap_a11_akuwarai5.png	787	1186
sprites/gap/1/gap_a11_aseru1.png	787	1186
sprites/gap/1/gap_a11_defo1.png	787	1186
sprites/gap/1/gap_a11_defo1a.png	787	1186
sprites/gap/1/gap_a11_defo2.png	787	1186
sprites/gap/1/gap_a11_defo2a.png	787	1186
sprites/gap/1/gap_a11_ikari1.png	787	1186
sprites/gap/1/gap_a11_ikari1a.png	787	1186
sprites/gap/1/gap_a11_warai2.png	787	1186
sprites/gap/1/gap_a11_warai2a.png	787	1186
sprites/gap/1/gap_a11_warai3.png	787	1186
sprites/gap/1/gap_a11_warai3a.png	787	1186
sprites/gap/1/gap_a12_akuwarai1.png	787	1186
sprites/gap/1/gap_a12_akuwarai4.png	787	1186
sprites/gap/1/gap_a12_defo1.png	787	1186
sprites/gap/1/gap_a12_warai2.png	787	1186
sprites/gap/1/gap_a12_warai3.png	787	1186
sprites/gap/1/gap_a13_akuwarai1.png	787	1186
sprites/gap/1/gap_a13_akuwarai3.png	787	1186
sprites/gap/1/gap_a13_defo2.png	787	1186
sprites/gap/1/gap_a13_warai2.png	787	1186
sprites/gap/1/gap_a13_warai3.png	787	1186
sprites/gap/1/gap_a14_akuwarai1.png	956	1186
sprites/gap/1/gap_a14_akuwarai4.png	956	1186
sprites/gap/1/gap_a14_ikari1.png	956	1186
sprites/gap/1/gap_a14_warai2.png	956	1186
sprites/gap/1/gap_a15_akuwarai1.png	931	1186
sprites/gap/1/gap_a15_akuwarai4.png	931	1186
sprites/gap/1/gap_a15_aseru1.png	931	1186
sprites/gap/1/gap_a15_defo2.png	931	1186
sprites/gap/2/gap_a11_akuwarai1.png	480	66
sprites/gap/2/gap_a11_akuwarai1a.png	284	66
sprites/gap/2/gap_a11_akuwarai3.png	380	76
sprites/gap/2/gap_a11_akuwarai3a.png	380	76
sprites/gap/2/gap_a11_akuwarai4.png	276	60
sprites/gap/2/gap_a11_akuwarai4a.png	276	60
sprites/gap/2/gap_a11_akuwarai5.png	308	69
sprites/gap/2/gap_a11_aseru1.png	272	58
sprites/gap/2/gap_a11_defo1.png	280	46
sprites/gap/2/gap_a11_defo1a.png	280	46
sprites/gap/2/gap_a11_defo2.png	284	42
sprites/gap/2/gap_a11_defo2a.png	284	42
sprites/gap/2/gap_a11_ikari1.png	268	55
sprites/gap/2/gap_a11_ikari1a.png	268	55
sprites/gap/2/gap_a11_warai2.png	264	45
sprites/gap/2/gap_a11_warai2a.png	264	45
sprites/gap/2/gap_a11_warai3.png	208	46
sprites/gap/2/gap_a11_warai3a.png	208	46
sprites/gap/2/gap_a12_akuwarai1.png	284	66
sprites/gap/2/gap_a12_akuwarai4.png	276	60
sprites/gap/2/gap_a12_defo1.png	280	46
sprites/gap/2/gap_a12_warai2.png	264	45
sprites/gap/2/gap_a12_warai3.png	208	46
sprites/gap/2/gap_a13_akuwarai1.png	280	66
sprites/gap/2/gap_a13_akuwarai3.png	380	76
sprites/gap/2/gap_a13_defo2.png	284	42
sprites/gap/2/gap_a13_warai2.png	276	46
sprites/gap/2/gap_a13_warai3.png	208	46
sprites/gap/2/gap_a14_akuwarai1.png	284	66
sprites/gap/2/gap_a14_akuwarai4.png	276	60
sprites/gap/2/gap_a14_ikari1.png	268	55
sprites/gap/2/gap_a14_warai2.png	264	45
sprites/gap/2/gap_a15_akuwarai1.png	284	66
sprites/gap/2/gap_a15_akuwarai4.png	276	60
sprites/gap/2/gap_a15_aseru1.png	272	58
sprites/gap/2/gap_a15_defo2.png	284	42
sprites/gen/1/gen_a11_defo1.png	770	1165
sprites/gen/1/gen_a11_komaru1.png	770	1165
sprites/gen/1/gen_a11_majime1.png	770	1165
sprites/gen/1/gen_a11_odoroki1.png	770	1165
sprites/gen/1/gen_a12_komaru1.png	792	1165
sprites/gen/1/gen_a12_majime1.png	792	1165
sprites/gen/1/gen_a21_defo1.png	770	1162
sprites/gen/1/gen_a21_kashikomari1.png	770	1162
sprites/gen/1/gen_a21_shian1.png	770	1162
sprites/gen/2/gen_a11_defo1.png	404	122
sprites/gen/2/gen_a11_komaru1.png	404	121
sprites/gen/2/gen_a11_majime1.png	400	120
sprites/gen/2/gen_a11_odoroki1.png	456	125
sprites/gen/2/gen_a12_komaru1.png	404	121
sprites/gen/2/gen_a12_majime1.png	400	120
sprites/gen/2/gen_a21_defo1.png	352	66
sprites/gen/2/gen_a21_kashikomari1.png	352	67
sprites/gen/2/gen_a21_shian1.png	344	70
sprites/geo/1/geo_a11_defo1.png	724	1174
sprites/geo/1/geo_a11_hohoemi1.png	724	1174
sprites/geo/1/geo_a11_ikari2.png	724	1174
sprites/geo/1/geo_a11_ikari4.png	724	1174
sprites/geo/1/geo_a11_komaru1.png	724	1174
sprites/geo/1/geo_a11_komaru2.png	724	1174
sprites/geo/1/geo_a11_komaru3.png	724	1174
sprites/geo/1/geo_a11_majime2.png	724	1174
sprites/geo/1/geo_a11_majime3.png	724	1174
sprites/geo/1/geo_a11_majime5.png	724	1174
sprites/geo/1/geo_a11_niramu1.png	724	1174
sprites/geo/1/geo_a11_warai1.png	724	1174
sprites/geo/1/geo_a11k_defo1k.png	724	1174
sprites/geo/1/geo_a11k_hohoemi1k.png	724	1174
sprites/geo/1/geo_a11k_ikari2k.png	724	1174
sprites/geo/1/geo_a11k_ikari4k.png	724	1174
sprites/geo/1/geo_a11k_komaru1k.png	724	1174
sprites/geo/1/geo_a11k_komaru2k.png	724	1174
sprites/geo/1/geo_a11k_komaru3k.png	724	1174
sprites/geo/1/geo_a11k_majime2k.png	724	1174
sprites/geo/1/geo_a11k_majime3k.png	724	1174
sprites/geo/1/geo_a11k_majime5k.png	724	1174
sprites/geo/1/geo_a11k_niramu1k.png	724	1174
sprites/geo/1/geo_a11k_warai1k.png	724	1174
sprites/geo/1/geo_a12_defo1.png	1034	1174
sprites/geo/1/geo_a12_hohoemi1.png	1034	1174
sprites/geo/1/geo_a12_komaru1.png	1034	1174
sprites/geo/1/geo_a12_komaru2.png	1034	1174
sprites/geo/1/geo_a12_komaru3.png	1034	1174
sprites/geo/1/geo_a12_majime2.png	1034	1174
sprites/geo/1/geo_a12_majime5.png	1034	1174
sprites/geo/1/geo_a12_warai1.png	1034	1174
sprites/geo/1/geo_a12k_hohoemi1k.png	1034	1174
sprites/geo/1/geo_a12k_komaru2k.png	1034	1174
sprites/geo/1/geo_a12k_majime2k.png	1034	1174
sprites/geo/1/geo_a12k_majime3k.png	1034	1174
sprites/geo/1/geo_a21_akuwarai1.png	724	1167
sprites/geo/1/geo_a21_defo1.png	724	1167
sprites/geo/1/geo_a21_komaru5.png	724	1167
sprites/geo/1/geo_a21_majime4.png	724	1167
sprites/geo/1/geo_a21_naki2.png	724	1167
sprites/geo/1/geo_a21k_akuwarai1k.png	724	1167
sprites/geo/1/geo_a21k_defo1k.png	724	1167
sprites/geo/1/geo_a21k_komaru5k.png	724	1167
sprites/geo/1/geo_a21k_majime4k.png	724	1167
sprites/geo/1/geo_a21k_naki2k.png	724	1167
sprites/geo/1/geo_a22_akuwarai1.png	1034	1167
sprites/geo/1/geo_a22_komaru5.png	1034	1167
sprites/geo/1/geo_a22_majime4.png	1034	1167
sprites/geo/1/geo_a22k_akuwarai1k.png	1034	1167
sprites/geo/1/geo_a22k_naki2k.png	1034	1167
sprites/geo/1/geo_a23_akuwarai1.png	729	1167
sprites/geo/1/geo_a23_majime2.png	729	1167
sprites/geo/1/geo_a23_majime4.png	729	1167
sprites/geo/1/geo_a23_majime5.png	729	1167
sprites/geo/1/geo_a23k_defo1k.png	729	1167
sprites/geo/1/geo_a23k_komaru5k.png	729	1167
sprites/geo/1/geo_a23k_majime2k.png	729	1167
sprites/geo/1/geo_a23k_majime4k.png	729	1167
sprites/geo/1/geo_a23k_naki2k.png	729	1167
sprites/geo/1/geo_b11_warai1.png	676	1159
sprites/geo/1/geo_b11k_defo1k.png	676	1159
sprites/geo/1/geo_b11k_ikari3k.png	676	1159
sprites/geo/1/geo_b11k_warai1k.png	676	1159
sprites/geo/1/geo_b12k_defo1k.png	801	1159
sprites/geo/1/geo_b12k_warai2k.png	801	1159
sprites/geo/1/geo_b13k_ikari3k.png	633	1159
sprites/geo/1/geo_b21_naku1.png	607	1166
sprites/geo/1/geo_b21k_naku1k.png	607	1166
sprites/geo/1/geo_b23_naku1.png	633	1166
sprites/geo/1/geo_b23k_naku1k.png	633	1166
sprites/geo/1/geo_b24k_naku1k.png	551	1166
sprites/geo/1/geo_c11_defo1.png	722	1174
sprites/geo/1/geo_c11_hohoemi1.png	722	1174
sprites/geo/1/geo_c11_majime2.png	722	1174
sprites/geo/1/geo_c11_warai1.png	722	1174
sprites/geo/1/geo_c11k_defo1k.png	722	1174
sprites/geo/1/geo_c11k_hohoemi1k.png	722	1174
sprites/geo/1/geo_c11k_komaru1k.png	722	1174
sprites/geo/1/geo_c11k_majime2k.png	722	1174
sprites/geo/1/geo_c11k_warai1k.png	722	1174
sprites/geo/1/geo_c12_hohoemi1.png	1032	1174
sprites/geo/1/geo_c23k_defo1k.png	729	1167
sprites/geo/2/geo_a11_defo1.png	356	57
sprites/geo/2/geo_a11_hohoemi1.png	316	54
sprites/geo/2/geo_a11_ikari2.png	292	58
sprites/geo/2/geo_a11_ikari4.png	360	84
sprites/geo/2/geo_a11_komaru1.png	272	83
sprites/geo/2/geo_a11_komaru2.png	328	60
sprites/geo/2/geo_a11_komaru3.png	320	54
sprites/geo/2/geo_a11_majime2.png	292	48
sprites/geo/2/geo_a11_majime3.png	256	63
sprites/geo/2/geo_a11_majime5.png	248	52
sprites/geo/2/geo_a11_niramu1.png	304	47
sprites/geo/2/geo_a11_warai1.png	336	62
sprites/geo/2/geo_a11k_defo1k.png	356	57
sprites/geo/2/geo_a11k_hohoemi1k.png	316	54
sprites/geo/2/geo_a11k_ikari2k.png	292	58
sprites/geo/2/geo_a11k_ikari4k.png	360	84
sprites/geo/2/geo_a11k_komaru1k.png	272	83
sprites/geo/2/geo_a11k_komaru2k.png	328	58
sprites/geo/2/geo_a11k_komaru3k.png	320	54
sprites/geo/2/geo_a11k_majime2k.png	292	48
sprites/geo/2/geo_a11k_majime3k.png	260	63
sprites/geo/2/geo_a11k_majime5k.png	248	52
sprites/geo/2/geo_a11k_niramu1k.png	304	47
sprites/geo/2/geo_a11k_warai1k.png	336	62
sprites/geo/2/geo_a12_defo1.png	356	57
sprites/geo/2/geo_a12_hohoemi1.png	316	54
sprites/geo/2/geo_a12_komaru1.png	272	83
sprites/geo/2/geo_a12_komaru2.png	328	58
sprites/geo/2/geo_a12_komaru3.png	320	54
sprites/geo/2/geo_a12_majime2.png	292	48
sprites/geo/2/geo_a12_majime5.png	248	52
sprites/geo/2/geo_a12_warai1.png	336	62
sprites/geo/2/geo_a12k_hohoemi1k.png	316	54
sprites/geo/2/geo_a12k_komaru2k.png	328	58
sprites/geo/2/geo_a12k_majime2k.png	292	48
sprites/geo/2/geo_a12k_majime3k.png	260	63
sprites/geo/2/geo_a21_akuwarai1.png	324	54
sprites/geo/2/geo_a21_defo1.png	304	54
sprites/geo/2/geo_a21_komaru5.png	400	50
sprites/geo/2/geo_a21_majime4.png	280	40
sprites/geo/2/geo_a21_naki2.png	256	51
sprites/geo/2/geo_a21k_akuwarai1k.png	324	54
sprites/geo/2/geo_a21k_defo1k.png	304	54
sprites/geo/2/geo_a21k_komaru5k.png	400	50
sprites/geo/2/geo_a21k_majime4k.png	280	40
sprites/geo/2/geo_a21k_naki2k.png	256	51
sprites/geo/2/geo_a22_akuwarai1.png	324	54
sprites/geo/2/geo_a22_komaru5.png	400	50
sprites/geo/2/geo_a22_majime4.png	280	40
sprites/geo/2/geo_a22k_akuwarai1k.png	324	54
sprites/geo/2/geo_a22k_naki2k.png	256	51
sprites/geo/2/geo_a23_akuwarai1.png	568	114
sprites/geo/2/geo_a23_majime2.png	212	52
sprites/geo/2/geo_a23_majime4.png	280	58
sprites/geo/2/geo_a23_majime5.png	232	51
sprites/geo/2/geo_a23k_defo1k.png	304	52
sprites/geo/2/geo_a23k_komaru5k.png	428	57
sprites/geo/2/geo_a23k_majime2k.png	212	56
sprites/geo/2/geo_a23k_majime4k.png	304	49
sprites/geo/2/geo_a23k_naki2k.png	252	49
sprites/geo/2/geo_b11_warai1.png	296	72
sprites/geo/2/geo_b11k_defo1k.png	276	77
sprites/geo/2/geo_b11k_ikari3k.png	324	70
sprites/geo/2/geo_b11k_warai1k.png	296	72
sprites/geo/2/geo_b12k_defo1k.png	276	77
sprites/geo/2/geo_b12k_warai2k.png	332	70
sprites/geo/2/geo_b13k_ikari3k.png	324	70
sprites/geo/2/geo_b21_naku1.png	292	57
sprites/geo/2/geo_b21k_naku1k.png	324	57
sprites/geo/2/geo_b23_naku1.png	292	57
sprites/geo/2/geo_b23k_naku1k.png	292	57
sprites/geo/2/geo_b24k_naku1k.png	292	57
sprites/geo/2/geo_c11_defo1.png	356	57
sprites/geo/2/geo_c11_hohoemi1.png	316	54
sprites/geo/2/geo_c11_majime2.png	292	48
sprites/geo/2/geo_c11_warai1.png	336	62
sprites/geo/2/geo_c11k_defo1k.png	356	57
sprites/geo/2/geo_c11k_hohoemi1k.png	316	54
sprites/geo/2/geo_c11k_komaru1k.png	272	83
sprites/geo/2/geo_c11k_majime2k.png	292	48
sprites/geo/2/geo_c11k_warai1k.png	336	62
sprites/geo/2/geo_c12_hohoemi1.png	316	54
sprites/geo/2/geo_c23k_defo1k.png	324	52
sprites/ger/1/ger_a11_defo1.png	994	1200
sprites/ger/1/ger_a11_defo2.png	994	1200
sprites/ger/1/ger_a11_komaru1.png	994	1200
sprites/ger/1/ger_a11_odoroki1.png	994	1200
sprites/ger/1/ger_a12_defo1.png	926	1200
sprites/ger/1/ger_a12_odoroki1.png	926	1200
sprites/ger/1/ger_a13_defo1.png	1123	1200
sprites/ger/1/ger_a13_defo2.png	1123	1200
sprites/ger/1/ger_a13_komaru1.png	1123	1200
sprites/ger/1/ger_a13_odoroki1.png	1123	1200
sprites/ger/2/ger_a11_defo1.png	356	62
sprites/ger/2/ger_a11_defo2.png	296	60
sprites/ger/2/ger_a11_komaru1.png	408	124
sprites/ger/2/ger_a11_odoroki1.png	332	60
sprites/ger/2/ger_a12_defo1.png	356	72
sprites/ger/2/ger_a12_odoroki1.png	332	69
sprites/ger/2/ger_a13_defo1.png	356	62
sprites/ger/2/ger_a13_defo2.png	296	60
sprites/ger/2/ger_a13_komaru1.png	408	124
sprites/ger/2/ger_a13_odoroki1.png	332	60
sprites/goa/1/goa_a11_defo1.png	1079	1366
sprites/goa/1/goa_a11b_defo1.png	1834	1366
sprites/goa/1/goa_b11_defo1.png	1273	1366
sprites/goa/1/goa_c11_default.png	655	1159
sprites/goh/1/goh_a11_defo1.png	835	1223
sprites/goh/1/goh_a11_hohoemi1.png	835	1223
sprites/goh/1/goh_a11_iiwake1.png	835	1223
sprites/goh/1/goh_a11_iiwake2.png	835	1223
sprites/goh/1/goh_a11_ikari2.png	835	1223
sprites/goh/1/goh_a11_komaru1.png	835	1223
sprites/goh/1/goh_a11_komaru2.png	835	1223
sprites/goh/1/goh_a11_majime1.png	835	1223
sprites/goh/1/goh_a11_odoroki1.png	835	1223
sprites/goh/1/goh_a11_omakase1.png	835	1223
sprites/goh/1/goh_a11_omakase2.png	835	1223
sprites/goh/1/goh_a11_warai1.png	835	1223
sprites/goh/1/goh_a12_defo1.png	894	1223
sprites/goh/1/goh_a12_hohoemi1.png	894	1223
sprites/goh/1/goh_a12_iiwake2.png	894	1223
sprites/goh/1/goh_a12_ikari2.png	894	1223
sprites/goh/1/goh_a12_komaru2.png	894	1223
sprites/goh/1/goh_a12_majime1.png	894	1223
sprites/goh/1/goh_a12_odoroki1.png	894	1223
sprites/goh/1/goh_a12_omakase1.png	894	1223
sprites/goh/1/goh_a13_ikari2.png	822	1223
sprites/goh/1/goh_a13_odoroki1.png	822	1223
sprites/goh/2/goh_a11_defo1.png	704	97
sprites/goh/2/goh_a11_hohoemi1.png	704	93
sprites/goh/2/goh_a11_iiwake1.png	704	90
sprites/goh/2/goh_a11_iiwake2.png	704	90
sprites/goh/2/goh_a11_ikari2.png	704	95
sprites/goh/2/goh_a11_komaru1.png	704	95
sprites/goh/2/goh_a11_komaru2.png	704	88
sprites/goh/2/goh_a11_majime1.png	704	93
sprites/goh/2/goh_a11_odoroki1.png	704	90
sprites/goh/2/goh_a11_omakase1.png	704	93
sprites/goh/2/goh_a11_omakase2.png	704	95
sprites/goh/2/goh_a11_warai1.png	704	98
sprites/goh/2/goh_a12_defo1.png	704	97
sprites/goh/2/goh_a12_hohoemi1.png	628	93
sprites/goh/2/goh_a12_iiwake2.png	628	90
sprites/goh/2/goh_a12_ikari2.png	608	95
sprites/goh/2/goh_a12_komaru2.png	704	88
sprites/goh/2/goh_a12_majime1.png	704	93
sprites/goh/2/goh_a12_odoroki1.png	704	90
sprites/goh/2/goh_a12_omakase1.png	704	93
sprites/goh/2/goh_a13_ikari2.png	612	95
sprites/goh/2/goh_a13_odoroki1.png	704	90
sprites/hid/1/hid_a11_aseri1.png	760	1103
sprites/hid/1/hid_a11_defo1.png	760	1103
sprites/hid/1/hid_a11_fumu1.png	760	1103
sprites/hid/1/hid_a11_komaru2.png	760	1103
sprites/hid/1/hid_a11_majime1.png	760	1103
sprites/hid/1/hid_a11_naku1.png	760	1103
sprites/hid/1/hid_a11_odayaka1.png	760	1103
sprites/hid/1/hid_a12_defo1.png	856	1103
sprites/hid/1/hid_a12_fumu1.png	856	1103
sprites/hid/1/hid_a12_komaru2.png	856	1103
sprites/hid/1/hid_a12_majime1.png	856	1103
sprites/hid/1/hid_a12_naku2.png	856	1103
sprites/hid/1/hid_a12_odayaka1.png	856	1103
sprites/hid/1/hid_a21_warai1.png	760	1105
sprites/hid/1/hid_a21_warai2.png	760	1105
sprites/hid/1/hid_a22_warai1.png	856	1105
sprites/hid/1/hid_a22_warai2.png	856	1105
sprites/hid/2/hid_a11_aseri1.png	496	148
sprites/hid/2/hid_a11_defo1.png	456	93
sprites/hid/2/hid_a11_fumu1.png	456	105
sprites/hid/2/hid_a11_komaru2.png	456	116
sprites/hid/2/hid_a11_majime1.png	496	113
sprites/hid/2/hid_a11_naku1.png	468	85
sprites/hid/2/hid_a11_odayaka1.png	464	101
sprites/hid/2/hid_a12_defo1.png	456	93
sprites/hid/2/hid_a12_fumu1.png	456	105
sprites/hid/2/hid_a12_komaru2.png	456	116
sprites/hid/2/hid_a12_majime1.png	496	113
sprites/hid/2/hid_a12_naku2.png	472	85
sprites/hid/2/hid_a12_odayaka1.png	464	101
sprites/hid/2/hid_a21_warai1.png	468	90
sprites/hid/2/hid_a21_warai2.png	480	99
sprites/hid/2/hid_a22_warai1.png	468	90
sprites/hid/2/hid_a22_warai2.png	480	99
sprites/jes/1/jes_a11_aisowarai1.png	607	1118
sprites/jes/1/jes_a11_akuwarai1.png	607	1118
sprites/jes/1/jes_a11_atya1.png	607	1118
sprites/jes/1/jes_a11_atya2.png	607	1118
sprites/jes/1/jes_a11_atya3.png	607	1118
sprites/jes/1/jes_a11_defo1.png	607	1118
sprites/jes/1/jes_a11_defo2.png	607	1118
sprites/jes/1/jes_a11_futeki1.png	607	1118
sprites/jes/1/jes_a11_futeki2.png	607	1118
sprites/jes/1/jes_a11_ikari1.png	607	1118
sprites/jes/1/jes_a11_ikari1h.png	607	1118
sprites/jes/1/jes_a11_ikari1ha.png	607	1118
sprites/jes/1/jes_a11_ikari2.png	607	1118
sprites/jes/1/jes_a11_ikari2starstar.png	607	1118
sprites/jes/1/jes_a11_ikari3.png	607	1118
sprites/jes/1/jes_a11_komaru1.png	607	1118
sprites/jes/1/jes_a11_komaru1starkohen.png	607	1118
sprites/jes/1/jes_a11_komaru2.png	607	1118
sprites/jes/1/jes_a11_komaru3.png	607	1118
sprites/jes/1/jes_a11_majime1.png	607	1118
sprites/jes/1/jes_a11_majime1h.png	607	1118
sprites/jes/1/jes_a11_naki1.png	607	1118
sprites/jes/1/jes_a11_nakiwarai1.png	607	1118
sprites/jes/1/jes_a11_naku2.png	607	1118
sprites/jes/1/jes_a11_naku3.png	607	1118
sprites/jes/1/jes_a11_nayamu1.png	607	1118
sprites/jes/1/jes_a11_nayamu1h.png	607	1118
sprites/jes/1/jes_a11_odoroki1.png	607	1118
sprites/jes/1/jes_a11_tereru1.png	607	1118
sprites/jes/1/jes_a11_tereru2.png	607	1118
sprites/jes/1/jes_a11_tohoho1.png	607	1118
sprites/jes/1/jes_a11_tohoho2.png	607	1118
sprites/jes/1/jes_a11_tohoho3.png	607	1118
sprites/jes/1/jes_a11_tohoho3h.png	607	1118
sprites/jes/1/jes_a11_tohoho4.png	607	1118
sprites/jes/1/jes_a11_warai1.png	607	1118
sprites/jes/1/jes_a11_warai2.png	607	1118
sprites/jes/1/jes_a12_akuwarai1.png	560	1118
sprites/jes/1/jes_a12_atya2.png	560	1118
sprites/jes/1/jes_a12_ikari1.png	560	1118
sprites/jes/1/jes_a12_ikari1h.png	560	1118
sprites/jes/1/jes_a12_ikari2.png	560	1118
sprites/jes/1/jes_a12_ikari3.png	560	1118
sprites/jes/1/jes_a12_komaru1.png	560	1118
sprites/jes/1/jes_a12_majime1.png	560	1118
sprites/jes/1/jes_a12_majime1h.png	560	1118
sprites/jes/1/jes_a12_naki1.png	560	1118
sprites/jes/1/jes_a12_nayamu1h.png	560	1118
sprites/jes/1/jes_a12_odoroki1.png	560	1118
sprites/jes/1/jes_a12_tereru2.png	560	1118
sprites/jes/1/jes_a12_tohoho3h.png	560	1118
sprites/jes/1/jes_a12_warai1.png	560	1118
sprites/jes/1/jes_a23_aisowarai1.png	487	1104
sprites/jes/1/jes_a23_akuwarai1.png	487	1104
sprites/jes/1/jes_a23_buu1.png	487	1104
sprites/jes/1/jes_a23_defo1.png	487	1104
sprites/jes/1/jes_a23_komaru1.png	487	1104
sprites/jes/1/jes_a23_majime1.png	487	1104
sprites/jes/1/jes_a23_nakiwarai1.png	487	1104
sprites/jes/1/jes_a23_nayamu1.png	487	1104
sprites/jes/1/jes_a23_odoroki1.png	487	1104
sprites/jes/1/jes_a23_tereru2.png	487	1104
sprites/jes/1/jes_a23_tohoho1.png	487	1104
sprites/jes/1/jes_a23_warai1.png	487	1104
sprites/jes/1/jes_b21_akuwarai1.png	426	1104
sprites/jes/1/jes_b21_atya1.png	426	1104
sprites/jes/1/jes_b21_buu1.png	426	1104
sprites/jes/1/jes_b21_defo1.png	426	1104
sprites/jes/1/jes_b21_futeki2.png	426	1104
sprites/jes/1/jes_b21_ikari1.png	426	1104
sprites/jes/1/jes_b21_ikari2.png	426	1104
sprites/jes/1/jes_b21_komaru1.png	426	1104
sprites/jes/1/jes_b21_majime1.png	426	1104
sprites/jes/1/jes_b21_nayamu1.png	426	1104
sprites/jes/1/jes_b21_odoroki1.png	426	1104
sprites/jes/1/jes_b21_tereru2.png	426	1104
sprites/jes/1/jes_b21_tohoho1.png	426	1104
sprites/jes/1/jes_b21_warai1.png	426	1104
sprites/jes/1/jes_b22_akuwarai1.png	447	1104
sprites/jes/1/jes_b22_atya1.png	447	1104
sprites/jes/1/jes_b22_defo1.png	447	1104
sprites/jes/1/jes_b22_ikari1.png	447	1104
sprites/jes/1/jes_b22_ikari2.png	447	1104
sprites/jes/1/jes_b22_komaru1.png	447	1104
sprites/jes/1/jes_b22_majime1.png	447	1104
sprites/jes/1/jes_b22_nayamu1.png	447	1104
sprites/jes/1/jes_b22_odoroki1.png	447	1104
sprites/jes/1/jes_b22_tereru2.png	447	1104
sprites/jes/1/jes_b22_tohoho1.png	447	1104
sprites/jes/1/jes_b22_warai1.png	447	1104
sprites/jes/1/jes_b33_ikari2.png	467	1122
sprites/jes/1/jes_b33_naku1.png	467	1122
sprites/jes/1/jes_b33_naku2.png	467	1122
sprites/jes/1/jes_c11_defo1.png	984	1118
sprites/jes/1/jes_c11_warai1.png	984	1118
sprites/jes/1/jes_d11_aisowarai1.png	613	1118
sprites/jes/1/jes_d11_akuwarai1.png	613	1118
sprites/jes/1/jes_d11_atya1.png	613	1118
sprites/jes/1/jes_d11_ikari1.png	613	1118
sprites/jes/1/jes_d11_odoroki1.png	613	1118
sprites/jes/1/jes_d11_tereru2.png	613	1118
sprites/jes/1/jes_d11_tohoho1.png	613	1118
sprites/jes/1/jes_d11_warai1.png	613	1118
sprites/jes/2/jes_a11_aisowarai1.png	268	41
sprites/jes/2/jes_a11_akuwarai1.png	268	41
sprites/jes/2/jes_a11_atya1.png	220	29
sprites/jes/2/jes_a11_atya2.png	464	44
sprites/jes/2/jes_a11_atya3.png	336	44
sprites/jes/2/jes_a11_defo1.png	232	34
sprites/jes/2/jes_a11_defo2.png	200	35
sprites/jes/2/jes_a11_futeki1.png	236	31
sprites/jes/2/jes_a11_futeki2.png	304	42
sprites/jes/2/jes_a11_ikari1.png	244	40
sprites/jes/2/jes_a11_ikari1h.png	244	40
sprites/jes/2/jes_a11_ikari1ha.png	244	40
sprites/jes/2/jes_a11_ikari2.png	232	42
sprites/jes/2/jes_a11_ikari2starstar.png	260	42
sprites/jes/2/jes_a11_ikari3.png	260	42
sprites/jes/2/jes_a11_komaru1.png	168	45
sprites/jes/2/jes_a11_komaru1starkohen.png	224	33
sprites/jes/2/jes_a11_komaru2.png	168	45
sprites/jes/2/jes_a11_komaru3.png	168	45
sprites/jes/2/jes_a11_majime1.png	140	37
sprites/jes/2/jes_a11_majime1h.png	152	28
sprites/jes/2/jes_a11_naki1.png	232	42
sprites/jes/2/jes_a11_nakiwarai1.png	220	35
sprites/jes/2/jes_a11_naku2.png	176	27
sprites/jes/2/jes_a11_naku3.png	240	43
sprites/jes/2/jes_a11_nayamu1.png	248	41
sprites/jes/2/jes_a11_nayamu1h.png	180	29
sprites/jes/2/jes_a11_odoroki1.png	196	37
sprites/jes/2/jes_a11_tereru1.png	236	29
sprites/jes/2/jes_a11_tereru2.png	236	34
sprites/jes/2/jes_a11_tohoho1.png	112	29
sprites/jes/2/jes_a11_tohoho2.png	328	118
sprites/jes/2/jes_a11_tohoho3.png	200	19
sprites/jes/2/jes_a11_tohoho3h.png	200	19
sprites/jes/2/jes_a11_tohoho4.png	200	19
sprites/jes/2/jes_a11_warai1.png	220	35
sprites/jes/2/jes_a11_warai2.png	196	39
sprites/jes/2/jes_a12_akuwarai1.png	268	41
sprites/jes/2/jes_a12_atya2.png	464	44
sprites/jes/2/jes_a12_ikari1.png	244	40
sprites/jes/2/jes_a12_ikari1h.png	244	40
sprites/jes/2/jes_a12_ikari2.png	232	42
sprites/jes/2/jes_a12_ikari3.png	260	42
sprites/jes/2/jes_a12_komaru1.png	168	45
sprites/jes/2/jes_a12_majime1.png	140	37
sprites/jes/2/jes_a12_majime1h.png	152	28
sprites/jes/2/jes_a12_naki1.png	232	42
sprites/jes/2/jes_a12_nayamu1h.png	180	29
sprites/jes/2/jes_a12_odoroki1.png	196	37
sprites/jes/2/jes_a12_tereru2.png	236	34
sprites/jes/2/jes_a12_tohoho3h.png	200	19
sprites/jes/2/jes_a12_warai1.png	220	35
sprites/jes/2/jes_a23_aisowarai1.png	228	43
sprites/jes/2/jes_a23_akuwarai1.png	288	54
sprites/jes/2/jes_a23_buu1.png	116	33
sprites/jes/2/jes_a23_defo1.png	200	25
sprites/jes/2/jes_a23_komaru1.png	156	32
sprites/jes/2/jes_a23_majime1.png	152	21
sprites/jes/2/jes_a23_nakiwarai1.png	376	38
sprites/jes/2/jes_a23_nayamu1.png	124	23
sprites/jes/2/jes_a23_odoroki1.png	164	36
sprites/jes/2/jes_a23_tereru2.png	200	23
sprites/jes/2/jes_a23_tohoho1.png	84	28
sprites/jes/2/jes_a23_warai1.png	256	33
sprites/jes/2/jes_b21_akuwarai1.png	288	54
sprites/jes/2/jes_b21_atya1.png	212	19
sprites/jes/2/jes_b21_buu1.png	116	33
sprites/jes/2/jes_b21_defo1.png	200	25
sprites/jes/2/jes_b21_futeki2.png	268	32
sprites/jes/2/jes_b21_ikari1.png	244	35
sprites/jes/2/jes_b21_ikari2.png	244	36
sprites/jes/2/jes_b21_komaru1.png	156	32
sprites/jes/2/jes_b21_majime1.png	152	21
sprites/jes/2/jes_b21_nayamu1.png	124	23
sprites/jes/2/jes_b21_odoroki1.png	164	36
sprites/jes/2/jes_b21_tereru2.png	200	23
sprites/jes/2/jes_b21_tohoho1.png	84	28
sprites/jes/2/jes_b21_warai1.png	256	33
sprites/jes/2/jes_b22_akuwarai1.png	288	54
sprites/jes/2/jes_b22_atya1.png	212	19
sprites/jes/2/jes_b22_defo1.png	200	25
sprites/jes/2/jes_b22_ikari1.png	244	35
sprites/jes/2/jes_b22_ikari2.png	244	36
sprites/jes/2/jes_b22_komaru1.png	156	32
sprites/jes/2/jes_b22_majime1.png	152	21
sprites/jes/2/jes_b22_nayamu1.png	124	23
sprites/jes/2/jes_b22_odoroki1.png	164	36
sprites/jes/2/jes_b22_tereru2.png	200	23
sprites/jes/2/jes_b22_tohoho1.png	84	28
sprites/jes/2/jes_b22_warai1.png	256	33
sprites/jes/2/jes_b33_ikari2.png	144	36
sprites/jes/2/jes_b33_naku1.png	144	36
sprites/jes/2/jes_b33_naku2.png	120	36
sprites/jes/2/jes_c11_defo1.png	232	34
sprites/jes/2/jes_c11_warai1.png	220	35
sprites/jes/2/jes_d11_aisowarai1.png	272	38
sprites/jes/2/jes_d11_akuwarai1.png	268	41
sprites/jes/2/jes_d11_atya1.png	220	29
sprites/jes/2/jes_d11_ikari1.png	244	40
sprites/jes/2/jes_d11_odoroki1.png	196	37
sprites/jes/2/jes_d11_tereru2.png	236	34
sprites/jes/2/jes_d11_tohoho1.png	112	29
sprites/jes/2/jes_d11_warai1.png	220	35
sprites/ka2/1/ka2_a12_defo1.png	653	1140
sprites/ka2/1/ka2_a12_defo2.png	653	1140
sprites/ka2/1/ka2_a12_nayamu1.png	653	1140
sprites/ka2/1/ka2_a12b_defo1.png	1126	1140
sprites/ka2/1/ka2_a13_fuman1.png	507	1140
sprites/ka2/1/ka2_a13_nayamu1.png	507	1140
sprites/ka2/2/ka2_a12_defo2.png	232	42
sprites/ka2/2/ka2_a12_nayamu1.png	176	35
sprites/ka2/2/ka2_a12b_fuman1~imageoptim.png	220	49
sprites/ka2/2/ka2_a13_fuman1.png	220	49
sprites/ka2/2/ka2_a13_nayamu1.png	176	35
sprites/kan/1/kan_a11_defo1.png	575	1140
sprites/kan/1/kan_a11_defo2.png	575	1140
sprites/kan/1/kan_a11_fuman1.png	575	1140
sprites/kan/1/kan_a11_ikari1.png	575	1140
sprites/kan/1/kan_a11_ikari2.png	575	1140
sprites/kan/1/kan_a11_ikari3.png	575	1140
sprites/kan/1/kan_a11_komaru1.png	575	1140
sprites/kan/1/kan_a11_komaru2.png	575	1140
sprites/kan/1/kan_a11_majime1.png	575	1140
sprites/kan/1/kan_a11_nayamu1.png	575	1140
sprites/kan/1/kan_a11_odoroki1.png	575	1140
sprites/kan/1/kan_a11_odoroki2.png	575	1140
sprites/kan/1/kan_a11_warai1.png	575	1140
sprites/kan/1/kan_a11_warai2.png	575	1140
sprites/kan/1/kan_a11_warai3.png	575	1140
sprites/kan/1/kan_a12_defo1.png	653	1140
sprites/kan/1/kan_a12_defo2.png	653	1140
sprites/kan/1/kan_a12_fuman1.png	653	1140
sprites/kan/1/kan_a12_ikari1.png	653	1140
sprites/kan/1/kan_a12_ikari2.png	653	1140
sprites/kan/1/kan_a12_komaru1.png	653	1140
sprites/kan/1/kan_a12_majime1.png	653	1140
sprites/kan/1/kan_a12_nayamu1.png	653	1140
sprites/kan/1/kan_a12_odoroki1.png	653	1140
sprites/kan/1/kan_a12_odoroki2.png	653	1140
sprites/kan/1/kan_a12_warai3.png	653	1140
sprites/kan/1/kan_a12b_defo1.png	1126	1140
sprites/kan/1/kan_a12b_defo2.png	1126	1140
sprites/kan/1/kan_a12b_fuman1.png	1126	1140
sprites/kan/1/kan_a12b_ikari1.png	1126	1140
sprites/kan/1/kan_a12b_ikari2.png	1126	1140
sprites/kan/1/kan_a12b_ikari3.png	1126	1140
sprites/kan/1/kan_a12b_komaru1.png	1126	1140
sprites/kan/1/kan_a12b_nayamu1.png	1126	1140
sprites/kan/1/kan_a12b_odoroki1.png	1126	1140
sprites/kan/1/kan_a12b_odoroki2.png	1126	1140
sprites/kan/1/kan_a13_defo1.png	507	1140
sprites/kan/1/kan_a13_defo2.png	507	1140
sprites/kan/1/kan_a13_fuman1.png	507	1140
sprites/kan/1/kan_a13_ikari1.png	507	1140
sprites/kan/1/kan_a13_ikari2.png	507	1140
sprites/kan/1/kan_a13_komaru1.png	507	1140
sprites/kan/1/kan_a13_majime1.png	507	1140
sprites/kan/1/kan_a13_nayamu1.png	507	1140
sprites/kan/1/kan_a13_odoroki1.png	507	1140
sprites/kan/1/kan_a13_odoroki2.png	507	1140
sprites/kan/1/kan_a13_warai4.png	507	1140
sprites/kan/1/kan_b21_defo1.png	400	1143
sprites/kan/1/kan_b21_fuman1.png	400	1143
sprites/kan/1/kan_b21_ikari2.png	400	1143
sprites/kan/1/kan_b21_nayamu1.png	400	1143
sprites/kan/1/kan_b21b_ikari2.png	596	1143
sprites/kan/1/kan_b32_defo1.png	369	1139
sprites/kan/1/kan_b32_nayamu1.png	369	1139
sprites/kan/1/kan_c11_defo1.png	535	1095
sprites/kan/1/kan_c11_defo2.png	535	1095
sprites/kan/1/kan_c11_komaru1.png	535	1095
sprites/kan/1/kan_c11_majime1.png	535	1095
sprites/kan/1/kan_c11_nayamu1.png	535	1095
sprites/kan/1/kan_d11_defo1.png	538	904
sprites/kan/1/kan_d12_defo1.png	505	707
sprites/kan/2/kan_a11_defo1.png	160	38
sprites/kan/2/kan_a11_defo2.png	232	42
sprites/kan/2/kan_a11_fuman1.png	220	49
sprites/kan/2/kan_a11_ikari1.png	224	59
sprites/kan/2/kan_a11_ikari2.png	220	47
sprites/kan/2/kan_a11_ikari3.png	340	63
sprites/kan/2/kan_a11_komaru1.png	200	42
sprites/kan/2/kan_a11_komaru2.png	340	59
sprites/kan/2/kan_a11_majime1.png	148	45
sprites/kan/2/kan_a11_nayamu1.png	176	35
sprites/kan/2/kan_a11_odoroki1.png	172	56
sprites/kan/2/kan_a11_odoroki2.png	340	63
sprites/kan/2/kan_a11_warai1.png	340	59
sprites/kan/2/kan_a11_warai2.png	340	59
sprites/kan/2/kan_a11_warai3.png	340	59
sprites/kan/2/kan_a12_defo1.png	160	38
sprites/kan/2/kan_a12_defo2.png	232	42
sprites/kan/2/kan_a12_fuman1.png	220	49
sprites/kan/2/kan_a12_ikari1.png	224	59
sprites/kan/2/kan_a12_ikari2.png	220	47
sprites/kan/2/kan_a12_komaru1.png	200	42
sprites/kan/2/kan_a12_majime1.png	148	45
sprites/kan/2/kan_a12_nayamu1.png	176	35
sprites/kan/2/kan_a12_odoroki1.png	172	56
sprites/kan/2/kan_a12_odoroki2.png	340	63
sprites/kan/2/kan_a12_warai3.png	340	59
sprites/kan/2/kan_a12b_defo1.png	160	38
sprites/kan/2/kan_a12b_defo2.png	232	42
sprites/kan/2/kan_a12b_fuman1.png	220	49
sprites/kan/2/kan_a12b_ikari1.png	224	59
sprites/kan/2/kan_a12b_ikari2.png	220	47
sprites/kan/2/kan_a12b_ikari3.png	340	63
sprites/kan/2/kan_a12b_komaru1.png	200	42
sprites/kan/2/kan_a12b_nayamu1.png	176	35
sprites/kan/2/kan_a12b_odoroki1.png	172	56
sprites/kan/2/kan_a12b_odoroki2.png	340	63
sprites/kan/2/kan_a13_defo1.png	160	38
sprites/kan/2/kan_a13_defo2.png	232	42
sprites/kan/2/kan_a13_fuman1.png	220	49
sprites/kan/2/kan_a13_ikari1.png	224	59
sprites/kan/2/kan_a13_ikari2.png	220	47
sprites/kan/2/kan_a13_komaru1.png	200	42
sprites/kan/2/kan_a13_majime1.png	148	45
sprites/kan/2/kan_a13_nayamu1.png	176	35
sprites/kan/2/kan_a13_odoroki1.png	172	56
sprites/kan/2/kan_a13_odoroki2.png	340	63
sprites/kan/2/kan_a13_warai4.png	340	59
sprites/kan/2/kan_b21_defo1.png	168	34
sprites/kan/2/kan_b21_fuman1.png	156	38
sprites/kan/2/kan_b21_ikari2.png	168	40
sprites/kan/2/kan_b21_nayamu1.png	160	32
sprites/kan/2/kan_b21b_ikari2.png	168	40
sprites/kan/2/kan_b32_defo1.png	124	34
sprites/kan/2/kan_b32_nayamu1.png	200	36
sprites/kan/2/kan_c11_defo1.png	460	34
sprites/kan/2/kan_c11_defo2.png	460	33
sprites/kan/2/kan_c11_komaru1.png	460	30
sprites/kan/2/kan_c11_majime1.png	460	32
sprites/kan/2/kan_c11_nayamu1.png	460	29
sprites/kas/1/kas_a11_akuwarai1.png	601	1133
sprites/kas/1/kas_a11_aseru1.png	601	1133
sprites/kas/1/kas_a11_defo1.png	601	1133
sprites/kas/1/kas_a11_ikari1.png	601	1133
sprites/kas/1/kas_a11_komaru1.png	601	1133
sprites/kas/1/kas_a11_sakebu1.png	601	1133
sprites/kas/1/kas_a11_warai1.png	601	1133
sprites/kas/1/kas_a11_warai2.png	601	1133
sprites/kas/1/kas_a21_akuwarai2.png	601	1122
sprites/kas/1/kas_a21_akuwarai3.png	601	1122
sprites/kas/1/kas_a22_akuwarai2.png	589	1122
sprites/kas/1/kas_a22_akuwarai3.png	589	1122
sprites/kas/2/kas_a11_akuwarai1.png	296	62
sprites/kas/2/kas_a11_aseru1.png	344	76
sprites/kas/2/kas_a11_defo1.png	212	51
sprites/kas/2/kas_a11_ikari1.png	256	68
sprites/kas/2/kas_a11_komaru1.png	408	65
sprites/kas/2/kas_a11_sakebu1.png	388	73
sprites/kas/2/kas_a11_warai1.png	236	56
sprites/kas/2/kas_a11_warai2.png	268	57
sprites/kas/2/kas_a21_akuwarai2.png	372	112
sprites/kas/2/kas_a21_akuwarai3.png	384	115
sprites/kas/2/kas_a22_akuwarai2.png	308	91
sprites/kas/2/kas_a22_akuwarai3.png	348	96
sprites/kaw/1/kaw_a11_defo1.png	695	1162
sprites/kaw/1/kaw_a11_defo2.png	695	1162
sprites/kaw/1/kaw_a11_nayamu1.png	695	1162
sprites/kaw/1/kaw_a11_warai1.png	695	1162
sprites/kaw/1/kaw_a12_defo1.png	719	1162
sprites/kaw/1/kaw_a12_defo2.png	719	1162
sprites/kaw/1/kaw_a12_komaru1.png	719	1162
sprites/kaw/1/kaw_a12_nayamu1.png	719	1162
sprites/kaw/1/kaw_a12_warai1.png	719	1162
sprites/kaw/2/kaw_a11_defo1.png	440	92
sprites/kaw/2/kaw_a11_defo2.png	456	83
sprites/kaw/2/kaw_a11_nayamu1.png	476	83
sprites/kaw/2/kaw_a11_warai1.png	444	81
sprites/kaw/2/kaw_a12_defo1.png	440	92
sprites/kaw/2/kaw_a12_defo2.png	456	83
sprites/kaw/2/kaw_a12_komaru1.png	460	73
sprites/kaw/2/kaw_a12_nayamu1.png	476	83
sprites/kaw/2/kaw_a12_warai1.png	444	81
sprites/ki2/1/ki2_a11_aseru1.png	698	1227
sprites/ki2/1/ki2_a11_aseru2.png	698	1227
sprites/ki2/1/ki2_a11_aseru3.png	698	1227
sprites/ki2/1/ki2_a11_defo1.png	698	1227
sprites/ki2/1/ki2_a11_defo2.png	698	1227
sprites/ki2/1/ki2_a11_futeki1.png	698	1227
sprites/ki2/1/ki2_a11_futeki3.png	698	1227
sprites/ki2/1/ki2_a11_futeki4.png	698	1227
sprites/ki2/1/ki2_a11_komaru1.png	698	1227
sprites/ki2/1/ki2_a11_komaru2.png	698	1227
sprites/ki2/1/ki2_a11_majime1.png	698	1227
sprites/ki2/1/ki2_a11_nayamu1.png	698	1227
sprites/ki2/1/ki2_a11_nayamu3.png	698	1227
sprites/ki2/1/ki2_a11_nayamu4.png	698	1227
sprites/ki2/1/ki2_a11_nayamu5.png	698	1227
sprites/ki2/1/ki2_a11_niramu1.png	698	1227
sprites/ki2/1/ki2_a11_niramu2.png	698	1227
sprites/ki2/1/ki2_a11_odoroki1.png	698	1227
sprites/ki2/1/ki2_a11_odoroki2.png	698	1227
sprites/ki2/1/ki2_a11_oya1.png	698	1227
sprites/ki2/1/ki2_a12_defo2.png	785	1227
sprites/ki2/1/ki2_a12_futeki4.png	785	1227
sprites/ki2/1/ki2_a12_majime1.png	785	1227
sprites/ki2/2/ki2_a11_aseru1.png	416	81
sprites/ki2/2/ki2_a11_aseru2.png	416	81
sprites/ki2/2/ki2_a11_aseru3.png	416	81
sprites/ki2/2/ki2_a11_defo1.png	320	57
sprites/ki2/2/ki2_a11_defo2.png	416	81
sprites/ki2/2/ki2_a11_futeki1.png	356	63
sprites/ki2/2/ki2_a11_futeki3.png	416	81
sprites/ki2/2/ki2_a11_futeki4.png	416	81
sprites/ki2/2/ki2_a11_komaru1.png	296	50
sprites/ki2/2/ki2_a11_komaru2.png	416	81
sprites/ki2/2/ki2_a11_majime1.png	416	81
sprites/ki2/2/ki2_a11_nayamu1.png	416	81
sprites/ki2/2/ki2_a11_nayamu3.png	392	50
sprites/ki2/2/ki2_a11_nayamu4.png	416	81
sprites/ki2/2/ki2_a11_nayamu5.png	416	81
sprites/ki2/2/ki2_a11_niramu1.png	416	81
sprites/ki2/2/ki2_a11_niramu2.png	416	81
sprites/ki2/2/ki2_a11_odoroki1.png	416	81
sprites/ki2/2/ki2_a11_odoroki2.png	264	46
sprites/ki2/2/ki2_a11_oya1.png	416	81
sprites/ki2/2/ki2_a12_defo2.png	416	81
sprites/ki2/2/ki2_a12_futeki4.png	416	81
sprites/ki2/2/ki2_a12_majime1.png	416	81
sprites/kin/1/kin_a11_akuwarai1.png	1226	1184
sprites/kin/1/kin_a11_defo1.png	1226	1184
sprites/kin/1/kin_a11_fukigen1.png	1226	1184
sprites/kin/1/kin_a11_fumu1.png	1226	1184
sprites/kin/1/kin_a11_ikari1.png	1226	1184
sprites/kin/1/kin_a11_majime1.png	1226	1184
sprites/kin/1/kin_a11_naku2.png	1226	1184
sprites/kin/1/kin_a11_warai1.png	1226	1184
sprites/kin/1/kin_a11_warai2.png	1226	1184
sprites/kin/1/kin_a12_akuwarai1.png	1205	1184
sprites/kin/1/kin_a12_defo1.png	1205	1184
sprites/kin/1/kin_a12_fukigen1.png	1205	1184
sprites/kin/1/kin_a12_fumu1.png	1205	1184
sprites/kin/1/kin_a12_ikari1.png	1205	1184
sprites/kin/1/kin_a12_majime1.png	1205	1184
sprites/kin/1/kin_a12_warai1.png	1205	1184
sprites/kin/1/kin_a13_akuwarai1.png	1227	1184
sprites/kin/1/kin_a13_ikari1.png	1227	1184
sprites/kin/1/kin_a13_naku2.png	1227	1184
sprites/kin/1/kin_a13_warai1.png	1227	1184
sprites/kin/1/kin_a13_warai2.png	1227	1184
sprites/kin/1/kin_a21_akuwarai2.png	1226	1177
sprites/kin/1/kin_a21_naku1.png	1226	1177
sprites/kin/1/kin_a23_akuwarai2.png	1227	1177
sprites/kin/1/kin_a23_naku1.png	1227	1177
sprites/kin/2/kin_a11_akuwarai1.png	588	104
sprites/kin/2/kin_a11_defo1.png	472	84
sprites/kin/2/kin_a11_fukigen1.png	476	93
sprites/kin/2/kin_a11_fumu1.png	524	86
sprites/kin/2/kin_a11_ikari1.png	468	94
sprites/kin/2/kin_a11_majime1.png	528	84
sprites/kin/2/kin_a11_naku2.png	648	105
sprites/kin/2/kin_a11_warai1.png	512	85
sprites/kin/2/kin_a11_warai2.png	480	89
sprites/kin/2/kin_a12_akuwarai1.png	588	104
sprites/kin/2/kin_a12_defo1.png	472	84
sprites/kin/2/kin_a12_fukigen1.png	476	93
sprites/kin/2/kin_a12_fumu1.png	524	86
sprites/kin/2/kin_a12_ikari1.png	468	94
sprites/kin/2/kin_a12_majime1.png	528	84
sprites/kin/2/kin_a12_warai1.png	512	85
sprites/kin/2/kin_a13_akuwarai1.png	588	104
sprites/kin/2/kin_a13_ikari1.png	468	94
sprites/kin/2/kin_a13_naku2.png	648	105
sprites/kin/2/kin_a13_warai1.png	512	85
sprites/kin/2/kin_a13_warai2.png	480	89
sprites/kin/2/kin_a21_akuwarai2.png	584	117
sprites/kin/2/kin_a21_naku1.png	756	144
sprites/kin/2/kin_a23_akuwarai2.png	584	117
sprites/kin/2/kin_a23_naku1.png	756	144
sprites/kir/1/kir_a11_defo1.png	658	1101
sprites/kir/1/kir_a11_futeki1.png	658	1101
sprites/kir/1/kir_a11_komaru1.png	658	1101
sprites/kir/1/kir_a11_komaru2.png	658	1101
sprites/kir/1/kir_a11_majime1.png	658	1101
sprites/kir/1/kir_a11_nayamu1.png	658	1101
sprites/kir/1/kir_a11_sakebu1.png	658	1101
sprites/kir/1/kir_a11_sakebu1a.png	658	1101
sprites/kir/1/kir_a11_warai1.png	658	1101
sprites/kir/1/kir_a11_warai2.png	658	1101
sprites/kir/1/kir_a12_defo1.png	696	1101
sprites/kir/1/kir_a12_futeki1.png	696	1101
sprites/kir/1/kir_a12_komaru1.png	696	1101
sprites/kir/1/kir_a12_majime1.png	696	1101
sprites/kir/1/kir_a12_nayamu1.png	696	1101
sprites/kir/1/kir_a12_warai1.png	696	1101
sprites/kir/1/kir_a12_warai2.png	696	1101
sprites/kir/1/kir_a13_futeki1.png	549	1101
sprites/kir/1/kir_a13_komaru1.png	549	1101
sprites/kir/1/kir_a13_komaru2.png	549	1101
sprites/kir/1/kir_a13_majime1.png	549	1101
sprites/kir/1/kir_a13_nayamu1.png	549	1101
sprites/kir/1/kir_a13_warai1.png	549	1101
sprites/kir/1/kir_a13_warai2.png	549	1101
sprites/kir/1/kir_a14_komaru1.png	568	1101
sprites/kir/1/kir_a14_warai2.png	568	1101
sprites/kir/1/kir_a19_defo1.png	1083	1101
sprites/kir/1/kir_a19_futeki1.png	1083	1101
sprites/kir/1/kir_a19_komaru1.png	1083	1101
sprites/kir/1/kir_a19_majime1.png	1083	1101
sprites/kir/1/kir_a19_warai1.png	1083	1101
sprites/kir/1/kir_a19_warai2.png	1083	1101
sprites/kir/1/kir_a23_futeki1.png	549	1098
sprites/kir/1/kir_a23_komaru1.png	549	1098
sprites/kir/1/kir_a23_majime1.png	549	1098
sprites/kir/1/kir_a23_nayamu1.png	549	1098
sprites/kir/1/kir_a24_majime1.png	568	1098
sprites/kir/1/kir_a25_futeki1.png	570	1098
sprites/kir/1/kir_a25_komaru1.png	570	1098
sprites/kir/1/kir_a25_majime1.png	570	1098
sprites/kir/1/kir_a25_nayamu1.png	570	1098
sprites/kir/1/kir_a26_futeki1.png	778	1098
sprites/kir/1/kir_a26_komaru1.png	778	1098
sprites/kir/1/kir_a26_majime1.png	778	1098
sprites/kir/1/kir_a26_nayamu1.png	778	1098
sprites/kir/1/kir_a27_futeki1.png	543	1098
sprites/kir/1/kir_a27_komaru1.png	543	1098
sprites/kir/1/kir_a27_majime1.png	543	1098
sprites/kir/1/kir_a27_nayamu1.png	543	1098
sprites/kir/1/kir_a33_majime2.png	549	1092
sprites/kir/1/kir_a33_nayamu1.png	549	1092
sprites/kir/1/kir_a38_majime1.png	549	1092
sprites/kir/1/kir_a38_majime2.png	549	1092
sprites/kir/1/kir_a38_nayamu1.png	549	1092
sprites/kir/2/kir_a11_defo1.png	280	46
sprites/kir/2/kir_a11_futeki1.png	316	42
sprites/kir/2/kir_a11_komaru1.png	284	45
sprites/kir/2/kir_a11_komaru2.png	424	81
sprites/kir/2/kir_a11_majime1.png	212	40
sprites/kir/2/kir_a11_nayamu1.png	280	40
sprites/kir/2/kir_a11_sakebu1.png	336	64
sprites/kir/2/kir_a11_sakebu1a.png	508	66
sprites/kir/2/kir_a11_warai1.png	260	40
sprites/kir/2/kir_a11_warai2.png	240	39
sprites/kir/2/kir_a12_defo1.png	280	46
sprites/kir/2/kir_a12_futeki1.png	316	42
sprites/kir/2/kir_a12_komaru1.png	284	45
sprites/kir/2/kir_a12_majime1.png	212	40
sprites/kir/2/kir_a12_nayamu1.png	280	40
sprites/kir/2/kir_a12_warai1.png	260	40
sprites/kir/2/kir_a12_warai2.png	240	39
sprites/kir/2/kir_a13_futeki1.png	316	42
sprites/kir/2/kir_a13_komaru1.png	284	45
sprites/kir/2/kir_a13_komaru2.png	424	81
sprites/kir/2/kir_a13_majime1.png	212	40
sprites/kir/2/kir_a13_nayamu1.png	280	40
sprites/kir/2/kir_a13_warai1.png	260	40
sprites/kir/2/kir_a13_warai2.png	240	39
sprites/kir/2/kir_a14_komaru1.png	284	45
sprites/kir/2/kir_a14_warai2.png	240	39
sprites/kir/2/kir_a19_defo1.png	280	46
sprites/kir/2/kir_a19_futeki1.png	316	42
sprites/kir/2/kir_a19_komaru1.png	284	45
sprites/kir/2/kir_a19_majime1.png	212	40
sprites/kir/2/kir_a19_warai1.png	260	40
sprites/kir/2/kir_a19_warai2.png	240	39
sprites/kir/2/kir_a23_futeki1.png	280	51
sprites/kir/2/kir_a23_komaru1.png	240	39
sprites/kir/2/kir_a23_majime1.png	196	40
sprites/kir/2/kir_a23_nayamu1.png	196	35
sprites/kir/2/kir_a24_majime1.png	196	40
sprites/kir/2/kir_a25_futeki1.png	280	51
sprites/kir/2/kir_a25_komaru1.png	240	39
sprites/kir/2/kir_a25_majime1.png	196	40
sprites/kir/2/kir_a25_nayamu1.png	196	35
sprites/kir/2/kir_a26_futeki1.png	280	51
sprites/kir/2/kir_a26_komaru1.png	240	39
sprites/kir/2/kir_a26_majime1.png	196	40
sprites/kir/2/kir_a26_nayamu1.png	196	35
sprites/kir/2/kir_a27_futeki1.png	280	51
sprites/kir/2/kir_a27_komaru1.png	240	39
sprites/kir/2/kir_a27_majime1.png	196	40
sprites/kir/2/kir_a27_nayamu1.png	196	35
sprites/kir/2/kir_a33_majime2.png	284	46
sprites/kir/2/kir_a33_nayamu1.png	280	50
sprites/kir/2/kir_a38_majime1.png	192	29
sprites/kir/2/kir_a38_majime2.png	164	25
sprites/kir/2/kir_a38_nayamu1.png	148	28
sprites/ku2/1/ku2_a11_defo1.png	859	1180
sprites/ku2/1/ku2_a11_majime1.png	859	1180
sprites/ku2/1/ku2_a11_warai1.png	859	1180
sprites/ku2/1/ku2_a12_defo1.png	1131	1197
sprites/ku2/2/ku2_a11_defo1.png	516	95
sprites/ku2/2/ku2_a11_majime1.png	516	93
sprites/ku2/2/ku2_a11_warai1.png	540	101
sprites/ku2/2/ku2_a12_defo1.png	836	96
sprites/kum/1/kum_a11_defo1.png	608	1015
sprites/kum/1/kum_a11_defo2.png	608	1015
sprites/kum/1/kum_a11_komaru1.png	608	1015
sprites/kum/1/kum_a11_majime1.png	608	1015
sprites/kum/1/kum_a11_odoroki1.png	608	1015
sprites/kum/1/kum_a11_warai1.png	608	1015
sprites/kum/1/kum_a12_defo1.png	600	1015
sprites/kum/1/kum_a12_defo2.png	600	1015
sprites/kum/1/kum_a12_komaru1.png	600	1015
sprites/kum/1/kum_a12_majime1.png	600	1015
sprites/kum/1/kum_a12_odoroki1.png	600	1015
sprites/kum/1/kum_a12_warai1.png	600	1015
sprites/kum/2/kum_a11_defo1.png	716	237
sprites/kum/2/kum_a11_defo2.png	644	192
sprites/kum/2/kum_a11_komaru1.png	492	82
sprites/kum/2/kum_a11_majime1.png	652	200
sprites/kum/2/kum_a11_odoroki1.png	548	102
sprites/kum/2/kum_a11_warai1.png	732	107
sprites/kum/2/kum_a12_defo1.png	696	230
sprites/kum/2/kum_a12_defo2.png	660	224
sprites/kum/2/kum_a12_komaru1.png	612	122
sprites/kum/2/kum_a12_majime1.png	744	221
sprites/kum/2/kum_a12_odoroki1.png	548	116
sprites/kum/2/kum_a12_warai1.png	744	105
sprites/lam/1/lam_a11_akuwarai1.png	729	973
sprites/lam/1/lam_a11_akuwarai2.png	729	973
sprites/lam/1/lam_a11_akuwarai3.png	729	973
sprites/lam/1/lam_a11_akuwarai4.png	729	973
sprites/lam/1/lam_a11_akuwarai5.png	729	973
sprites/lam/1/lam_a11_akuwarai6.png	729	973
sprites/lam/1/lam_a11_fuman1.png	729	973
sprites/lam/1/lam_a11_futeki1.png	729	973
sprites/lam/1/lam_a11_futeki2.png	729	973
sprites/lam/1/lam_a11_futeki3.png	729	973
sprites/lam/1/lam_a11_majime1.png	729	973
sprites/lam/1/lam_a11_majime2.png	729	973
sprites/lam/1/lam_a11_majime3.png	729	973
sprites/lam/1/lam_a11_odoroki1.png	729	973
sprites/lam/1/lam_a11_odoroki2.png	729	973
sprites/lam/1/lam_a11_odoroki3.png	729	973
sprites/lam/1/lam_a11_odoroki4.png	729	973
sprites/lam/1/lam_a11_warai1.png	729	973
sprites/lam/1/lam_a12_akuwarai1.png	782	973
sprites/lam/1/lam_a12_akuwarai3.png	782	973
sprites/lam/1/lam_a12_akuwarai4.png	782	973
sprites/lam/1/lam_a12_futeki2.png	782	973
sprites/lam/1/lam_a12_futeki3.png	782	973
sprites/lam/1/lam_b21_akuwarai1.png	729	828
sprites/lam/1/lam_b21_akuwarai3.png	729	828
sprites/lam/1/lam_b21_akuwarai6.png	729	828
sprites/lam/1/lam_b21_warai2.png	729	828
sprites/lam/2/lam_a11_akuwarai1.png	332	52
sprites/lam/2/lam_a11_akuwarai2.png	284	34
sprites/lam/2/lam_a11_akuwarai3.png	364	49
sprites/lam/2/lam_a11_akuwarai4.png	464	61
sprites/lam/2/lam_a11_akuwarai5.png	412	64
sprites/lam/2/lam_a11_akuwarai6.png	492	69
sprites/lam/2/lam_a11_fuman1.png	200	45
sprites/lam/2/lam_a11_futeki1.png	408	75
sprites/lam/2/lam_a11_futeki2.png	452	52
sprites/lam/2/lam_a11_futeki3.png	316	50
sprites/lam/2/lam_a11_majime1.png	244	57
sprites/lam/2/lam_a11_majime2.png	196	36
sprites/lam/2/lam_a11_majime3.png	280	41
sprites/lam/2/lam_a11_odoroki1.png	520	76
sprites/lam/2/lam_a11_odoroki2.png	380	65
sprites/lam/2/lam_a11_odoroki3.png	220	55
sprites/lam/2/lam_a11_odoroki4.png	268	35
sprites/lam/2/lam_a11_warai1.png	300	46
sprites/lam/2/lam_a12_akuwarai1.png	332	52
sprites/lam/2/lam_a12_akuwarai3.png	364	49
sprites/lam/2/lam_a12_akuwarai4.png	464	61
sprites/lam/2/lam_a12_futeki2.png	452	52
sprites/lam/2/lam_a12_futeki3.png	316	50
sprites/lam/2/lam_b21_akuwarai1.png	504	63
sprites/lam/2/lam_b21_akuwarai3.png	388	55
sprites/lam/2/lam_b21_akuwarai6.png	736	132
sprites/lam/2/lam_b21_warai2.png	256	61
sprites/mar/1/mar_a11_akuwarai1.png	617	1018
sprites/mar/1/mar_a11_akuwarai2.png	617	1018
sprites/mar/1/mar_a11_defo1.png	617	1018
sprites/mar/1/mar_a11_fukigen2.png	617	1018
sprites/mar/1/mar_a11_ikari1.png	617	1018
sprites/mar/1/mar_a11_komaru1.png	617	1018
sprites/mar/1/mar_a11_majime1.png	617	1018
sprites/mar/1/mar_a11_niyari1.png	617	1018
sprites/mar/1/mar_a11_odoroki1.png	617	1018
sprites/mar/1/mar_a11_uuu1.png	617	1018
sprites/mar/1/mar_a11_warai1.png	617	1018
sprites/mar/1/mar_a22_akuwarai1.png	758	1004
sprites/mar/1/mar_a22_akuwarai2.png	758	1004
sprites/mar/1/mar_a22_defo1.png	758	1004
sprites/mar/1/mar_a22_defo1k.png	758	1004
sprites/mar/1/mar_a22_komaru1.png	758	1004
sprites/mar/1/mar_a22_majime1.png	758	1004
sprites/mar/1/mar_a22_naku1.png	758	1004
sprites/mar/1/mar_a22_niyari1.png	758	1004
sprites/mar/1/mar_a22_odoroki1.png	758	1004
sprites/mar/1/mar_a22_sakebu1.png	758	1004
sprites/mar/1/mar_a22_warai1.png	758	1004
sprites/mar/1/mar_a22_warai2.png	758	1004
sprites/mar/1/mar_a23_odoroki1.png	617	1004
sprites/mar/1/mar_a23_warai1.png	617	1004
sprites/mar/1/mar_a23_warai2.png	617	1004
sprites/mar/1/mar_a24_komaru1.png	624	1004
sprites/mar/1/mar_a24_naku1.png	624	1004
sprites/mar/1/mar_a24_sakebu1.png	624	1004
sprites/mar/1/mar_a35_etto1.png	549	1008
sprites/mar/1/mar_a36_etto1.png	617	1008
sprites/mar/1/mar_b11_akuwarai1.png	1011	1018
sprites/mar/1/mar_b11_akuwarai2.png	1011	1018
sprites/mar/1/mar_b11_defo1.png	1011	1018
sprites/mar/1/mar_b11_defo1k.png	1011	1018
sprites/mar/1/mar_b11_fukigen2.png	1011	1018
sprites/mar/1/mar_b11_ikari1.png	1011	1018
sprites/mar/1/mar_b11_komaru1.png	1011	1018
sprites/mar/1/mar_b11_majime1.png	1011	1018
sprites/mar/1/mar_b11_niyari1.png	1011	1018
sprites/mar/1/mar_b11_odoroki1.png	1011	1018
sprites/mar/1/mar_b11_warai1.png	1011	1018
sprites/mar/1/mar_b12_akuwarai1.png	1158	1222
sprites/mar/1/mar_b12_fukigen2.png	1158	1222
sprites/mar/1/mar_b12_majime1.png	1158	1222
sprites/mar/1/mar_b12_niyari1.png	1158	1222
sprites/mar/1/mar_b22_akuwarai2.png	1158	1222
sprites/mar/1/mar_b22_ikari1.png	1158	1222
sprites/mar/1/mar_b22_komaru1.png	1158	1222
sprites/mar/1/mar_b22_niyari1.png	1158	1222
sprites/mar/1/mar_b22_odoroki1.png	1158	1222
sprites/mar/1/mar_b22_sakebu1.png	1158	1222
sprites/mar/1/mar_b22_warai1.png	1158	1222
sprites/mar/1/mar_b22_warai2.png	1158	1222
sprites/mar/1/mar_b23_komaru1.png	945	1004
sprites/mar/1/mar_b23_naku1.png	945	1004
sprites/mar/1/mar_b23_sakebu1.png	945	1004
sprites/mar/1/mar_b23_warai2.png	945	1004
sprites/mar/1/mar_c11_akuwarai1.png	872	934
sprites/mar/1/mar_c11_defo1.png	872	934
sprites/mar/1/mar_c11_fukigen2.png	872	934
sprites/mar/1/mar_c11_komaru1.png	872	934
sprites/mar/1/mar_c11_majime1.png	872	934
sprites/mar/1/mar_c11_niyari1.png	872	934
sprites/mar/1/mar_c11_odoroki1.png	872	934
sprites/mar/1/mar_c11_uuu1.png	872	934
sprites/mar/1/mar_c11_warai1.png	872	934
sprites/mar/1/mar_c12_defo1.png	407	934
sprites/mar/1/mar_c12_fukigen2.png	407	934
sprites/mar/1/mar_c12_ikari1.png	407	934
sprites/mar/1/mar_c12_komaru1.png	407	934
sprites/mar/1/mar_c12_niyari1.png	407	934
sprites/mar/1/mar_c12_odoroki1.png	407	934
sprites/mar/1/mar_c12_warai1.png	407	934
sprites/mar/1/mar_c21_naku1.png	872	926
sprites/mar/1/mar_c21_odoroki1.png	872	926
sprites/mar/1/mar_c21_sakebu1.png	872	926
sprites/mar/1/mar_c21_warai1.png	872	926
sprites/mar/1/mar_c21_warai2.png	872	926
sprites/mar/1/mar_c22_defo1.png	407	926
sprites/mar/1/mar_c22_komaru1.png	407	926
sprites/mar/1/mar_c22_naku1.png	407	926
sprites/mar/1/mar_c22_niyari1.png	407	926
sprites/mar/1/mar_c22_odoroki1.png	407	926
sprites/mar/1/mar_c22_sakebu1.png	407	926
sprites/mar/1/mar_c22_warai1.png	407	926
sprites/mar/1/mar_c22_warai2.png	407	926
sprites/mar/1/mar_c23_naku1.png	556	926
sprites/mar/2/mar_a11_akuwarai1.png	692	74
sprites/mar/2/mar_a11_akuwarai2.png	688	74
sprites/mar/2/mar_a11_defo1.png	328	46
sprites/mar/2/mar_a11_fukigen2.png	692	74
sprites/mar/2/mar_a11_ikari1.png	692	74
sprites/mar/2/mar_a11_komaru1.png	692	74
sprites/mar/2/mar_a11_majime1.png	504	70
sprites/mar/2/mar_a11_niyari1.png	692	62
sprites/mar/2/mar_a11_odoroki1.png	656	74
sprites/mar/2/mar_a11_uuu1.png	692	74
sprites/mar/2/mar_a11_warai1.png	636	74
sprites/mar/2/mar_a22_akuwarai1.png	404	64
sprites/mar/2/mar_a22_akuwarai2.png	404	64
sprites/mar/2/mar_a22_defo1.png	236	37
sprites/mar/2/mar_a22_defo1k.png	264	68
sprites/mar/2/mar_a22_komaru1.png	256	61
sprites/mar/2/mar_a22_majime1.png	220	37
sprites/mar/2/mar_a22_naku1.png	356	69
sprites/mar/2/mar_a22_niyari1.png	256	49
sprites/mar/2/mar_a22_odoroki1.png	556	95
sprites/mar/2/mar_a22_sakebu1.png	436	77
sprites/mar/2/mar_a22_warai1.png	348	58
sprites/mar/2/mar_a22_warai2.png	328	58
sprites/mar/2/mar_a23_odoroki1.png	556	74
sprites/mar/2/mar_a23_warai1.png	348	58
sprites/mar/2/mar_a23_warai2.png	328	58
sprites/mar/2/mar_a24_komaru1.png	576	67
sprites/mar/2/mar_a24_naku1.png	576	93
sprites/mar/2/mar_a24_sakebu1.png	576	93
sprites/mar/2/mar_a35_etto1.png	80	34
sprites/mar/2/mar_a36_etto1.png	80	34
sprites/mar/2/mar_b11_akuwarai1.png	536	52
sprites/mar/2/mar_b11_akuwarai2.png	528	52
sprites/mar/2/mar_b11_defo1.png	196	32
sprites/mar/2/mar_b11_defo1k.png	280	42
sprites/mar/2/mar_b11_fukigen2.png	496	61
sprites/mar/2/mar_b11_ikari1.png	496	56
sprites/mar/2/mar_b11_komaru1.png	284	51
sprites/mar/2/mar_b11_majime1.png	324	35
sprites/mar/2/mar_b11_niyari1.png	468	49
sprites/mar/2/mar_b11_odoroki1.png	412	50
sprites/mar/2/mar_b11_warai1.png	636	74
sprites/mar/2/mar_b12_akuwarai1.png	532	52
sprites/mar/2/mar_b12_fukigen2.png	492	61
sprites/mar/2/mar_b12_majime1.png	324	35
sprites/mar/2/mar_b12_niyari1.png	468	49
sprites/mar/2/mar_b22_akuwarai2.png	404	64
sprites/mar/2/mar_b22_ikari1.png	372	75
sprites/mar/2/mar_b22_komaru1.png	256	61
sprites/mar/2/mar_b22_niyari1.png	256	49
sprites/mar/2/mar_b22_odoroki1.png	556	74
sprites/mar/2/mar_b22_sakebu1.png	436	81
sprites/mar/2/mar_b22_warai1.png	348	58
sprites/mar/2/mar_b22_warai2.png	328	58
sprites/mar/2/mar_b23_komaru1.png	516	112
sprites/mar/2/mar_b23_naku1.png	540	111
sprites/mar/2/mar_b23_sakebu1.png	580	111
sprites/mar/2/mar_b23_warai2.png	520	103
sprites/mar/2/mar_c11_akuwarai1.png	532	52
sprites/mar/2/mar_c11_defo1.png	196	32
sprites/mar/2/mar_c11_fukigen2.png	488	61
sprites/mar/2/mar_c11_komaru1.png	284	51
sprites/mar/2/mar_c11_majime1.png	324	35
sprites/mar/2/mar_c11_niyari1.png	468	49
sprites/mar/2/mar_c11_odoroki1.png	412	50
sprites/mar/2/mar_c11_uuu1.png	420	50
sprites/mar/2/mar_c11_warai1.png	636	74
sprites/mar/2/mar_c12_defo1.png	196	32
sprites/mar/2/mar_c12_fukigen2.png	488	61
sprites/mar/2/mar_c12_ikari1.png	280	45
sprites/mar/2/mar_c12_komaru1.png	284	51
sprites/mar/2/mar_c12_niyari1.png	468	49
sprites/mar/2/mar_c12_odoroki1.png	412	50
sprites/mar/2/mar_c12_warai1.png	636	74
sprites/mar/2/mar_c21_naku1.png	356	69
sprites/mar/2/mar_c21_odoroki1.png	556	74
sprites/mar/2/mar_c21_sakebu1.png	436	77
sprites/mar/2/mar_c21_warai1.png	348	58
sprites/mar/2/mar_c21_warai2.png	328	58
sprites/mar/2/mar_c22_defo1.png	236	37
sprites/mar/2/mar_c22_komaru1.png	256	61
sprites/mar/2/mar_c22_naku1.png	356	69
sprites/mar/2/mar_c22_niyari1.png	256	49
sprites/mar/2/mar_c22_odoroki1.png	556	74
sprites/mar/2/mar_c22_sakebu1.png	436	78
sprites/mar/2/mar_c22_warai1.png	348	58
sprites/mar/2/mar_c22_warai2.png	328	58
sprites/mar/2/mar_c23_naku1.png	584	102
sprites/na2/1/na2_a11_defo1.png	570	1171
sprites/na2/1/na2_a11_defo3.png	570	1171
sprites/na2/1/na2_a11_komaru1.png	570	1171
sprites/na2/1/na2_a21_defo1.png	570	1159
sprites/na2/1/na2_a21_defo2.png	570	1159
sprites/na2/2/na2_a11_defo1.png	424	100
sprites/na2/2/na2_a11_defo3.png	428	102
sprites/na2/2/na2_a11_komaru1.png	524	114
sprites/na2/2/na2_a21_defo1.png	788	121
sprites/na2/2/na2_a21_defo2.png	788	121
sprites/nan/1/nan_a1_defo1.png	888	1096
sprites/nan/1/nan_a1_fumu1.png	888	1096
sprites/nan/1/nan_a1_hohoemi1.png	888	1096
sprites/nan/1/nan_a1_komaru2.png	888	1096
sprites/nan/1/nan_a1_komaru3.png	888	1096
sprites/nan/1/nan_a1_majime1.png	888	1096
sprites/nan/1/nan_a2_defo1.png	814	1096
sprites/nan/1/nan_a2_fumu1.png	814	1096
sprites/nan/1/nan_a2_hohoemi1.png	814	1096
sprites/nan/1/nan_a2_komaru3.png	814	1096
sprites/nan/1/nan_a2_majime1.png	814	1096
sprites/nan/2/nan_a1_defo1.png	472	97
sprites/nan/2/nan_a1_fumu1.png	472	91
sprites/nan/2/nan_a1_hohoemi1.png	472	97
sprites/nan/2/nan_a1_komaru2.png	476	84
sprites/nan/2/nan_a1_komaru3.png	472	93
sprites/nan/2/nan_a1_majime1.png	592	92
sprites/nan/2/nan_a2_defo1.png	472	86
sprites/nan/2/nan_a2_fumu1.png	472	89
sprites/nan/2/nan_a2_hohoemi1.png	472	89
sprites/nan/2/nan_a2_komaru3.png	472	87
sprites/nan/2/nan_a2_majime1.png	584	92
sprites/nat/1/nat_a11_hisu1.png	633	1150
sprites/nat/1/nat_a11_ikari2.png	633	1150
sprites/nat/1/nat_a11_ikari3.png	633	1150
sprites/nat/1/nat_a11_komaru1.png	633	1150
sprites/nat/1/nat_a11_majime1.png	633	1150
sprites/nat/1/nat_a11_majime2.png	633	1150
sprites/nat/1/nat_a11_nayamu1.png	633	1150
sprites/nat/1/nat_a11_nayamu2.png	633	1150
sprites/nat/1/nat_a11_nayamu3.png	633	1150
sprites/nat/1/nat_a11_odoroki2.png	633	1150
sprites/nat/1/nat_a11_odoroki3.png	633	1150
sprites/nat/1/nat_a11_tukare1.png	633	1150
sprites/nat/1/nat_a11_tukare2.png	633	1150
sprites/nat/1/nat_a11_warai1.png	633	1150
sprites/nat/1/nat_a11_warai2.png	633	1150
sprites/nat/1/nat_a11_zutuu1.png	633	1150
sprites/nat/1/nat_a12_hisu1.png	633	1150
sprites/nat/1/nat_a12_ikari1.png	633	1150
sprites/nat/1/nat_a12_ikari2.png	633	1150
sprites/nat/1/nat_a12_ikari3.png	633	1150
sprites/nat/1/nat_a12_komaru1.png	633	1150
sprites/nat/1/nat_a12_majime1.png	633	1150
sprites/nat/1/nat_a12_majime2.png	633	1150
sprites/nat/1/nat_a12_naku1.png	633	1150
sprites/nat/1/nat_a12_naku2.png	633	1150
sprites/nat/1/nat_a12_naku3.png	633	1150
sprites/nat/1/nat_a12_naku4.png	633	1150
sprites/nat/1/nat_a12_nayamu1.png	633	1150
sprites/nat/1/nat_a12_nayamu2.png	633	1150
sprites/nat/1/nat_a12_nayamu3.png	633	1150
sprites/nat/1/nat_a12_odoroki2.png	633	1150
sprites/nat/1/nat_a12_odoroki3.png	633	1150
sprites/nat/1/nat_a12_odoroki4.png	633	1150
sprites/nat/1/nat_a12_tukare1.png	633	1150
sprites/nat/1/nat_a12_tukare2.png	633	1150
sprites/nat/1/nat_a12_warai1.png	633	1150
sprites/nat/1/nat_a12_warai2.png	633	1150
sprites/nat/1/nat_a12_zutuu1.png	633	1150
sprites/nat/1/nat_a16_hisu1.png	633	1150
sprites/nat/1/nat_a16_ikari1.png	633	1150
sprites/nat/1/nat_a16_majime1.png	633	1150
sprites/nat/1/nat_a16_odoroki4.png	633	1150
sprites/nat/1/nat_a16_tukare1.png	633	1150
sprites/nat/1/nat_a16_tukare2.png	633	1150
sprites/nat/1/nat_a16_warai1.png	633	1150
sprites/nat/1/nat_a16_zutuu1.png	633	1150
sprites/nat/1/nat_a17_ikari1.png	643	1150
sprites/nat/1/nat_a17_ikari2.png	643	1150
sprites/nat/1/nat_a21_hisu1.png	633	1151
sprites/nat/1/nat_a21_majime1.png	633	1151
sprites/nat/1/nat_a21_odoroki2.png	633	1151
sprites/nat/1/nat_a21_tukare1.png	633	1151
sprites/nat/1/nat_a21_tukare2.png	633	1151
sprites/nat/1/nat_a21_warai1.png	633	1151
sprites/nat/1/nat_a21_zutuu1.png	633	1151
sprites/nat/1/nat_a26_hisu1.png	633	1151
sprites/nat/1/nat_a26_majime1.png	633	1151
sprites/nat/1/nat_a26_odoroki2.png	633	1151
sprites/nat/1/nat_a26_tukare1.png	633	1151
sprites/nat/1/nat_a26_zutuu1.png	633	1151
sprites/nat/1/nat_a32_hisu1.png	722	1151
sprites/nat/1/nat_a32_ikari1.png	665	1151
sprites/nat/1/nat_a32_odoroki2.png	665	1151
sprites/nat/1/nat_a33_odoroki2.png	665	1151
sprites/nat/1/nat_a34_odoroki2.png	980	1151
sprites/nat/1/nat_a35_odoroki2.png	851	1151
sprites/nat/1/nat_a41_zutuu1.png	633	1159
sprites/nat/1/nat_a43_naku1.png	633	1159
sprites/nat/1/nat_a43_zutuu1.png	633	1159
sprites/nat/2/nat_a11_hisu1.png	196	44
sprites/nat/2/nat_a11_ikari2.png	212	56
sprites/nat/2/nat_a11_ikari3.png	216	41
sprites/nat/2/nat_a11_komaru1.png	212	37
sprites/nat/2/nat_a11_majime1.png	200	42
sprites/nat/2/nat_a11_majime2.png	212	40
sprites/nat/2/nat_a11_nayamu1.png	232	50
sprites/nat/2/nat_a11_nayamu2.png	236	50
sprites/nat/2/nat_a11_nayamu3.png	220	49
sprites/nat/2/nat_a11_odoroki2.png	232	46
sprites/nat/2/nat_a11_odoroki3.png	220	49
sprites/nat/2/nat_a11_tukare1.png	200	40
sprites/nat/2/nat_a11_tukare2.png	232	39
sprites/nat/2/nat_a11_warai1.png	228	38
sprites/nat/2/nat_a11_warai2.png	236	36
sprites/nat/2/nat_a11_zutuu1.png	200	38
sprites/nat/2/nat_a12_hisu1.png	196	44
sprites/nat/2/nat_a12_ikari1.png	244	54
sprites/nat/2/nat_a12_ikari2.png	212	56
sprites/nat/2/nat_a12_ikari3.png	216	41
sprites/nat/2/nat_a12_komaru1.png	212	39
sprites/nat/2/nat_a12_majime1.png	200	42
sprites/nat/2/nat_a12_majime2.png	212	40
sprites/nat/2/nat_a12_naku1.png	236	39
sprites/nat/2/nat_a12_naku2.png	220	48
sprites/nat/2/nat_a12_naku3.png	508	41
sprites/nat/2/nat_a12_naku4.png	580	72
sprites/nat/2/nat_a12_nayamu1.png	224	50
sprites/nat/2/nat_a12_nayamu2.png	236	50
sprites/nat/2/nat_a12_nayamu3.png	220	49
sprites/nat/2/nat_a12_odoroki2.png	232	46
sprites/nat/2/nat_a12_odoroki3.png	228	49
sprites/nat/2/nat_a12_odoroki4.png	232	37
sprites/nat/2/nat_a12_tukare1.png	200	41
sprites/nat/2/nat_a12_tukare2.png	232	39
sprites/nat/2/nat_a12_warai1.png	228	38
sprites/nat/2/nat_a12_warai2.png	236	36
sprites/nat/2/nat_a12_zutuu1.png	200	38
sprites/nat/2/nat_a16_hisu1.png	196	44
sprites/nat/2/nat_a16_ikari1.png	244	54
sprites/nat/2/nat_a16_majime1.png	200	42
sprites/nat/2/nat_a16_odoroki4.png	232	37
sprites/nat/2/nat_a16_tukare1.png	200	40
sprites/nat/2/nat_a16_tukare2.png	232	39
sprites/nat/2/nat_a16_warai1.png	228	37
sprites/nat/2/nat_a16_zutuu1.png	200	38
sprites/nat/2/nat_a17_ikari1.png	244	54
sprites/nat/2/nat_a17_ikari2.png	224	56
sprites/nat/2/nat_a21_hisu1.png	180	49
sprites/nat/2/nat_a21_majime1.png	240	55
sprites/nat/2/nat_a21_odoroki2.png	216	49
sprites/nat/2/nat_a21_tukare1.png	280	49
sprites/nat/2/nat_a21_tukare2.png	268	47
sprites/nat/2/nat_a21_warai1.png	208	47
sprites/nat/2/nat_a21_zutuu1.png	272	44
sprites/nat/2/nat_a26_hisu1.png	192	49
sprites/nat/2/nat_a26_majime1.png	244	55
sprites/nat/2/nat_a26_odoroki2.png	216	48
sprites/nat/2/nat_a26_tukare1.png	280	49
sprites/nat/2/nat_a26_zutuu1.png	272	44
sprites/nat/2/nat_a32_hisu1.png	276	85
sprites/nat/2/nat_a32_ikari1.png	348	89
sprites/nat/2/nat_a32_odoroki2.png	200	70
sprites/nat/2/nat_a33_odoroki2.png	200	70
sprites/nat/2/nat_a34_odoroki2.png	200	70
sprites/nat/2/nat_a35_odoroki2.png	200	70
sprites/nat/2/nat_a41_zutuu1.png	160	27
sprites/nat/2/nat_a43_naku1.png	236	36
sprites/nat/2/nat_a43_zutuu1.png	160	27
sprites/oko/1/oko_a11_akuwarai1.png	782	1185
sprites/oko/1/oko_a11_defo1.png	782	1185
sprites/oko/1/oko_a11_warai1.png	782	1185
sprites/oko/1/oko_a11_warai2.png	782	1185
sprites/oko/1/oko_a12_warai1.png	732	1185
sprites/oko/1/oko_a12_warai2.png	732	1185
sprites/oko/1/oko_a21_chohatsu1.png	1263	1176
sprites/oko/1/oko_a21_yoou1.png	1263	1176
sprites/oko/2/oko_a11_akuwarai1.png	480	157
sprites/oko/2/oko_a11_defo1.png	468	154
sprites/oko/2/oko_a11_warai1.png	484	151
sprites/oko/2/oko_a11_warai2.png	464	158
sprites/oko/2/oko_a12_warai1.png	484	151
sprites/oko/2/oko_a12_warai2.png	464	158
sprites/oko/2/oko_a21_chohatsu1.png	624	96
sprites/oko/2/oko_a21_yoou1.png	652	98
sprites/pro/1/pro_a11_defo1.png	659	1156
sprites/pro/1/pro_a11_komaru1.png	659	1156
sprites/pro/1/pro_a11_majime1.png	659	1156
sprites/pro/1/pro_a11_majime2.png	659	1156
sprites/pro/1/pro_a11_odoroki1.png	659	1156
sprites/pro/1/pro_a11_warai1.png	659	1156
sprites/pro/1/pro_a12_majime1.png	662	1156
sprites/pro/1/pro_a13_defo1.png	756	1156
sprites/pro/1/pro_a13_odoroki1.png	756	1156
sprites/pro/1/pro_a13_warai1.png	756	1156
sprites/pro/2/pro_a11_defo1.png	784	124
sprites/pro/2/pro_a11_komaru1.png	784	124
sprites/pro/2/pro_a11_majime1.png	784	124
sprites/pro/2/pro_a11_majime2.png	784	124
sprites/pro/2/pro_a11_odoroki1.png	780	124
sprites/pro/2/pro_a11_warai1.png	784	124
sprites/pro/2/pro_a12_majime1.png	784	124
sprites/pro/2/pro_a13_defo1.png	784	124
sprites/pro/2/pro_a13_odoroki1.png	780	124
sprites/pro/2/pro_a13_warai1.png	784	124
sprites/rg1/1/rg1_a11_akuwarai1.png	1094	1063
sprites/rg1/1/rg1_a11_akuwarai2.png	1094	1063
sprites/rg1/1/rg1_a11_defo1.png	1094	1063
sprites/rg1/1/rg1_a11_fuman1.png	1094	1063
sprites/rg1/1/rg1_a11_hohoemi1.png	1094	1063
sprites/rg1/1/rg1_a11_ikari1.png	1094	1063
sprites/rg1/1/rg1_a11_ikari2.png	1094	1063
sprites/rg1/1/rg1_a11_komaru3.png	1094	1063
sprites/rg1/1/rg1_a11_odoroki1.png	1094	1063
sprites/rg1/1/rg1_a11_odoroki3.png	1094	1063
sprites/rg1/1/rg1_a12_akuwarai1.png	1094	1063
sprites/rg1/1/rg1_a12_akuwarai2.png	1094	1063
sprites/rg1/1/rg1_a12_akuwarai3.png	1094	1063
sprites/rg1/1/rg1_a12_defo1.png	1094	1063
sprites/rg1/1/rg1_a12_fuman1.png	1094	1063
sprites/rg1/1/rg1_a12_hohoemi1.png	1094	1063
sprites/rg1/1/rg1_a12_ikari1.png	1094	1063
sprites/rg1/1/rg1_a12_komaru3.png	1094	1063
sprites/rg1/1/rg1_a12_naku1.png	1094	1063
sprites/rg1/1/rg1_a12_odoroki1.png	1094	1063
sprites/rg1/1/rg1_a12_odoroki3.png	1094	1063
sprites/rg1/1/rg1_a12b_akuwarai1.png	1408	1063
sprites/rg1/1/rg1_a12b_akuwarai2.png	1408	1063
sprites/rg1/1/rg1_a12b_hohoemi1.png	1408	1063
sprites/rg1/1/rg1_a12b_ikari1.png	1408	1063
sprites/rg1/1/rg1_a12b_odoroki1.png	1408	1063
sprites/rg1/1/rg1_a13_akuwarai1.png	1094	1063
sprites/rg1/1/rg1_a13_akuwarai2.png	1094	1063
sprites/rg1/1/rg1_a13_fuman1.png	1094	1063
sprites/rg1/1/rg1_a13_hohoemi1.png	1094	1063
sprites/rg1/1/rg1_a13b_ikari1.png	1094	1063
sprites/rg1/1/rg1_a21_defo1.png	1140	1025
sprites/rg1/1/rg1_a21_ikari1.png	1140	1025
sprites/rg1/1/rg1_a21_komaru2.png	1140	1025
sprites/rg1/1/rg1_a21_naku1.png	1140	1025
sprites/rg1/1/rg1_a21_odoroki1.png	1140	1025
sprites/rg1/1/rg1_a21_odoroki3.png	1140	1025
sprites/rg1/1/rg1_a22_defo1.png	1140	1025
sprites/rg1/1/rg1_a22_fuman1.png	1140	1025
sprites/rg1/1/rg1_a22_ikari1.png	1140	1025
sprites/rg1/1/rg1_a22_komaru2.png	1140	1025
sprites/rg1/1/rg1_a31_hohoemi1.png	1094	1025
sprites/rg1/1/rg1_a31_ikari1.png	1094	1025
sprites/rg1/1/rg1_a31_komaru2.png	1094	1025
sprites/rg1/1/rg1_a31_odoroki1.png	1094	1025
sprites/rg1/1/rg1_a32_akuwarai3.png	1094	1025
sprites/rg1/1/rg1_a32_defo1.png	1094	1025
sprites/rg1/1/rg1_a32_fuman1.png	1094	1025
sprites/rg1/1/rg1_a32_odoroki1.png	1094	1025
sprites/rg1/1/rg1_b11_defo1.png	846	1063
sprites/rg1/1/rg1_b11_fuman1.png	846	1063
sprites/rg1/1/rg1_b11_hohoemi1.png	846	1063
sprites/rg1/1/rg1_b11_ikari1.png	846	1063
sprites/rg1/1/rg1_b11_komaru3.png	846	1063
sprites/rg1/1/rg1_b11_odoroki1.png	846	1063
sprites/rg1/1/rg1_b11_odoroki3.png	846	1063
sprites/rg1/1/rg1_b11b_akuwarai2.png	1070	1063
sprites/rg1/1/rg1_b11b_odoroki1.png	1070	1063
sprites/rg1/1/rg1_b12_fuman1.png	613	1063
sprites/rg1/1/rg1_b12_ikari1.png	613	1063
sprites/rg1/1/rg1_b12_komaru3.png	613	1063
sprites/rg1/1/rg1_b12_naku1.png	613	1063
sprites/rg1/1/rg1_b12_odoroki1.png	613	1063
sprites/rg1/1/rg1_b21_defo1.png	1019	1025
sprites/rg1/1/rg1_b21_hohoemi1.png	1019	1025
sprites/rg1/1/rg1_b21_odoroki1.png	1019	1025
sprites/rg1/1/rg1_b22_komaru2.png	786	1025
sprites/rg1/1/rg1_c11_akuwarai1.png	723	1063
sprites/rg1/1/rg1_c11_akuwarai2.png	723	1063
sprites/rg1/1/rg1_c11_warai1.png	723	1063
sprites/rg1/1/rg1_e11_akuwarai1.png	829	1106
sprites/rg1/1/rg1_e11_defo1.png	829	1106
sprites/rg1/1/rg1_e11_fuman1.png	829	1106
sprites/rg1/1/rg1_e11_hohoemi1.png	829	1106
sprites/rg1/1/rg1_e11_naku1.png	829	1106
sprites/rg1/1/rg1_e11_odoroki1.png	829	1106
sprites/rg1/1/rg1_e11_odoroki3.png	829	1106
sprites/rg1/1/rg1_e21_fuman2.png	905	1095
sprites/rg1/1/rg1_e21_komaru1.png	905	1095
sprites/rg1/2/rg1_a11_akuwarai1.png	220	40
sprites/rg1/2/rg1_a11_akuwarai2.png	300	47
sprites/rg1/2/rg1_a11_defo1.png	196	47
sprites/rg1/2/rg1_a11_fuman1.png	196	40
sprites/rg1/2/rg1_a11_hohoemi1.png	196	31
sprites/rg1/2/rg1_a11_ikari1.png	224	46
sprites/rg1/2/rg1_a11_ikari2.png	248	39
sprites/rg1/2/rg1_a11_komaru3.png	196	33
sprites/rg1/2/rg1_a11_odoroki1.png	192	38
sprites/rg1/2/rg1_a11_odoroki3.png	228	46
sprites/rg1/2/rg1_a12_akuwarai1.png	220	40
sprites/rg1/2/rg1_a12_akuwarai2.png	300	47
sprites/rg1/2/rg1_a12_akuwarai3.png	340	52
sprites/rg1/2/rg1_a12_defo1.png	196	39
sprites/rg1/2/rg1_a12_fuman1.png	196	33
sprites/rg1/2/rg1_a12_hohoemi1.png	196	24
sprites/rg1/2/rg1_a12_ikari1.png	224	45
sprites/rg1/2/rg1_a12_komaru3.png	196	33
sprites/rg1/2/rg1_a12_naku1.png	208	43
sprites/rg1/2/rg1_a12_odoroki1.png	192	38
sprites/rg1/2/rg1_a12_odoroki3.png	228	46
sprites/rg1/2/rg1_a12b_akuwarai1.png	220	40
sprites/rg1/2/rg1_a12b_akuwarai2.png	300	47
sprites/rg1/2/rg1_a12b_hohoemi1.png	196	24
sprites/rg1/2/rg1_a12b_ikari1.png	224	45
sprites/rg1/2/rg1_a12b_odoroki1.png	192	38
sprites/rg1/2/rg1_a13_akuwarai1.png	220	40
sprites/rg1/2/rg1_a13_akuwarai2.png	300	47
sprites/rg1/2/rg1_a13_fuman1.png	196	33
sprites/rg1/2/rg1_a13_hohoemi1.png	196	24
sprites/rg1/2/rg1_a13b_ikari1.png	212	45
sprites/rg1/2/rg1_a21_defo1.png	176	26
sprites/rg1/2/rg1_a21_ikari1.png	288	56
sprites/rg1/2/rg1_a21_komaru2.png	200	44
sprites/rg1/2/rg1_a21_naku1.png	204	43
sprites/rg1/2/rg1_a21_odoroki1.png	272	54
sprites/rg1/2/rg1_a21_odoroki3.png	168	42
sprites/rg1/2/rg1_a22_defo1.png	176	26
sprites/rg1/2/rg1_a22_fuman1.png	172	41
sprites/rg1/2/rg1_a22_ikari1.png	288	56
sprites/rg1/2/rg1_a22_komaru2.png	200	44
sprites/rg1/2/rg1_a31_hohoemi1.png	232	51
sprites/rg1/2/rg1_a31_ikari1.png	288	56
sprites/rg1/2/rg1_a31_komaru2.png	200	44
sprites/rg1/2/rg1_a31_odoroki1.png	272	54
sprites/rg1/2/rg1_a32_akuwarai3.png	348	89
sprites/rg1/2/rg1_a32_defo1.png	176	26
sprites/rg1/2/rg1_a32_fuman1.png	176	41
sprites/rg1/2/rg1_a32_odoroki1.png	272	54
sprites/rg1/2/rg1_b11_defo1.png	196	47
sprites/rg1/2/rg1_b11_fuman1.png	196	40
sprites/rg1/2/rg1_b11_hohoemi1.png	196	31
sprites/rg1/2/rg1_b11_ikari1.png	224	46
sprites/rg1/2/rg1_b11_komaru3.png	196	33
sprites/rg1/2/rg1_b11_odoroki1.png	192	38
sprites/rg1/2/rg1_b11_odoroki3.png	228	46
sprites/rg1/2/rg1_b11b_akuwarai2.png	300	47
sprites/rg1/2/rg1_b11b_odoroki1.png	192	38
sprites/rg1/2/rg1_b12_fuman1.png	196	33
sprites/rg1/2/rg1_b12_ikari1.png	224	45
sprites/rg1/2/rg1_b12_komaru3.png	196	33
sprites/rg1/2/rg1_b12_naku1.png	208	43
sprites/rg1/2/rg1_b12_odoroki1.png	192	38
sprites/rg1/2/rg1_b21_defo1.png	176	26
sprites/rg1/2/rg1_b21_hohoemi1.png	232	51
sprites/rg1/2/rg1_b21_odoroki1.png	272	54
sprites/rg1/2/rg1_b22_komaru2.png	200	44
sprites/rg1/2/rg1_c11_akuwarai1.png	220	40
sprites/rg1/2/rg1_c11_akuwarai2.png	300	47
sprites/rg1/2/rg1_c11_warai1.png	228	43
sprites/rg1/2/rg1_e11_akuwarai1.png	220	40
sprites/rg1/2/rg1_e11_defo1.png	164	26
sprites/rg1/2/rg1_e11_fuman1.png	196	38
sprites/rg1/2/rg1_e11_hohoemi1.png	196	29
sprites/rg1/2/rg1_e11_naku1.png	204	43
sprites/rg1/2/rg1_e11_odoroki1.png	192	38
sprites/rg1/2/rg1_e11_odoroki3.png	228	44
sprites/rg1/2/rg1_e21_fuman2.png	172	43
sprites/rg1/2/rg1_e21_komaru1.png	156	27
sprites/rg2/1/rg2_a11_akuwarai1.png	1094	1062
sprites/rg2/1/rg2_a11_fuman1.png	1094	1062
sprites/rg2/1/rg2_a11_hohoemi1.png	1094	1062
sprites/rg2/1/rg2_a11_odoroki1.png	1094	1062
sprites/rg2/1/rg2_a11_odoroki3.png	1094	1062
sprites/rg2/1/rg2_a11_warai1.png	1094	1062
sprites/rg2/1/rg2_a12_akuwarai1.png	1094	1062
sprites/rg2/1/rg2_a12_akuwarai2.png	1094	1062
sprites/rg2/1/rg2_a12_akuwarai3.png	1094	1062
sprites/rg2/1/rg2_a12_defo1.png	1094	1062
sprites/rg2/1/rg2_a12_fuman1.png	1094	1062
sprites/rg2/1/rg2_a12_hohoemi1.png	1094	1062
sprites/rg2/1/rg2_a12_ikari1.png	1094	1062
sprites/rg2/1/rg2_a12_ikari2.png	1094	1062
sprites/rg2/1/rg2_a12_komaru3.png	1094	1062
sprites/rg2/1/rg2_a12_naku1.png	1094	1062
sprites/rg2/1/rg2_a12_odoroki1.png	1094	1062
sprites/rg2/1/rg2_a12_odoroki3.png	1094	1062
sprites/rg2/1/rg2_a12_warai3.png	1094	1062
sprites/rg2/1/rg2_a12b_akuwarai1.png	1408	1062
sprites/rg2/1/rg2_a12b_akuwarai2.png	1408	1062
sprites/rg2/1/rg2_a12b_akuwarai3.png	1408	1062
sprites/rg2/1/rg2_a12b_fuman1.png	1408	1062
sprites/rg2/1/rg2_a12b_odoroki1.png	1408	1062
sprites/rg2/1/rg2_a21_komaru2.png	1094	1021
sprites/rg2/1/rg2_a21_naku1.png	1094	1021
sprites/rg2/1/rg2_a21_odoroki1.png	1094	1021
sprites/rg2/1/rg2_a22_akuwarai3.png	1094	1021
sprites/rg2/1/rg2_a22_fuman1.png	1094	1021
sprites/rg2/1/rg2_a22b_akuwarai3.png	1408	1021
sprites/rg2/1/rg2_a31_fuman1.png	1094	1021
sprites/rg2/1/rg2_a31_hohoemi1.png	1094	1021
sprites/rg2/1/rg2_a31_komaru2.png	1094	1021
sprites/rg2/1/rg2_a31_naku1.png	1094	1021
sprites/rg2/1/rg2_a31_odoroki1.png	1094	1021
sprites/rg2/1/rg2_a32_akuwarai1.png	1094	1021
sprites/rg2/1/rg2_a32_ikari1.png	1094	1021
sprites/rg2/1/rg2_a32_odoroki1.png	1094	1021
sprites/rg2/1/rg2_b11_akuwarai1.png	846	1062
sprites/rg2/1/rg2_b11_akuwarai2.png	846	1062
sprites/rg2/1/rg2_b11_defo1.png	846	1062
sprites/rg2/1/rg2_b11_hohoemi1.png	846	1062
sprites/rg2/1/rg2_b11_komaru3.png	846	1062
sprites/rg2/1/rg2_b12_naku1.png	613	1062
sprites/rg2/1/rg2_b12_odoroki3.png	613	1062
sprites/rg2/1/rg2_b22_komaru2.png	613	1021
sprites/rg2/1/rg2_b22_naku1.png	613	1021
sprites/rg2/1/rg2_b31_akuwarai1.png	846	1021
sprites/rg2/1/rg2_b32_naku1.png	613	1021
sprites/rg2/1/rg2_b32_odoroki1.png	613	1021
sprites/rg2/1/rg2_c21_akuwarai1.png	748	1021
sprites/rg2/1/rg2_c21_akuwarai4.png	748	1021
sprites/rg2/1/rg2_c21_defo1.png	748	1021
sprites/rg2/1/rg2_c21_warai1.png	748	1021
sprites/rg2/1/rg2_e11_fuman1.png	829	1109
sprites/rg2/1/rg2_e11_hohoemi1.png	829	1109
sprites/rg2/1/rg2_e11_warai1.png	829	1109
sprites/rg2/1/rg2_e21_akuwarai1.png	829	1095
sprites/rg2/1/rg2_e21_fuman1.png	829	1095
sprites/rg2/1/rg2_e21_fuman2.png	829	1095
sprites/rg2/2/rg2_a11_akuwarai1.png	220	40
sprites/rg2/2/rg2_a11_fuman1.png	196	33
sprites/rg2/2/rg2_a11_hohoemi1.png	196	24
sprites/rg2/2/rg2_a11_odoroki1.png	204	42
sprites/rg2/2/rg2_a11_odoroki3.png	228	45
sprites/rg2/2/rg2_a11_warai1.png	228	43
sprites/rg2/2/rg2_a12_akuwarai1.png	220	40
sprites/rg2/2/rg2_a12_akuwarai2.png	300	47
sprites/rg2/2/rg2_a12_akuwarai3.png	348	52
sprites/rg2/2/rg2_a12_defo1.png	200	39
sprites/rg2/2/rg2_a12_fuman1.png	196	33
sprites/rg2/2/rg2_a12_hohoemi1.png	196	24
sprites/rg2/2/rg2_a12_ikari1.png	224	45
sprites/rg2/2/rg2_a12_ikari2.png	252	39
sprites/rg2/2/rg2_a12_komaru3.png	196	33
sprites/rg2/2/rg2_a12_naku1.png	208	43
sprites/rg2/2/rg2_a12_odoroki1.png	204	42
sprites/rg2/2/rg2_a12_odoroki3.png	228	45
sprites/rg2/2/rg2_a12_warai3.png	212	42
sprites/rg2/2/rg2_a12b_akuwarai1.png	220	40
sprites/rg2/2/rg2_a12b_akuwarai2.png	300	47
sprites/rg2/2/rg2_a12b_akuwarai3.png	348	52
sprites/rg2/2/rg2_a12b_fuman1.png	196	33
sprites/rg2/2/rg2_a12b_odoroki1.png	204	42
sprites/rg2/2/rg2_a21_komaru2.png	200	44
sprites/rg2/2/rg2_a21_naku1.png	204	43
sprites/rg2/2/rg2_a21_odoroki1.png	272	54
sprites/rg2/2/rg2_a22_akuwarai3.png	348	89
sprites/rg2/2/rg2_a22_fuman1.png	172	41
sprites/rg2/2/rg2_a22b_akuwarai3.png	348	89
sprites/rg2/2/rg2_a31_fuman1.png	176	41
sprites/rg2/2/rg2_a31_hohoemi1.png	232	51
sprites/rg2/2/rg2_a31_komaru2.png	200	44
sprites/rg2/2/rg2_a31_naku1.png	204	43
sprites/rg2/2/rg2_a31_odoroki1.png	272	54
sprites/rg2/2/rg2_a32_akuwarai1.png	232	42
sprites/rg2/2/rg2_a32_ikari1.png	288	56
sprites/rg2/2/rg2_a32_odoroki1.png	272	54
sprites/rg2/2/rg2_b11_akuwarai1.png	220	40
sprites/rg2/2/rg2_b11_akuwarai2.png	300	48
sprites/rg2/2/rg2_b11_defo1.png	200	39
sprites/rg2/2/rg2_b11_hohoemi1.png	196	24
sprites/rg2/2/rg2_b11_komaru3.png	196	34
sprites/rg2/2/rg2_b12_naku1.png	212	43
sprites/rg2/2/rg2_b12_odoroki3.png	228	46
sprites/rg2/2/rg2_b22_komaru2.png	200	44
sprites/rg2/2/rg2_b22_naku1.png	204	43
sprites/rg2/2/rg2_b31_akuwarai1.png	232	42
sprites/rg2/2/rg2_b32_naku1.png	204	43
sprites/rg2/2/rg2_b32_odoroki1.png	272	54
sprites/rg2/2/rg2_c21_akuwarai1.png	228	42
sprites/rg2/2/rg2_c21_akuwarai4.png	348	76
sprites/rg2/2/rg2_c21_defo1.png	176	26
sprites/rg2/2/rg2_c21_warai1.png	196	48
sprites/rg2/2/rg2_e11_fuman1.png	196	38
sprites/rg2/2/rg2_e11_hohoemi1.png	196	29
sprites/rg2/2/rg2_e11_warai1.png	228	40
sprites/rg2/2/rg2_e21_akuwarai1.png	228	42
sprites/rg2/2/rg2_e21_fuman1.png	172	41
sprites/rg2/2/rg2_e21_fuman2.png	336	74
sprites/rg3/1/rg3_a11_akuwarai1.png	1094	1063
sprites/rg3/1/rg3_a11_akuwarai2.png	1094	1063
sprites/rg3/1/rg3_a11_defo1.png	1094	1063
sprites/rg3/1/rg3_a11_hohoemi1.png	1094	1063
sprites/rg3/1/rg3_a11_odoroki1.png	1094	1063
sprites/rg3/1/rg3_a12_akuwarai1.png	1094	1063
sprites/rg3/1/rg3_a12_akuwarai2.png	1094	1063
sprites/rg3/1/rg3_a12_akuwarai3.png	1094	1063
sprites/rg3/1/rg3_a12_defo1.png	1094	1063
sprites/rg3/1/rg3_a12_fuman1.png	1094	1063
sprites/rg3/1/rg3_a12_hohoemi1.png	1094	1063
sprites/rg3/1/rg3_a12_ikari1.png	1094	1063
sprites/rg3/1/rg3_a12_ikari2.png	1094	1063
sprites/rg3/1/rg3_a12_naku1.png	1094	1063
sprites/rg3/1/rg3_a12_odoroki1.png	1094	1063
sprites/rg3/1/rg3_a12_odoroki3.png	1094	1063
sprites/rg3/1/rg3_a12_warai1.png	1094	1063
sprites/rg3/1/rg3_a12b_akuwarai2.png	1408	1063
sprites/rg3/1/rg3_a12b_ikari1.png	1408	1063
sprites/rg3/1/rg3_a12b_odoroki1.png	1408	1063
sprites/rg3/1/rg3_a21_fuman1.png	1094	1030
sprites/rg3/1/rg3_a21_hohoemi1.png	1094	1030
sprites/rg3/1/rg3_a21_odoroki1.png	1094	1030
sprites/rg3/1/rg3_a22_defo1.png	1094	1030
sprites/rg3/1/rg3_a22_fuman1.png	1094	1030
sprites/rg3/1/rg3_a22_ikari1.png	1094	1030
sprites/rg3/1/rg3_a22_komaru2.png	1094	1030
sprites/rg3/1/rg3_a22_odoroki1.png	1094	1030
sprites/rg3/1/rg3_a22_odoroki3.png	1094	1030
sprites/rg3/1/rg3_a31_defo1.png	1094	1030
sprites/rg3/1/rg3_a31_hohoemi1.png	1094	1030
sprites/rg3/1/rg3_a31_ikari1.png	1094	1030
sprites/rg3/1/rg3_a31_komaru2.png	1094	1030
sprites/rg3/1/rg3_a31_odoroki1.png	1094	1030
sprites/rg3/1/rg3_a32_fuman1.png	1094	1030
sprites/rg3/1/rg3_b11_defo1.png	846	1063
sprites/rg3/1/rg3_b11_fuman1.png	846	1063
sprites/rg3/1/rg3_b12_ikari2.png	613	1063
sprites/rg3/1/rg3_b12_naku1.png	613	1063
sprites/rg3/1/rg3_b21_fuman1.png	924	1030
sprites/rg3/1/rg3_b21_odoroki1.png	924	1030
sprites/rg3/1/rg3_c21_fuman1.png	762	1030
sprites/rg3/1/rg3_c21_odoroki1.png	762	1030
sprites/rg3/1/rg3_e11_defo1.png	829	1106
sprites/rg3/1/rg3_e11_fuman1.png	829	1106
sprites/rg3/1/rg3_e21_fuman2.png	829	1095
sprites/rg3/1/rg3_e21_ikari1.png	829	1095
sprites/rg3/1/rg3_e21_komaru1.png	829	1095
sprites/rg3/1/rg3_e21_odoroki1.png	829	1095
sprites/rg3/2/rg3_a11_akuwarai1.png	220	40
sprites/rg3/2/rg3_a11_akuwarai2.png	300	47
sprites/rg3/2/rg3_a11_defo1.png	196	39
sprites/rg3/2/rg3_a11_hohoemi1.png	196	24
sprites/rg3/2/rg3_a11_odoroki1.png	204	42
sprites/rg3/2/rg3_a12_akuwarai1.png	220	40
sprites/rg3/2/rg3_a12_akuwarai2.png	300	47
sprites/rg3/2/rg3_a12_akuwarai3.png	340	52
sprites/rg3/2/rg3_a12_defo1.png	196	39
sprites/rg3/2/rg3_a12_fuman1.png	196	33
sprites/rg3/2/rg3_a12_hohoemi1.png	196	24
sprites/rg3/2/rg3_a12_ikari1.png	224	45
sprites/rg3/2/rg3_a12_ikari2.png	248	39
sprites/rg3/2/rg3_a12_naku1.png	208	43
sprites/rg3/2/rg3_a12_odoroki1.png	204	42
sprites/rg3/2/rg3_a12_odoroki3.png	228	45
sprites/rg3/2/rg3_a12_warai1.png	228	43
sprites/rg3/2/rg3_a12b_akuwarai2.png	300	47
sprites/rg3/2/rg3_a12b_ikari1.png	224	45
sprites/rg3/2/rg3_a12b_odoroki1.png	204	42
sprites/rg3/2/rg3_a21_fuman1.png	172	41
sprites/rg3/2/rg3_a21_hohoemi1.png	232	51
sprites/rg3/2/rg3_a21_odoroki1.png	272	54
sprites/rg3/2/rg3_a22_defo1.png	176	26
sprites/rg3/2/rg3_a22_fuman1.png	172	41
sprites/rg3/2/rg3_a22_ikari1.png	288	60
sprites/rg3/2/rg3_a22_komaru2.png	200	44
sprites/rg3/2/rg3_a22_odoroki1.png	272	54
sprites/rg3/2/rg3_a22_odoroki3.png	168	50
sprites/rg3/2/rg3_a31_defo1.png	176	26
sprites/rg3/2/rg3_a31_hohoemi1.png	232	51
sprites/rg3/2/rg3_a31_ikari1.png	288	56
sprites/rg3/2/rg3_a31_komaru2.png	200	44
sprites/rg3/2/rg3_a31_odoroki1.png	272	54
sprites/rg3/2/rg3_a32_fuman1.png	176	41
sprites/rg3/2/rg3_b11_defo1.png	196	39
sprites/rg3/2/rg3_b11_fuman1.png	196	33
sprites/rg3/2/rg3_b12_ikari2.png	248	39
sprites/rg3/2/rg3_b12_naku1.png	208	43
sprites/rg3/2/rg3_b21_fuman1.png	172	41
sprites/rg3/2/rg3_b21_odoroki1.png	272	54
sprites/rg3/2/rg3_c21_fuman1.png	172	41
sprites/rg3/2/rg3_c21_odoroki1.png	272	54
sprites/rg3/2/rg3_e11_defo1.png	164	26
sprites/rg3/2/rg3_e11_fuman1.png	196	38
sprites/rg3/2/rg3_e21_fuman2.png	172	43
sprites/rg3/2/rg3_e21_ikari1.png	288	56
sprites/rg3/2/rg3_e21_komaru1.png	156	27
sprites/rg3/2/rg3_e21_odoroki1.png	272	54
sprites/rg4/1/rg4_a11_defo1.png	1094	1061
sprites/rg4/1/rg4_a11_fuman1.png	1094	1061
sprites/rg4/1/rg4_a11_hohoemi1.png	1094	1061
sprites/rg4/1/rg4_a12_akuwarai1.png	1094	1061
sprites/rg4/1/rg4_a12_akuwarai2.png	1094	1061
sprites/rg4/1/rg4_a12_defo1.png	1094	1061
sprites/rg4/1/rg4_a12_fuman1.png	1094	1061
sprites/rg4/1/rg4_a12_hohoemi1.png	1094	1061
sprites/rg4/1/rg4_a12_ikari1.png	1094	1061
sprites/rg4/1/rg4_a12_naku1.png	1094	1061
sprites/rg4/1/rg4_a12_odoroki1.png	1094	1061
sprites/rg4/1/rg4_a12_warai1.png	1094	1061
sprites/rg4/1/rg4_a12b_akuwarai2.png	1408	1061
sprites/rg4/1/rg4_a12b_akuwarai3.png	1408	1061
sprites/rg4/1/rg4_a12b_hohoemi1.png	1408	1061
sprites/rg4/1/rg4_a12b_ikari1.png	1408	1061
sprites/rg4/1/rg4_a12b_odoroki1.png	1408	1061
sprites/rg4/1/rg4_a21_defo1.png	1253	1035
sprites/rg4/1/rg4_a21_hohoemi1.png	1253	1035
sprites/rg4/1/rg4_a21_komaru2.png	1253	1035
sprites/rg4/1/rg4_a22_ikari1.png	1253	1035
sprites/rg4/1/rg4_a22b_ikari1.png	1408	1035
sprites/rg4/1/rg4_a31_akuwarai1.png	1094	1035
sprites/rg4/1/rg4_a31_akuwarai4.png	1094	1035
sprites/rg4/1/rg4_a31_defo1.png	1094	1035
sprites/rg4/1/rg4_a31_fuman1.png	1094	1035
sprites/rg4/1/rg4_a31_hohoemi1.png	1094	1035
sprites/rg4/1/rg4_a32_akuwarai1.png	1094	1035
sprites/rg4/1/rg4_a32_defo1.png	1094	1035
sprites/rg4/1/rg4_a32_fuman1.png	1094	1035
sprites/rg4/1/rg4_a32_hohoemi1.png	1094	1035
sprites/rg4/1/rg4_a32_komaru2.png	1094	1035
sprites/rg4/1/rg4_b11_akuwarai1.png	860	1061
sprites/rg4/1/rg4_b11_defo1.png	860	1061
sprites/rg4/1/rg4_b11_komaru3.png	860	1061
sprites/rg4/1/rg4_b12_naku1.png	627	1061
sprites/rg4/1/rg4_b12_odoroki1.png	627	1061
sprites/rg4/1/rg4_b21_defo1.png	1132	1035
sprites/rg4/1/rg4_b21_komaru2.png	1132	1035
sprites/rg4/1/rg4_e11_akuwarai1.png	829	1061
sprites/rg4/1/rg4_e11_defo1.png	829	1061
sprites/rg4/1/rg4_e11_fuman1.png	829	1061
sprites/rg4/1/rg4_e11_hohoemi1.png	829	1061
sprites/rg4/1/rg4_e21_fuman2.png	1018	1035
sprites/rg4/2/rg4_a11_defo1.png	164	20
sprites/rg4/2/rg4_a11_fuman1.png	196	33
sprites/rg4/2/rg4_a11_hohoemi1.png	196	24
sprites/rg4/2/rg4_a12_akuwarai1.png	220	40
sprites/rg4/2/rg4_a12_akuwarai2.png	300	47
sprites/rg4/2/rg4_a12_defo1.png	196	39
sprites/rg4/2/rg4_a12_fuman1.png	196	33
sprites/rg4/2/rg4_a12_hohoemi1.png	196	24
sprites/rg4/2/rg4_a12_ikari1.png	224	45
sprites/rg4/2/rg4_a12_naku1.png	208	43
sprites/rg4/2/rg4_a12_odoroki1.png	204	42
sprites/rg4/2/rg4_a12_warai1.png	228	43
sprites/rg4/2/rg4_a12b_akuwarai2.png	300	47
sprites/rg4/2/rg4_a12b_akuwarai3.png	340	52
sprites/rg4/2/rg4_a12b_hohoemi1.png	196	24
sprites/rg4/2/rg4_a12b_ikari1.png	224	45
sprites/rg4/2/rg4_a12b_odoroki1.png	204	42
sprites/rg4/2/rg4_a21_defo1.png	176	26
sprites/rg4/2/rg4_a21_hohoemi1.png	232	51
sprites/rg4/2/rg4_a21_komaru2.png	200	44
sprites/rg4/2/rg4_a22_ikari1.png	288	56
sprites/rg4/2/rg4_a22b_ikari1.png	288	56
sprites/rg4/2/rg4_a31_akuwarai1.png	232	42
sprites/rg4/2/rg4_a31_akuwarai4.png	348	73
sprites/rg4/2/rg4_a31_defo1.png	176	26
sprites/rg4/2/rg4_a31_fuman1.png	176	41
sprites/rg4/2/rg4_a31_hohoemi1.png	232	51
sprites/rg4/2/rg4_a32_akuwarai1.png	232	42
sprites/rg4/2/rg4_a32_defo1.png	176	26
sprites/rg4/2/rg4_a32_fuman1.png	176	41
sprites/rg4/2/rg4_a32_hohoemi1.png	232	51
sprites/rg4/2/rg4_a32_komaru2.png	200	44
sprites/rg4/2/rg4_b11_akuwarai1.png	220	40
sprites/rg4/2/rg4_b11_defo1.png	196	39
sprites/rg4/2/rg4_b11_komaru3.png	196	33
sprites/rg4/2/rg4_b12_naku1.png	208	43
sprites/rg4/2/rg4_b12_odoroki1.png	204	42
sprites/rg4/2/rg4_b21_defo1.png	176	26
sprites/rg4/2/rg4_b21_komaru2.png	200	44
sprites/rg4/2/rg4_e11_akuwarai1.png	220	40
sprites/rg4/2/rg4_e11_defo1.png	164	26
sprites/rg4/2/rg4_e11_fuman1.png	196	38
sprites/rg4/2/rg4_e11_hohoemi1.png	196	29
sprites/rg4/2/rg4_e21_fuman2.png	172	43
sprites/rg5/1/rg5_a11_akuwarai1.png	1094	1063
sprites/rg5/1/rg5_a11_akuwarai2.png	1094	1063
sprites/rg5/1/rg5_a11_defo1.png	1094	1063
sprites/rg5/1/rg5_a11_fuman1.png	1094	1063
sprites/rg5/1/rg5_a11_hohoemi1.png	1094	1063
sprites/rg5/1/rg5_a11_ikari2.png	1094	1063
sprites/rg5/1/rg5_a11_komaru3.png	1094	1063
sprites/rg5/1/rg5_a11_odoroki1.png	1094	1063
sprites/rg5/1/rg5_a11_odoroki3.png	1094	1063
sprites/rg5/1/rg5_a11_warai1.png	1094	1063
sprites/rg5/1/rg5_a12_akuwarai1.png	1094	1063
sprites/rg5/1/rg5_a12_akuwarai2.png	1094	1063
sprites/rg5/1/rg5_a12_akuwarai3.png	1094	1063
sprites/rg5/1/rg5_a12_defo1.png	1094	1063
sprites/rg5/1/rg5_a12_fuman1.png	1094	1063
sprites/rg5/1/rg5_a12_hohoemi1.png	1094	1063
sprites/rg5/1/rg5_a12_ikari1.png	1094	1063
sprites/rg5/1/rg5_a12_ikari2.png	1094	1063
sprites/rg5/1/rg5_a12_odoroki1.png	1094	1063
sprites/rg5/1/rg5_a12_warai1.png	1094	1063
sprites/rg5/1/rg5_a12_warai3.png	1094	1063
sprites/rg5/1/rg5_a12b_akuwarai1.png	1408	1063
sprites/rg5/1/rg5_a12b_ikari1.png	1408	1063
sprites/rg5/1/rg5_a21_akuwarai1.png	1094	1021
sprites/rg5/1/rg5_a21_akuwarai4.png	1094	1021
sprites/rg5/1/rg5_a21_defo1.png	1094	1021
sprites/rg5/1/rg5_a21_fuman1.png	1094	1021
sprites/rg5/1/rg5_a21_hohoemi1.png	1094	1021
sprites/rg5/1/rg5_a21_ikari2.png	1094	1021
sprites/rg5/1/rg5_a21_komaru2.png	1094	1021
sprites/rg5/1/rg5_a21_odoroki1.png	1094	1021
sprites/rg5/1/rg5_a21_odoroki3.png	1094	1021
sprites/rg5/1/rg5_a21_warai1.png	1094	1021
sprites/rg5/1/rg5_a22_akuwarai1.png	1094	1021
sprites/rg5/1/rg5_a22_akuwarai4.png	1094	1021
sprites/rg5/1/rg5_a22_ikari2.png	1094	1021
sprites/rg5/1/rg5_a22_odoroki1.png	1094	1021
sprites/rg5/1/rg5_a22_odoroki3.png	1094	1021
sprites/rg5/1/rg5_a31_akuwarai1.png	1094	1021
sprites/rg5/1/rg5_a31_akuwarai4.png	1094	1021
sprites/rg5/1/rg5_a31_defo1.png	1094	1021
sprites/rg5/1/rg5_a31_fuman1.png	1094	1021
sprites/rg5/1/rg5_a31_hohoemi1.png	1094	1021
sprites/rg5/1/rg5_a31_ikari1.png	1094	1021
sprites/rg5/1/rg5_a31_ikari2.png	1094	1021
sprites/rg5/1/rg5_a31_komaru2.png	1094	1021
sprites/rg5/1/rg5_a31_odoroki1.png	1094	1021
sprites/rg5/1/rg5_a31_odoroki3.png	1094	1021
sprites/rg5/1/rg5_a31_warai1.png	1094	1021
sprites/rg5/1/rg5_a32_akuwarai4.png	1094	1021
sprites/rg5/1/rg5_a32_defo1.png	1094	1021
sprites/rg5/1/rg5_a32_odoroki1.png	1094	1021
sprites/rg5/1/rg5_a32b_akuwarai4.png	1408	1021
sprites/rg5/1/rg5_a32b_defo1.png	1408	1021
sprites/rg5/1/rg5_b11_akuwarai2.png	846	1064
sprites/rg5/1/rg5_b11_defo1.png	846	1064
sprites/rg5/1/rg5_b11_fuman1.png	846	1064
sprites/rg5/1/rg5_b11_hohoemi1.png	846	1064
sprites/rg5/1/rg5_b11_komaru3.png	846	1064
sprites/rg5/1/rg5_b12_fuman1.png	613	1064
sprites/rg5/1/rg5_b12_komaru3.png	613	1064
sprites/rg5/1/rg5_b21_defo1.png	950	1021
sprites/rg5/1/rg5_b21_hohoemi1.png	950	1021
sprites/rg5/1/rg5_b22_komaru2.png	717	1021
sprites/rg5/1/rg5_b22_naku1.png	717	1021
sprites/rg5/1/rg5_b31_akuwarai1.png	846	1021
sprites/rg5/1/rg5_b31_odoroki3.png	846	1021
sprites/rg5/1/rg5_b32_ikari2.png	684	1021
sprites/rg5/1/rg5_c11_akuwarai2.png	737	1064
sprites/rg5/1/rg5_c11_warai1.png	737	1064
sprites/rg5/1/rg5_c21_akuwarai1.png	758	1021
sprites/rg5/1/rg5_c21_akuwarai4.png	758	1021
sprites/rg5/1/rg5_c21_fuman1.png	758	1021
sprites/rg5/1/rg5_c21_hohoemi1.png	758	1021
sprites/rg5/1/rg5_c21_warai1.png	758	1021
sprites/rg5/1/rg5_c21_warai2.png	758	1021
sprites/rg5/1/rg5_d11_akuwarai1.png	1152	1051
sprites/rg5/1/rg5_d11_akuwarai2.png	1152	1051
sprites/rg5/1/rg5_d11_defo1.png	1152	1051
sprites/rg5/1/rg5_d11_fuman1.png	1152	1051
sprites/rg5/1/rg5_d11_hohoemi1.png	1152	1051
sprites/rg5/1/rg5_d11_ikari1.png	1152	1051
sprites/rg5/1/rg5_d11_naku1.png	1152	1051
sprites/rg5/1/rg5_d11_warai1.png	1152	1051
sprites/rg5/1/rg5_d21_akuwarai1.png	1152	1038
sprites/rg5/1/rg5_d21_fuman1.png	1152	1038
sprites/rg5/1/rg5_d21_hohoemi1.png	1152	1038
sprites/rg5/1/rg5_d21_naku1.png	1152	1038
sprites/rg5/1/rg5_d21_odoroki3.png	1152	1038
sprites/rg5/1/rg5_d21_warai1.png	1152	1038
sprites/rg5/1/rg5_d21_warai2.png	1152	1038
sprites/rg5/1/rg5_d21_warai3.png	1152	1038
sprites/rg5/1/rg5_d31_akuwarai1.png	1152	1038
sprites/rg5/1/rg5_d31_hohoemi1.png	1152	1038
sprites/rg5/1/rg5_d31_naku1.png	1152	1038
sprites/rg5/1/rg5_d31_warai1.png	1152	1038
sprites/rg5/1/rg5_e11_akuwarai1.png	829	1106
sprites/rg5/1/rg5_e11_akuwarai2.png	829	1106
sprites/rg5/1/rg5_e11_defo1.png	829	1106
sprites/rg5/1/rg5_e11_fuman1.png	829	1106
sprites/rg5/1/rg5_e11_hohoemi1.png	829	1106
sprites/rg5/1/rg5_e11_odoroki3.png	829	1106
sprites/rg5/1/rg5_e11_warai1.png	829	1106
sprites/rg5/1/rg5_e21_akuwarai4.png	836	1095
sprites/rg5/1/rg5_e21_fuman2.png	836	1095
sprites/rg5/2/rg5_a11_akuwarai1.png	220	40
sprites/rg5/2/rg5_a11_akuwarai2.png	300	47
sprites/rg5/2/rg5_a11_defo1.png	196	45
sprites/rg5/2/rg5_a11_fuman1.png	196	38
sprites/rg5/2/rg5_a11_hohoemi1.png	196	29
sprites/rg5/2/rg5_a11_ikari2.png	248	39
sprites/rg5/2/rg5_a11_komaru3.png	196	34
sprites/rg5/2/rg5_a11_odoroki1.png	192	38
sprites/rg5/2/rg5_a11_odoroki3.png	228	44
sprites/rg5/2/rg5_a11_warai1.png	228	43
sprites/rg5/2/rg5_a12_akuwarai1.png	220	40
sprites/rg5/2/rg5_a12_akuwarai2.png	300	47
sprites/rg5/2/rg5_a12_akuwarai3.png	344	52
sprites/rg5/2/rg5_a12_defo1.png	196	45
sprites/rg5/2/rg5_a12_fuman1.png	196	38
sprites/rg5/2/rg5_a12_hohoemi1.png	196	29
sprites/rg5/2/rg5_a12_ikari1.png	224	45
sprites/rg5/2/rg5_a12_ikari2.png	248	39
sprites/rg5/2/rg5_a12_odoroki1.png	192	38
sprites/rg5/2/rg5_a12_warai1.png	228	43
sprites/rg5/2/rg5_a12_warai3.png	212	42
sprites/rg5/2/rg5_a12b_akuwarai1.png	220	40
sprites/rg5/2/rg5_a12b_ikari1.png	224	45
sprites/rg5/2/rg5_a21_akuwarai1.png	228	42
sprites/rg5/2/rg5_a21_akuwarai4.png	348	73
sprites/rg5/2/rg5_a21_defo1.png	176	26
sprites/rg5/2/rg5_a21_fuman1.png	172	41
sprites/rg5/2/rg5_a21_hohoemi1.png	232	51
sprites/rg5/2/rg5_a21_ikari2.png	284	41
sprites/rg5/2/rg5_a21_komaru2.png	200	44
sprites/rg5/2/rg5_a21_odoroki1.png	272	54
sprites/rg5/2/rg5_a21_odoroki3.png	168	42
sprites/rg5/2/rg5_a21_warai1.png	196	48
sprites/rg5/2/rg5_a22_akuwarai1.png	228	42
sprites/rg5/2/rg5_a22_akuwarai4.png	348	73
sprites/rg5/2/rg5_a22_ikari2.png	284	41
sprites/rg5/2/rg5_a22_odoroki1.png	272	54
sprites/rg5/2/rg5_a22_odoroki3.png	168	42
sprites/rg5/2/rg5_a31_akuwarai1.png	232	42
sprites/rg5/2/rg5_a31_akuwarai4.png	348	73
sprites/rg5/2/rg5_a31_defo1.png	176	26
sprites/rg5/2/rg5_a31_fuman1.png	176	41
sprites/rg5/2/rg5_a31_hohoemi1.png	232	51
sprites/rg5/2/rg5_a31_ikari1.png	288	56
sprites/rg5/2/rg5_a31_ikari2.png	292	41
sprites/rg5/2/rg5_a31_komaru2.png	200	44
sprites/rg5/2/rg5_a31_odoroki1.png	272	54
sprites/rg5/2/rg5_a31_odoroki3.png	168	42
sprites/rg5/2/rg5_a31_warai1.png	196	48
sprites/rg5/2/rg5_a32_akuwarai4.png	348	73
sprites/rg5/2/rg5_a32_defo1.png	176	26
sprites/rg5/2/rg5_a32_odoroki1.png	272	54
sprites/rg5/2/rg5_a32b_akuwarai4.png	348	73
sprites/rg5/2/rg5_a32b_defo1.png	176	26
sprites/rg5/2/rg5_b11_akuwarai2.png	300	47
sprites/rg5/2/rg5_b11_defo1.png	196	39
sprites/rg5/2/rg5_b11_fuman1.png	196	33
sprites/rg5/2/rg5_b11_hohoemi1.png	196	24
sprites/rg5/2/rg5_b11_komaru3.png	196	33
sprites/rg5/2/rg5_b12_fuman1.png	196	33
sprites/rg5/2/rg5_b12_komaru3.png	196	33
sprites/rg5/2/rg5_b21_defo1.png	176	26
sprites/rg5/2/rg5_b21_hohoemi1.png	232	51
sprites/rg5/2/rg5_b22_komaru2.png	200	44
sprites/rg5/2/rg5_b22_naku1.png	204	43
sprites/rg5/2/rg5_b31_akuwarai1.png	232	42
sprites/rg5/2/rg5_b31_odoroki3.png	168	42
sprites/rg5/2/rg5_b32_ikari2.png	292	41
sprites/rg5/2/rg5_c11_akuwarai2.png	300	47
sprites/rg5/2/rg5_c11_warai1.png	228	43
sprites/rg5/2/rg5_c21_akuwarai1.png	228	42
sprites/rg5/2/rg5_c21_akuwarai4.png	348	73
sprites/rg5/2/rg5_c21_fuman1.png	172	41
sprites/rg5/2/rg5_c21_hohoemi1.png	232	51
sprites/rg5/2/rg5_c21_warai1.png	196	56
sprites/rg5/2/rg5_c21_warai2.png	328	60
sprites/rg5/2/rg5_d11_akuwarai1.png	232	46
sprites/rg5/2/rg5_d11_akuwarai2.png	336	50
sprites/rg5/2/rg5_d11_defo1.png	248	47
sprites/rg5/2/rg5_d11_fuman1.png	232	44
sprites/rg5/2/rg5_d11_hohoemi1.png	236	44
sprites/rg5/2/rg5_d11_ikari1.png	236	45
sprites/rg5/2/rg5_d11_naku1.png	232	47
sprites/rg5/2/rg5_d11_warai1.png	240	44
sprites/rg5/2/rg5_d21_akuwarai1.png	228	42
sprites/rg5/2/rg5_d21_fuman1.png	176	42
sprites/rg5/2/rg5_d21_hohoemi1.png	232	51
sprites/rg5/2/rg5_d21_naku1.png	204	43
sprites/rg5/2/rg5_d21_odoroki3.png	172	42
sprites/rg5/2/rg5_d21_warai1.png	192	48
sprites/rg5/2/rg5_d21_warai2.png	332	61
sprites/rg5/2/rg5_d21_warai3.png	216	41
sprites/rg5/2/rg5_d31_akuwarai1.png	232	42
sprites/rg5/2/rg5_d31_hohoemi1.png	236	51
sprites/rg5/2/rg5_d31_naku1.png	204	43
sprites/rg5/2/rg5_d31_warai1.png	196	48
sprites/rg5/2/rg5_e11_akuwarai1.png	220	40
sprites/rg5/2/rg5_e11_akuwarai2.png	300	38
sprites/rg5/2/rg5_e11_defo1.png	164	26
sprites/rg5/2/rg5_e11_fuman1.png	196	38
sprites/rg5/2/rg5_e11_hohoemi1.png	196	29
sprites/rg5/2/rg5_e11_odoroki3.png	228	44
sprites/rg5/2/rg5_e11_warai1.png	228	40
sprites/rg5/2/rg5_e21_akuwarai4.png	348	73
sprites/rg5/2/rg5_e21_fuman2.png	172	43
sprites/rg6/1/rg6_a11_defo1.png	1094	1050
sprites/rg6/1/rg6_a11_odoroki3.png	1094	1050
sprites/rg6/1/rg6_a11_warai1.png	1094	1050
sprites/rg6/1/rg6_a11_warai2.png	1094	1050
sprites/rg6/1/rg6_a12_akuwarai1.png	1094	1050
sprites/rg6/1/rg6_a12_akuwarai2.png	1094	1050
sprites/rg6/1/rg6_a12_akuwarai3.png	1094	1050
sprites/rg6/1/rg6_a12_defo1.png	1094	1050
sprites/rg6/1/rg6_a12_hohoemi1.png	1094	1050
sprites/rg6/1/rg6_a12_komaru3.png	1094	1050
sprites/rg6/1/rg6_a12_odoroki1.png	1094	1050
sprites/rg6/1/rg6_a12_warai1.png	1094	1050
sprites/rg6/1/rg6_a12b_akuwarai1.png	1408	1050
sprites/rg6/1/rg6_a12b_akuwarai3.png	1408	1050
sprites/rg6/1/rg6_a12b_ikari1.png	1408	1050
sprites/rg6/1/rg6_a12b_odoroki1.png	1408	1050
sprites/rg6/1/rg6_b12_naku1.png	613	1050
sprites/rg6/1/rg6_b31_komaru2.png	846	1035
sprites/rg6/1/rg6_b32_fuman1.png	695	1035
sprites/rg6/1/rg6_b32_naku1.png	695	1035
sprites/rg6/1/rg6_b32_odoroki1.png	695	1035
sprites/rg6/1/rg6_c11_akuwarai1.png	770	1050
sprites/rg6/1/rg6_c11_warai1.png	770	1050
sprites/rg6/1/rg6_c21_akuwarai3.png	803	1043
sprites/rg6/1/rg6_c21_warai1.png	803	1043
sprites/rg6/1/rg6_c21_warai3.png	803	1043
sprites/rg6/1/rg6_d11_akuwarai1.png	1152	1036
sprites/rg6/1/rg6_d11_akuwarai2.png	1152	1036
sprites/rg6/1/rg6_d11_akuwarai3.png	1152	1036
sprites/rg6/1/rg6_d11_fuman1.png	1152	1036
sprites/rg6/1/rg6_d11_komaru3.png	1152	1036
sprites/rg6/1/rg6_d11_naku1.png	1152	1036
sprites/rg6/1/rg6_d11_odoroki3.png	1152	1036
sprites/rg6/1/rg6_d11_warai1.png	1152	1036
sprites/rg6/1/rg6_d11_warai3.png	1152	1036
sprites/rg6/1/rg6_d21_akuwarai1.png	1152	1035
sprites/rg6/1/rg6_d21_akuwarai3.png	1152	1035
sprites/rg6/1/rg6_d21_akuwarai4.png	1152	1035
sprites/rg6/1/rg6_d21_fuman1.png	1152	1035
sprites/rg6/1/rg6_d21_hohoemi1.png	1152	1035
sprites/rg6/1/rg6_d21_naku1.png	1152	1035
sprites/rg6/1/rg6_d21_odoroki3.png	1152	1035
sprites/rg6/1/rg6_d21_warai1.png	1152	1035
sprites/rg6/1/rg6_d21_warai2.png	1152	1035
sprites/rg6/1/rg6_d21_warai3.png	1152	1035
sprites/rg6/1/rg6_e11_akuwarai1.png	829	1050
sprites/rg6/1/rg6_e11_defo1.png	829	1050
sprites/rg6/1/rg6_e11_hohoemi1.png	829	1050
sprites/rg6/1/rg6_e11_ikari1.png	829	1050
sprites/rg6/1/rg6_e11_ikari2.png	829	1050
sprites/rg6/1/rg6_e11_komaru3.png	829	1050
sprites/rg6/1/rg6_e11_odoroki1.png	829	1050
sprites/rg6/1/rg6_e11_odoroki3.png	829	1050
sprites/rg6/1/rg6_e11_warai1.png	829	1050
sprites/rg6/1/rg6_e11_warai3.png	829	1050
sprites/rg6/1/rg6_e31_akuwarai4.png	829	1035
sprites/rg6/1/rg6_e31_komaru1.png	829	1035
sprites/rg6/1/rg6_e31_komaru2.png	829	1035
sprites/rg6/2/rg6_a11_defo1.png	196	39
sprites/rg6/2/rg6_a11_odoroki3.png	228	45
sprites/rg6/2/rg6_a11_warai1.png	228	43
sprites/rg6/2/rg6_a11_warai2.png	228	39
sprites/rg6/2/rg6_a12_akuwarai1.png	220	40
sprites/rg6/2/rg6_a12_akuwarai2.png	300	47
sprites/rg6/2/rg6_a12_akuwarai3.png	340	52
sprites/rg6/2/rg6_a12_defo1.png	196	39
sprites/rg6/2/rg6_a12_hohoemi1.png	196	24
sprites/rg6/2/rg6_a12_komaru3.png	196	33
sprites/rg6/2/rg6_a12_odoroki1.png	204	42
sprites/rg6/2/rg6_a12_warai1.png	228	43
sprites/rg6/2/rg6_a12b_akuwarai1.png	220	40
sprites/rg6/2/rg6_a12b_akuwarai3.png	340	52
sprites/rg6/2/rg6_a12b_ikari1.png	224	45
sprites/rg6/2/rg6_a12b_odoroki1.png	204	42
sprites/rg6/2/rg6_b12_naku1.png	208	43
sprites/rg6/2/rg6_b31_komaru2.png	200	44
sprites/rg6/2/rg6_b32_fuman1.png	176	41
sprites/rg6/2/rg6_b32_naku1.png	204	43
sprites/rg6/2/rg6_b32_odoroki1.png	272	54
sprites/rg6/2/rg6_c11_akuwarai1.png	220	41
sprites/rg6/2/rg6_c11_warai1.png	228	43
sprites/rg6/2/rg6_c21_akuwarai3.png	348	89
sprites/rg6/2/rg6_c21_warai1.png	196	56
sprites/rg6/2/rg6_c21_warai3.png	220	53
sprites/rg6/2/rg6_d11_akuwarai1.png	220	40
sprites/rg6/2/rg6_d11_akuwarai2.png	300	48
sprites/rg6/2/rg6_d11_akuwarai3.png	360	51
sprites/rg6/2/rg6_d11_fuman1.png	192	38
sprites/rg6/2/rg6_d11_komaru3.png	180	33
sprites/rg6/2/rg6_d11_naku1.png	212	42
sprites/rg6/2/rg6_d11_odoroki3.png	228	45
sprites/rg6/2/rg6_d11_warai1.png	228	42
sprites/rg6/2/rg6_d11_warai3.png	212	43
sprites/rg6/2/rg6_d21_akuwarai1.png	232	42
sprites/rg6/2/rg6_d21_akuwarai3.png	348	89
sprites/rg6/2/rg6_d21_akuwarai4.png	348	73
sprites/rg6/2/rg6_d21_fuman1.png	176	41
sprites/rg6/2/rg6_d21_hohoemi1.png	232	51
sprites/rg6/2/rg6_d21_naku1.png	204	43
sprites/rg6/2/rg6_d21_odoroki3.png	168	42
sprites/rg6/2/rg6_d21_warai1.png	196	48
sprites/rg6/2/rg6_d21_warai2.png	328	60
sprites/rg6/2/rg6_d21_warai3.png	216	41
sprites/rg6/2/rg6_e11_akuwarai1.png	220	40
sprites/rg6/2/rg6_e11_defo1.png	164	26
sprites/rg6/2/rg6_e11_hohoemi1.png	196	29
sprites/rg6/2/rg6_e11_ikari1.png	224	45
sprites/rg6/2/rg6_e11_ikari2.png	248	38
sprites/rg6/2/rg6_e11_komaru3.png	196	31
sprites/rg6/2/rg6_e11_odoroki1.png	192	38
sprites/rg6/2/rg6_e11_odoroki3.png	228	44
sprites/rg6/2/rg6_e11_warai1.png	228	40
sprites/rg6/2/rg6_e11_warai3.png	212	41
sprites/rg6/2/rg6_e31_akuwarai4.png	348	73
sprites/rg6/2/rg6_e31_komaru1.png	156	27
sprites/rg6/2/rg6_e31_komaru2.png	200	44
sprites/rg7/1/rg7_a11_defo1.png	1094	1046
sprites/rg7/1/rg7_a11_ikari1.png	1094	1046
sprites/rg7/1/rg7_a11_komaru3.png	1094	1046
sprites/rg7/1/rg7_a11_warai3.png	1094	1046
sprites/rg7/1/rg7_a12_akuwarai1.png	1094	1046
sprites/rg7/1/rg7_a12_akuwarai2.png	1094	1046
sprites/rg7/1/rg7_a12_defo1.png	1094	1046
sprites/rg7/1/rg7_a12_fuman1.png	1094	1046
sprites/rg7/1/rg7_a12_hohoemi1.png	1094	1046
sprites/rg7/1/rg7_a12_ikari1.png	1094	1046
sprites/rg7/1/rg7_a12_odoroki1.png	1094	1046
sprites/rg7/1/rg7_a12_odoroki3.png	1094	1046
sprites/rg7/1/rg7_a12_warai1.png	1094	1046
sprites/rg7/1/rg7_a12b_akuwarai1.png	1408	1046
sprites/rg7/1/rg7_a12b_ikari1.png	1408	1046
sprites/rg7/1/rg7_a12b_odoroki3.png	1408	1046
sprites/rg7/1/rg7_b11_defo1.png	890	1046
sprites/rg7/1/rg7_b12_naku1.png	663	1046
sprites/rg7/1/rg7_b12_odoroki3.png	663	1046
sprites/rg7/1/rg7_b12_warai3.png	663	1046
sprites/rg7/1/rg7_b32_naku1.png	856	1044
sprites/rg7/1/rg7_c11_akuwarai1.png	866	1046
sprites/rg7/1/rg7_c11_akuwarai2.png	866	1046
sprites/rg7/1/rg7_c11_komaru3.png	866	1046
sprites/rg7/1/rg7_c11_warai1.png	866	1046
sprites/rg7/1/rg7_c21_akuwarai1.png	811	1044
sprites/rg7/1/rg7_c21_akuwarai4.png	811	1044
sprites/rg7/1/rg7_c21_hohoemi1.png	811	1044
sprites/rg7/1/rg7_c21_warai1.png	811	1044
sprites/rg7/1/rg7_d11_akuwarai2.png	1152	1032
sprites/rg7/1/rg7_d11_fuman1.png	1152	1032
sprites/rg7/1/rg7_d11_naku1.png	1152	1032
sprites/rg7/1/rg7_d11_odoroki3.png	1152	1032
sprites/rg7/1/rg7_d11_warai1.png	1152	1032
sprites/rg7/1/rg7_d11_warai3.png	1152	1032
sprites/rg7/1/rg7_d21_akuwarai1.png	1152	1044
sprites/rg7/1/rg7_d21_akuwarai3.png	1152	1044
sprites/rg7/1/rg7_d21_hohoemi1.png	1152	1044
sprites/rg7/1/rg7_d21_komaru2.png	1152	1044
sprites/rg7/1/rg7_d21_naku1.png	1152	1044
sprites/rg7/1/rg7_d21_warai1.png	1152	1044
sprites/rg7/1/rg7_d21_warai3.png	1152	1044
sprites/rg7/1/rg7_e11_akuwarai1.png	829	1046
sprites/rg7/1/rg7_e11_defo1.png	829	1046
sprites/rg7/1/rg7_e11_fuman1.png	829	1046
sprites/rg7/1/rg7_e11_komaru3.png	829	1046
sprites/rg7/1/rg7_e11_odoroki3.png	829	1046
sprites/rg7/1/rg7_e11_warai1.png	829	1046
sprites/rg7/1/rg7_e11_warai3.png	829	1046
sprites/rg7/1/rg7_e21_fuman2.png	1013	1044
sprites/rg7/1/rg7_e21_komaru1.png	1013	1044
sprites/rg7/1/rg7_e21_komaru2.png	1013	1044
sprites/rg7/1/rg7_e21_odoroki3.png	1013	1044
sprites/rg7/2/rg7_a11_defo1.png	196	39
sprites/rg7/2/rg7_a11_ikari1.png	224	45
sprites/rg7/2/rg7_a11_komaru3.png	196	33
sprites/rg7/2/rg7_a11_warai3.png	212	42
sprites/rg7/2/rg7_a12_akuwarai1.png	220	40
sprites/rg7/2/rg7_a12_akuwarai2.png	300	47
sprites/rg7/2/rg7_a12_defo1.png	196	39
sprites/rg7/2/rg7_a12_fuman1.png	196	33
sprites/rg7/2/rg7_a12_hohoemi1.png	196	24
sprites/rg7/2/rg7_a12_ikari1.png	224	45
sprites/rg7/2/rg7_a12_odoroki1.png	204	42
sprites/rg7/2/rg7_a12_odoroki3.png	228	45
sprites/rg7/2/rg7_a12_warai1.png	228	43
sprites/rg7/2/rg7_a12b_akuwarai1.png	220	40
sprites/rg7/2/rg7_a12b_ikari1.png	224	45
sprites/rg7/2/rg7_a12b_odoroki3.png	228	45
sprites/rg7/2/rg7_b11_defo1.png	196	39
sprites/rg7/2/rg7_b12_naku1.png	208	43
sprites/rg7/2/rg7_b12_odoroki3.png	228	45
sprites/rg7/2/rg7_b12_warai3.png	212	42
sprites/rg7/2/rg7_b32_naku1.png	204	43
sprites/rg7/2/rg7_c11_akuwarai1.png	220	41
sprites/rg7/2/rg7_c11_akuwarai2.png	300	47
sprites/rg7/2/rg7_c11_komaru3.png	196	33
sprites/rg7/2/rg7_c11_warai1.png	228	43
sprites/rg7/2/rg7_c21_akuwarai1.png	228	42
sprites/rg7/2/rg7_c21_akuwarai4.png	348	73
sprites/rg7/2/rg7_c21_hohoemi1.png	232	51
sprites/rg7/2/rg7_c21_warai1.png	196	56
sprites/rg7/2/rg7_d11_akuwarai2.png	336	49
sprites/rg7/2/rg7_d11_fuman1.png	232	44
sprites/rg7/2/rg7_d11_naku1.png	232	47
sprites/rg7/2/rg7_d11_odoroki3.png	232	46
sprites/rg7/2/rg7_d11_warai1.png	240	44
sprites/rg7/2/rg7_d11_warai3.png	236	44
sprites/rg7/2/rg7_d21_akuwarai1.png	232	42
sprites/rg7/2/rg7_d21_akuwarai3.png	348	89
sprites/rg7/2/rg7_d21_hohoemi1.png	232	51
sprites/rg7/2/rg7_d21_komaru2.png	200	44
sprites/rg7/2/rg7_d21_naku1.png	204	43
sprites/rg7/2/rg7_d21_warai1.png	196	48
sprites/rg7/2/rg7_d21_warai3.png	216	41
sprites/rg7/2/rg7_e11_akuwarai1.png	220	40
sprites/rg7/2/rg7_e11_defo1.png	164	26
sprites/rg7/2/rg7_e11_fuman1.png	196	38
sprites/rg7/2/rg7_e11_komaru3.png	196	31
sprites/rg7/2/rg7_e11_odoroki3.png	228	44
sprites/rg7/2/rg7_e11_warai1.png	228	40
sprites/rg7/2/rg7_e11_warai3.png	212	41
sprites/rg7/2/rg7_e21_fuman2.png	172	43
sprites/rg7/2/rg7_e21_komaru1.png	156	27
sprites/rg7/2/rg7_e21_komaru2.png	200	44
sprites/rg7/2/rg7_e21_odoroki3.png	172	42
sprites/rio/1/rio_a11_akire1.png	664	1112
sprites/rio/1/rio_a11_akire1a.png	664	1112
sprites/rio/1/rio_a11_akire2.png	664	1112
sprites/rio/1/rio_a11_defo1.png	664	1112
sprites/rio/1/rio_a11_defo2.png	664	1112
sprites/rio/1/rio_a11_defo3.png	664	1112
sprites/rio/1/rio_a11_fuman1.png	664	1112
sprites/rio/1/rio_a11_ikari1.png	664	1112
sprites/rio/1/rio_a11_ikari1a.png	664	1112
sprites/rio/1/rio_a11_itai1.png	664	1112
sprites/rio/1/rio_a11_komaru1.png	664	1112
sprites/rio/1/rio_a11_komaru1a.png	664	1112
sprites/rio/1/rio_a11_majime1.png	664	1112
sprites/rio/1/rio_a11_odoroki1.png	664	1112
sprites/rio/1/rio_a11_sakebu1.png	664	1112
sprites/rio/1/rio_a11_warai1.png	664	1112
sprites/rio/1/rio_a12_akire1a.png	568	1112
sprites/rio/1/rio_a12_defo1.png	568	1112
sprites/rio/1/rio_a12_defo2.png	568	1112
sprites/rio/1/rio_a12_fuman1.png	568	1112
sprites/rio/1/rio_a12_ikari1a.png	568	1112
sprites/rio/1/rio_a12_itai1.png	568	1112
sprites/rio/1/rio_a12_komaru1.png	568	1112
sprites/rio/1/rio_a12_komaru1a.png	568	1112
sprites/rio/1/rio_a12_majime1.png	568	1112
sprites/rio/1/rio_a12_odoroki1.png	568	1112
sprites/rio/1/rio_a12_warai1.png	568	1112
sprites/rio/1/rio_a13_akire1a.png	520	1112
sprites/rio/1/rio_a13_fuman1.png	520	1112
sprites/rio/1/rio_a13_komaru1.png	520	1112
sprites/rio/1/rio_a13_komaru1a.png	520	1112
sprites/rio/1/rio_a13_majime1.png	520	1112
sprites/rio/1/rio_a13_odoroki1.png	520	1112
sprites/rio/1/rio_b11_akire1.png	515	1100
sprites/rio/1/rio_b11_akire1a.png	515	1100
sprites/rio/2/rio_a11_akire1.png	276	63
sprites/rio/2/rio_a11_akire1a.png	276	63
sprites/rio/2/rio_a11_akire2.png	300	66
sprites/rio/2/rio_a11_defo1.png	328	66
sprites/rio/2/rio_a11_defo2.png	288	61
sprites/rio/2/rio_a11_defo3.png	344	66
sprites/rio/2/rio_a11_fuman1.png	272	62
sprites/rio/2/rio_a11_ikari1.png	332	68
sprites/rio/2/rio_a11_ikari1a.png	332	68
sprites/rio/2/rio_a11_itai1.png	344	67
sprites/rio/2/rio_a11_komaru1.png	364	69
sprites/rio/2/rio_a11_komaru1a.png	364	69
sprites/rio/2/rio_a11_majime1.png	404	69
sprites/rio/2/rio_a11_odoroki1.png	336	66
sprites/rio/2/rio_a11_sakebu1.png	352	76
sprites/rio/2/rio_a11_warai1.png	408	72
sprites/rio/2/rio_a12_akire1a.png	276	63
sprites/rio/2/rio_a12_defo1.png	328	66
sprites/rio/2/rio_a12_defo2.png	288	61
sprites/rio/2/rio_a12_fuman1.png	272	62
sprites/rio/2/rio_a12_ikari1a.png	332	68
sprites/rio/2/rio_a12_itai1.png	344	67
sprites/rio/2/rio_a12_komaru1.png	364	69
sprites/rio/2/rio_a12_komaru1a.png	364	69
sprites/rio/2/rio_a12_majime1.png	404	69
sprites/rio/2/rio_a12_odoroki1.png	336	66
sprites/rio/2/rio_a12_warai1.png	408	72
sprites/rio/2/rio_a13_akire1a.png	276	63
sprites/rio/2/rio_a13_fuman1.png	272	62
sprites/rio/2/rio_a13_komaru1.png	364	69
sprites/rio/2/rio_a13_komaru1a.png	364	69
sprites/rio/2/rio_a13_majime1.png	404	69
sprites/rio/2/rio_a13_odoroki1.png	336	66
sprites/rio/2/rio_b11_akire1.png	276	67
sprites/rio/2/rio_b11_akire1a.png	248	65
sprites/ron/1/ron_a11_akuwarai1.png	995	1224
sprites/ron/1/ron_a11_defo1.png	995	1224
sprites/ron/1/ron_a11_defo2.png	995	1224
sprites/ron/1/ron_a11_majime1.png	995	1224
sprites/ron/1/ron_a11_majime2.png	995	1224
sprites/ron/1/ron_a11_odoroki1.png	995	1224
sprites/ron/1/ron_a11_odoroki2.png	995	1224
sprites/ron/1/ron_a11_warai1.png	995	1224
sprites/ron/1/ron_a11_warai2.png	995	1224
sprites/ron/1/ron_a12_akuwarai1.png	709	1224
sprites/ron/1/ron_a12_defo1.png	709	1224
sprites/ron/1/ron_a12_majime2.png	709	1224
sprites/ron/1/ron_a12_odoroki1.png	709	1224
sprites/ron/1/ron_a12_odoroki2.png	709	1224
sprites/ron/1/ron_a12_warai1.png	709	1224
sprites/ron/1/ron_a12_warai2.png	709	1224
sprites/ron/1/ron_a13_akuwarai1.png	723	1224
sprites/ron/1/ron_a13_defo1.png	723	1224
sprites/ron/1/ron_a13_warai1.png	723	1224
sprites/ron/1/ron_a13_warai2.png	723	1224
sprites/ron/1/ron_a23_akuwarai1.png	723	1225
sprites/ron/1/ron_a23_warai1.png	723	1225
sprites/ron/1/ron_a23_warai2.png	723	1225
sprites/ron/2/ron_a11_akuwarai1.png	372	39
sprites/ron/2/ron_a11_defo1.png	328	43
sprites/ron/2/ron_a11_defo2.png	324	34
sprites/ron/2/ron_a11_majime1.png	312	46
sprites/ron/2/ron_a11_majime2.png	336	37
sprites/ron/2/ron_a11_odoroki1.png	364	37
sprites/ron/2/ron_a11_odoroki2.png	300	42
sprites/ron/2/ron_a11_warai1.png	344	43
sprites/ron/2/ron_a11_warai2.png	340	45
sprites/ron/2/ron_a12_akuwarai1.png	624	98
sprites/ron/2/ron_a12_defo1.png	624	98
sprites/ron/2/ron_a12_majime2.png	624	98
sprites/ron/2/ron_a12_odoroki1.png	624	98
sprites/ron/2/ron_a12_odoroki2.png	624	98
sprites/ron/2/ron_a12_warai1.png	624	98
sprites/ron/2/ron_a12_warai2.png	624	98
sprites/ron/2/ron_a13_akuwarai1.png	624	94
sprites/ron/2/ron_a13_defo1.png	624	97
sprites/ron/2/ron_a13_warai1.png	624	97
sprites/ron/2/ron_a13_warai2.png	624	95
sprites/ron/2/ron_a23_akuwarai1.png	316	39
sprites/ron/2/ron_a23_warai1.png	344	39
sprites/ron/2/ron_a23_warai2.png	316	43
sprites/ros/1/ros_a11_akuwarai1.png	518	1080
sprites/ros/1/ros_a11_aseru1.png	518	1080
sprites/ros/1/ros_a11_defo1.png	518	1080
sprites/ros/1/ros_a11_ikari1.png	518	1080
sprites/ros/1/ros_a11_ikari2.png	518	1080
sprites/ros/1/ros_a11_ikari3.png	518	1080
sprites/ros/1/ros_a11_ikari4.png	518	1080
sprites/ros/1/ros_a11_komaru1.png	518	1080
sprites/ros/1/ros_a11_komaru3.png	518	1080
sprites/ros/1/ros_a11_komaru4.png	518	1080
sprites/ros/1/ros_a11_majime1.png	518	1080
sprites/ros/1/ros_a11_nayamu1.png	518	1080
sprites/ros/1/ros_a11_odoroki1.png	518	1080
sprites/ros/1/ros_a11_warai1.png	518	1080
sprites/ros/1/ros_a11_warai2.png	518	1080
sprites/ros/1/ros_a12_akuwarai1.png	642	1080
sprites/ros/1/ros_a12_aseru1.png	642	1080
sprites/ros/1/ros_a12_ikari1.png	642	1080
sprites/ros/1/ros_a12_ikari2.png	642	1080
sprites/ros/1/ros_a12_ikari3.png	642	1080
sprites/ros/1/ros_a12_majime1.png	642	1080
sprites/ros/1/ros_a12_nayamu1.png	642	1080
sprites/ros/1/ros_a12_odoroki1.png	642	1080
sprites/ros/1/ros_a12_warai1.png	642	1080
sprites/ros/1/ros_a12_warai2.png	642	1080
sprites/ros/1/ros_a13_aseru1.png	714	1080
sprites/ros/1/ros_a13_defo1.png	714	1080
sprites/ros/1/ros_a13_komaru1.png	714	1080
sprites/ros/1/ros_a13_komaru3.png	714	1080
sprites/ros/1/ros_a13_komaru4.png	714	1080
sprites/ros/1/ros_a13_majime1.png	714	1080
sprites/ros/1/ros_a13_nayamu1.png	714	1080
sprites/ros/1/ros_a13_odoroki1.png	714	1080
sprites/ros/1/ros_a13_warai1.png	714	1080
sprites/ros/1/ros_a13_warai2.png	714	1080
sprites/ros/1/ros_a14_akuwarai1.png	574	1080
sprites/ros/1/ros_a14_aseru1.png	574	1080
sprites/ros/1/ros_a14_defo1.png	574	1080
sprites/ros/1/ros_a14_ikari2.png	574	1080
sprites/ros/1/ros_a14_ikari3.png	574	1080
sprites/ros/1/ros_a14_ikari4.png	574	1080
sprites/ros/1/ros_a14_komaru1.png	574	1080
sprites/ros/1/ros_a14_komaru3.png	574	1080
sprites/ros/1/ros_a14_komaru4.png	574	1080
sprites/ros/1/ros_a14_majime1.png	574	1080
sprites/ros/1/ros_a14_nayamu1.png	574	1080
sprites/ros/1/ros_a14_odoroki1.png	574	1080
sprites/ros/1/ros_a14_warai1.png	574	1080
sprites/ros/1/ros_a14_warai2.png	574	1080
sprites/ros/1/ros_a25_aseru1.png	640	1080
sprites/ros/1/ros_a25_ikari2.png	640	1080
sprites/ros/1/ros_a25_ikari3.png	640	1080
sprites/ros/1/ros_a25_ikari4.png	640	1080
sprites/ros/1/ros_a25_komaru4.png	640	1080
sprites/ros/1/ros_a25_odoroki1.png	640	1080
sprites/ros/1/ros_a32_ikari2.png	642	1077
sprites/ros/1/ros_a32_ikari3.png	642	1077
sprites/ros/1/ros_a32_ikari4.png	642	1077
sprites/ros/1/ros_a32_komaru4.png	642	1077
sprites/ros/1/ros_a32_nayamu1.png	642	1077
sprites/ros/1/ros_a33_aseru1.png	714	1077
sprites/ros/1/ros_a33_komaru3.png	714	1077
sprites/ros/1/ros_a33_komaru4.png	714	1077
sprites/ros/1/ros_a34_aseru1.png	574	1077
sprites/ros/1/ros_a34_ikari2.png	574	1077
sprites/ros/1/ros_a34_ikari3.png	574	1077
sprites/ros/1/ros_a34_ikari4.png	574	1077
sprites/ros/1/ros_a34_komaru4.png	574	1077
sprites/ros/1/ros_b26_akuwarai1.png	639	1080
sprites/ros/1/ros_b26_ikari1.png	639	1080
sprites/ros/1/ros_b26_ikari3.png	639	1080
sprites/ros/1/ros_b26_ikari4.png	639	1080
sprites/ros/1/ros_b26_komaru4.png	639	1080
sprites/ros/1/ros_c11_aseru1.png	752	1080
sprites/ros/1/ros_c11_defo1.png	752	1080
sprites/ros/1/ros_c11_ikari2.png	752	1080
sprites/ros/1/ros_c11_ikari3.png	752	1080
sprites/ros/1/ros_c11_komaru1.png	752	1080
sprites/ros/1/ros_c11_komaru4.png	752	1080
sprites/ros/1/ros_c11_nayamu1.png	752	1080
sprites/ros/1/ros_c11_odoroki1.png	752	1080
sprites/ros/1/ros_c11_warai1.png	752	1080
sprites/ros/1/ros_c11_warai2.png	752	1080
sprites/ros/1/ros_c12_aseru1.png	638	1080
sprites/ros/1/ros_c12_ikari2.png	638	1080
sprites/ros/1/ros_c12_majime1.png	638	1080
sprites/ros/1/ros_c31_ikari4.png	752	1077
sprites/ros/1/ros_c32_ikari3.png	638	1077
sprites/ros/1/ros_c32_ikari4.png	638	1077
sprites/ros/2/ros_a11_akuwarai1.png	328	59
sprites/ros/2/ros_a11_aseru1.png	232	51
sprites/ros/2/ros_a11_defo1.png	280	41
sprites/ros/2/ros_a11_ikari1.png	532	68
sprites/ros/2/ros_a11_ikari2.png	232	58
sprites/ros/2/ros_a11_ikari3.png	220	50
sprites/ros/2/ros_a11_ikari4.png	532	62
sprites/ros/2/ros_a11_komaru1.png	252	39
sprites/ros/2/ros_a11_komaru3.png	228	45
sprites/ros/2/ros_a11_komaru4.png	388	59
sprites/ros/2/ros_a11_majime1.png	248	45
sprites/ros/2/ros_a11_nayamu1.png	224	53
sprites/ros/2/ros_a11_odoroki1.png	232	54
sprites/ros/2/ros_a11_warai1.png	272	29
sprites/ros/2/ros_a11_warai2.png	532	66
sprites/ros/2/ros_a12_akuwarai1.png	328	59
sprites/ros/2/ros_a12_aseru1.png	232	51
sprites/ros/2/ros_a12_ikari1.png	532	68
sprites/ros/2/ros_a12_ikari2.png	232	58
sprites/ros/2/ros_a12_ikari3.png	220	50
sprites/ros/2/ros_a12_majime1.png	248	45
sprites/ros/2/ros_a12_nayamu1.png	224	53
sprites/ros/2/ros_a12_odoroki1.png	232	54
sprites/ros/2/ros_a12_warai1.png	272	29
sprites/ros/2/ros_a12_warai2.png	532	66
sprites/ros/2/ros_a13_aseru1.png	232	51
sprites/ros/2/ros_a13_defo1.png	280	41
sprites/ros/2/ros_a13_komaru1.png	252	39
sprites/ros/2/ros_a13_komaru3.png	228	45
sprites/ros/2/ros_a13_komaru4.png	388	59
sprites/ros/2/ros_a13_majime1.png	248	45
sprites/ros/2/ros_a13_nayamu1.png	224	53
sprites/ros/2/ros_a13_odoroki1.png	232	54
sprites/ros/2/ros_a13_warai1.png	272	29
sprites/ros/2/ros_a13_warai2.png	532	66
sprites/ros/2/ros_a14_akuwarai1.png	328	59
sprites/ros/2/ros_a14_aseru1.png	232	51
sprites/ros/2/ros_a14_defo1.png	280	41
sprites/ros/2/ros_a14_ikari2.png	232	58
sprites/ros/2/ros_a14_ikari3.png	220	50
sprites/ros/2/ros_a14_ikari4.png	532	62
sprites/ros/2/ros_a14_komaru1.png	252	39
sprites/ros/2/ros_a14_komaru3.png	228	45
sprites/ros/2/ros_a14_komaru4.png	388	59
sprites/ros/2/ros_a14_majime1.png	248	45
sprites/ros/2/ros_a14_nayamu1.png	224	53
sprites/ros/2/ros_a14_odoroki1.png	232	54
sprites/ros/2/ros_a14_warai1.png	272	29
sprites/ros/2/ros_a14_warai2.png	532	66
sprites/ros/2/ros_a25_aseru1.png	524	73
sprites/ros/2/ros_a25_ikari2.png	536	73
sprites/ros/2/ros_a25_ikari3.png	536	73
sprites/ros/2/ros_a25_ikari4.png	220	39
sprites/ros/2/ros_a25_komaru4.png	532	73
sprites/ros/2/ros_a25_odoroki1.png	528	73
sprites/ros/2/ros_a32_ikari2.png	328	58
sprites/ros/2/ros_a32_ikari3.png	172	34
sprites/ros/2/ros_a32_ikari4.png	236	48
sprites/ros/2/ros_a32_komaru4.png	184	34
sprites/ros/2/ros_a32_nayamu1.png	156	43
sprites/ros/2/ros_a33_aseru1.png	220	40
sprites/ros/2/ros_a33_komaru3.png	236	38
sprites/ros/2/ros_a33_komaru4.png	184	34
sprites/ros/2/ros_a34_aseru1.png	220	40
sprites/ros/2/ros_a34_ikari2.png	328	58
sprites/ros/2/ros_a34_ikari3.png	172	34
sprites/ros/2/ros_a34_ikari4.png	236	48
sprites/ros/2/ros_a34_komaru4.png	184	34
sprites/ros/2/ros_b26_akuwarai1.png	504	73
sprites/ros/2/ros_b26_ikari1.png	236	56
sprites/ros/2/ros_b26_ikari3.png	500	73
sprites/ros/2/ros_b26_ikari4.png	220	39
sprites/ros/2/ros_b26_komaru4.png	476	73
sprites/ros/2/ros_c11_aseru1.png	536	72
sprites/ros/2/ros_c11_defo1.png	536	72
sprites/ros/2/ros_c11_ikari2.png	536	72
sprites/ros/2/ros_c11_ikari3.png	536	72
sprites/ros/2/ros_c11_komaru1.png	536	72
sprites/ros/2/ros_c11_komaru4.png	536	72
sprites/ros/2/ros_c11_nayamu1.png	536	72
sprites/ros/2/ros_c11_odoroki1.png	536	72
sprites/ros/2/ros_c11_warai1.png	536	72
sprites/ros/2/ros_c11_warai2.png	532	66
sprites/ros/2/ros_c12_aseru1.png	536	72
sprites/ros/2/ros_c12_ikari2.png	536	72
sprites/ros/2/ros_c12_majime1.png	536	72
sprites/ros/2/ros_c31_ikari4.png	236	52
sprites/ros/2/ros_c32_ikari3.png	172	48
sprites/ros/2/ros_c32_ikari4.png	236	52
sprites/rud/1/rud_a11_akuwarai1.png	700	1193
sprites/rud/1/rud_a11_akuwarai2.png	700	1193
sprites/rud/1/rud_a11_defo1.png	700	1193
sprites/rud/1/rud_a11_defo2.png	700	1193
sprites/rud/1/rud_a11_ikari1.png	700	1193
sprites/rud/1/rud_a11_ikari2.png	700	1193
sprites/rud/1/rud_a11_komaru1.png	700	1193
sprites/rud/1/rud_a11_majime2.png	700	1193
sprites/rud/1/rud_a11_naku2.png	700	1193
sprites/rud/1/rud_a11_naku5.png	700	1193
sprites/rud/1/rud_a11_naku6.png	700	1193
sprites/rud/1/rud_a11_nayamu1.png	700	1193
sprites/rud/1/rud_a11_odoroki1.png	700	1193
sprites/rud/1/rud_a11_warai1.png	700	1193
sprites/rud/1/rud_a11_warai2.png	700	1193
sprites/rud/1/rud_a12_akuwarai1.png	832	1193
sprites/rud/1/rud_a12_akuwarai2.png	832	1193
sprites/rud/1/rud_a12_defo1.png	832	1193
sprites/rud/1/rud_a12_defo2.png	832	1193
sprites/rud/1/rud_a12_komaru1.png	832	1193
sprites/rud/1/rud_a12_majime2.png	832	1193
sprites/rud/1/rud_a12_odoroki1.png	832	1193
sprites/rud/1/rud_a12_warai1.png	832	1193
sprites/rud/1/rud_a12_warai2.png	832	1193
sprites/rud/1/rud_a13_akuwarai1.png	1023	1193
sprites/rud/1/rud_a13_akuwarai2.png	1023	1193
sprites/rud/1/rud_a13_defo1.png	1023	1193
sprites/rud/1/rud_a13_defo2.png	1023	1193
sprites/rud/1/rud_a13_komaru1.png	1023	1193
sprites/rud/1/rud_a13_nayamu1.png	1023	1193
sprites/rud/1/rud_a13_odoroki1.png	1023	1193
sprites/rud/1/rud_a13_warai1.png	1023	1193
sprites/rud/1/rud_a14_akuwarai1.png	932	1193
sprites/rud/1/rud_a14_akuwarai2.png	932	1193
sprites/rud/1/rud_a14_defo1.png	932	1193
sprites/rud/1/rud_a14_defo2.png	932	1193
sprites/rud/1/rud_a14_ikari1.png	932	1193
sprites/rud/1/rud_a14_ikari2.png	932	1193
sprites/rud/1/rud_a14_komaru1.png	932	1193
sprites/rud/1/rud_a14_majime2.png	932	1193
sprites/rud/1/rud_a14_naku5.png	932	1193
sprites/rud/1/rud_a14_naku6.png	932	1193
sprites/rud/1/rud_a14_nayamu1.png	932	1193
sprites/rud/1/rud_a14_odoroki1.png	932	1193
sprites/rud/1/rud_a14_warai1.png	932	1193
sprites/rud/1/rud_a14_warai2.png	932	1193
sprites/rud/1/rud_a15_akuwarai1.png	961	1193
sprites/rud/1/rud_a15_defo1.png	961	1193
sprites/rud/1/rud_a15_defo2.png	961	1193
sprites/rud/1/rud_a15_majime2.png	961	1193
sprites/rud/1/rud_a15_warai1.png	961	1193
sprites/rud/1/rud_a15_warai2.png	961	1193
sprites/rud/1/rud_a21_komaru1.png	700	1198
sprites/rud/1/rud_a21_majime2.png	700	1198
sprites/rud/1/rud_a22_defo1.png	832	1198
sprites/rud/1/rud_a22_komaru1.png	832	1198
sprites/rud/1/rud_a22_majime2.png	832	1198
sprites/rud/1/rud_a24_majime2.png	932	1198
sprites/rud/2/rud_a11_akuwarai1.png	348	71
sprites/rud/2/rud_a11_akuwarai2.png	356	71
sprites/rud/2/rud_a11_defo1.png	352	68
sprites/rud/2/rud_a11_defo2.png	344	57
sprites/rud/2/rud_a11_ikari1.png	292	72
sprites/rud/2/rud_a11_ikari2.png	292	72
sprites/rud/2/rud_a11_komaru1.png	336	62
sprites/rud/2/rud_a11_majime2.png	308	46
sprites/rud/2/rud_a11_naku2.png	264	60
sprites/rud/2/rud_a11_naku5.png	280	70
sprites/rud/2/rud_a11_naku6.png	424	84
sprites/rud/2/rud_a11_nayamu1.png	312	65
sprites/rud/2/rud_a11_odoroki1.png	288	59
sprites/rud/2/rud_a11_warai1.png	340	69
sprites/rud/2/rud_a11_warai2.png	336	78
sprites/rud/2/rud_a12_akuwarai1.png	348	71
sprites/rud/2/rud_a12_akuwarai2.png	356	71
sprites/rud/2/rud_a12_defo1.png	352	68
sprites/rud/2/rud_a12_defo2.png	344	57
sprites/rud/2/rud_a12_komaru1.png	336	62
sprites/rud/2/rud_a12_majime2.png	308	46
sprites/rud/2/rud_a12_odoroki1.png	288	59
sprites/rud/2/rud_a12_warai1.png	340	69
sprites/rud/2/rud_a12_warai2.png	336	78
sprites/rud/2/rud_a13_akuwarai1.png	348	71
sprites/rud/2/rud_a13_akuwarai2.png	356	71
sprites/rud/2/rud_a13_defo1.png	352	68
sprites/rud/2/rud_a13_defo2.png	344	57
sprites/rud/2/rud_a13_komaru1.png	336	62
sprites/rud/2/rud_a13_nayamu1.png	312	65
sprites/rud/2/rud_a13_odoroki1.png	288	59
sprites/rud/2/rud_a13_warai1.png	340	69
sprites/rud/2/rud_a14_akuwarai1.png	348	71
sprites/rud/2/rud_a14_akuwarai2.png	356	71
sprites/rud/2/rud_a14_defo1.png	352	68
sprites/rud/2/rud_a14_defo2.png	344	57
sprites/rud/2/rud_a14_ikari1.png	292	72
sprites/rud/2/rud_a14_ikari2.png	292	72
sprites/rud/2/rud_a14_komaru1.png	336	62
sprites/rud/2/rud_a14_majime2.png	308	46
sprites/rud/2/rud_a14_naku5.png	280	70
sprites/rud/2/rud_a14_naku6.png	424	84
sprites/rud/2/rud_a14_nayamu1.png	312	65
sprites/rud/2/rud_a14_odoroki1.png	288	59
sprites/rud/2/rud_a14_warai1.png	340	69
sprites/rud/2/rud_a14_warai2.png	336	78
sprites/rud/2/rud_a15_akuwarai1.png	348	102
sprites/rud/2/rud_a15_defo1.png	352	97
sprites/rud/2/rud_a15_defo2.png	344	98
sprites/rud/2/rud_a15_majime2.png	308	86
sprites/rud/2/rud_a15_warai1.png	340	100
sprites/rud/2/rud_a15_warai2.png	336	102
sprites/rud/2/rud_a21_komaru1.png	360	54
sprites/rud/2/rud_a21_majime2.png	372	51
sprites/rud/2/rud_a22_defo1.png	384	55
sprites/rud/2/rud_a22_komaru1.png	360	54
sprites/rud/2/rud_a22_majime2.png	372	51
sprites/rud/2/rud_a24_majime2.png	372	51
sprites/s00/1/s00_a11_defo1.png	770	1269
sprites/s00/1/s00_a11_komaru1.png	770	1269
sprites/s00/1/s00_a11_majime1.png	770	1269
sprites/s00/1/s00_a11_majime2.png	770	1269
sprites/s00/1/s00_a11_naku1.png	770	1269
sprites/s00/1/s00_a11_naku2.png	770	1269
sprites/s00/1/s00_a11_odoroki1.png	770	1269
sprites/s00/1/s00_a11_odoroki2.png	770	1269
sprites/s00/1/s00_a12_komaru1.png	695	1269
sprites/s00/1/s00_a12_naku2.png	695	1269
sprites/s00/1/s00_a13_defo1.png	695	1269
sprites/s00/1/s00_a13_komaru1.png	695	1269
sprites/s00/1/s00_a13_majime1.png	695	1269
sprites/s00/1/s00_a13_majime2.png	695	1269
sprites/s00/1/s00_a13_odoroki1.png	695	1269
sprites/s00/2/s00_a11_defo1.png	156	38
sprites/s00/2/s00_a11_komaru1.png	132	33
sprites/s00/2/s00_a11_majime1.png	132	46
sprites/s00/2/s00_a11_majime2.png	132	40
sprites/s00/2/s00_a11_naku1.png	280	46
sprites/s00/2/s00_a11_naku2.png	268	48
sprites/s00/2/s00_a11_odoroki1.png	132	41
sprites/s00/2/s00_a11_odoroki2.png	212	54
sprites/s00/2/s00_a12_komaru1.png	132	33
sprites/s00/2/s00_a12_naku2.png	268	48
sprites/s00/2/s00_a13_defo1.png	156	38
sprites/s00/2/s00_a13_komaru1.png	132	33
sprites/s00/2/s00_a13_majime1.png	132	46
sprites/s00/2/s00_a13_majime2.png	132	40
sprites/s00/2/s00_a13_odoroki1.png	132	41
sprites/s41/1/s41_a11_akuwarai1.png	721	1263
sprites/s41/1/s41_a11_akuwarai2.png	721	1263
sprites/s41/1/s41_a11_chonaku1.png	721	1263
sprites/s41/1/s41_a11_defo1.png	721	1263
sprites/s41/1/s41_a11_majime1.png	721	1263
sprites/s41/1/s41_a11_naku1.png	721	1263
sprites/s41/1/s41_a11_odoroki1.png	721	1263
sprites/s41/1/s41_a12_akuwarai1.png	626	1211
sprites/s41/1/s41_a12_akuwarai2.png	626	1211
sprites/s41/1/s41_a12_majime1.png	626	1211
sprites/s41/1/s41_a12_naku2.png	626	1211
sprites/s41/1/s41_a12_odoroki1.png	626	1211
sprites/s41/1/s41_a13_akuwarai1.png	1008	1263
sprites/s41/1/s41_a13_akuwarai2.png	1008	1263
sprites/s41/1/s41_a13_defo1.png	1008	1263
sprites/s41/1/s41_a13_majime1.png	1008	1263
sprites/s41/1/s41_a13_naku1.png	1008	1263
sprites/s41/1/s41_a13_odoroki1.png	1008	1263
sprites/s41/2/s41_a11_akuwarai1.png	348	69
sprites/s41/2/s41_a11_akuwarai2.png	348	64
sprites/s41/2/s41_a11_chonaku1.png	408	58
sprites/s41/2/s41_a11_defo1.png	336	58
sprites/s41/2/s41_a11_majime1.png	196	42
sprites/s41/2/s41_a11_naku1.png	368	51
sprites/s41/2/s41_a11_odoroki1.png	272	58
sprites/s41/2/s41_a12_akuwarai1.png	348	69
sprites/s41/2/s41_a12_akuwarai2.png	348	64
sprites/s41/2/s41_a12_majime1.png	196	42
sprites/s41/2/s41_a12_naku2.png	300	64
sprites/s41/2/s41_a12_odoroki1.png	272	58
sprites/s41/2/s41_a13_akuwarai1.png	348	69
sprites/s41/2/s41_a13_akuwarai2.png	348	64
sprites/s41/2/s41_a13_defo1.png	336	58
sprites/s41/2/s41_a13_majime1.png	196	42
sprites/s41/2/s41_a13_naku1.png	368	51
sprites/s41/2/s41_a13_odoroki1.png	272	58
sprites/s45/1/s45_a11_defo1.png	686	1204
sprites/s45/1/s45_a11_defo2.png	686	1204
sprites/s45/1/s45_a11_komaru1.png	686	1204
sprites/s45/1/s45_a11_komaru2.png	686	1204
sprites/s45/1/s45_a11_majime1.png	686	1204
sprites/s45/1/s45_a11_odoroki1.png	686	1204
sprites/s45/1/s45_a12_komaru1.png	649	1297
sprites/s45/1/s45_a12_majime1.png	649	1297
sprites/s45/1/s45_a12_odoroki1.png	649	1297
sprites/s45/1/s45_a13_defo2.png	716	1131
sprites/s45/1/s45_a13_komaru1.png	716	1131
sprites/s45/1/s45_a13_majime1.png	716	1131
sprites/s45/1/s45_a13_naku1.png	716	1131
sprites/s45/1/s45_a13_odoroki1.png	716	1131
sprites/s45/2/s45_a11_defo1.png	168	41
sprites/s45/2/s45_a11_defo2.png	164	39
sprites/s45/2/s45_a11_komaru1.png	272	54
sprites/s45/2/s45_a11_komaru2.png	176	38
sprites/s45/2/s45_a11_majime1.png	192	41
sprites/s45/2/s45_a11_odoroki1.png	368	64
sprites/s45/2/s45_a12_komaru1.png	272	54
sprites/s45/2/s45_a12_majime1.png	192	41
sprites/s45/2/s45_a12_odoroki1.png	368	64
sprites/s45/2/s45_a13_defo2.png	164	39
sprites/s45/2/s45_a13_komaru1.png	272	54
sprites/s45/2/s45_a13_majime1.png	192	41
sprites/s45/2/s45_a13_naku1.png	316	69
sprites/s45/2/s45_a13_odoroki1.png	368	64
sprites/s55/1/s55_a11_warai1.png	686	1220
sprites/s55/2/s55_a11_warai1.png	184	41
sprites/sak/1/sak_a11_defo1.png	888	886
sprites/sak/1/sak_a11_komaru1.png	888	886
sprites/sak/1/sak_a11_komaru2.png	888	886
sprites/sak/1/sak_a11_naku2.png	888	886
sprites/sak/1/sak_a11_naku3.png	888	886
sprites/sak/1/sak_a11_odoroki1.png	888	886
sprites/sak/1/sak_a11_warai1.png	888	886
sprites/sak/1/sak_a11_warai2.png	888	886
sprites/sak/1/sak_a11_warai3.png	888	886
sprites/sak/1/sak_a12_naku3.png	933	886
sprites/sak/1/sak_a12_odoroki1.png	933	886
sprites/sak/1/sak_a12_warai1.png	933	886
sprites/sak/1/sak_a12_warai3.png	933	886
sprites/sak/1/sak_a13_komaru2.png	536	886
sprites/sak/1/sak_a13_naku2.png	536	886
sprites/sak/1/sak_a13_naku3.png	536	886
sprites/sak/1/sak_a13_odoroki1.png	536	886
sprites/sak/1/sak_a13_warai1.png	536	886
sprites/sak/1/sak_a21_komaru1.png	888	886
sprites/sak/1/sak_a21_naku1.png	888	886
sprites/sak/1/sak_a22_naku1.png	933	886
sprites/sak/1/sak_a23_naku1.png	536	886
sprites/sak/2/sak_a11_defo1.png	260	39
sprites/sak/2/sak_a11_komaru1.png	172	40
sprites/sak/2/sak_a11_komaru2.png	220	36
sprites/sak/2/sak_a11_naku2.png	436	67
sprites/sak/2/sak_a11_naku3.png	340	54
sprites/sak/2/sak_a11_odoroki1.png	504	62
sprites/sak/2/sak_a11_warai1.png	220	41
sprites/sak/2/sak_a11_warai2.png	308	34
sprites/sak/2/sak_a11_warai3.png	544	61
sprites/sak/2/sak_a12_naku3.png	436	53
sprites/sak/2/sak_a12_odoroki1.png	508	61
sprites/sak/2/sak_a12_warai1.png	816	153
sprites/sak/2/sak_a12_warai3.png	552	57
sprites/sak/2/sak_a13_komaru2.png	248	35
sprites/sak/2/sak_a13_naku2.png	372	59
sprites/sak/2/sak_a13_naku3.png	316	52
sprites/sak/2/sak_a13_odoroki1.png	504	59
sprites/sak/2/sak_a13_warai1.png	224	38
sprites/sak/2/sak_a21_komaru1.png	344	68
sprites/sak/2/sak_a21_naku1.png	272	41
sprites/sak/2/sak_a22_naku1.png	272	38
sprites/sak/2/sak_a23_naku1.png	288	37
sprites/sha/1/sha_a11_defo1.png	745	1134
sprites/sha/1/sha_a11_defo1h.png	745	1134
sprites/sha/1/sha_a11_fuman1.png	745	1134
sprites/sha/1/sha_a11_hajirai1.png	745	1134
sprites/sha/1/sha_a11_hajirai2.png	745	1134
sprites/sha/1/sha_a11_hajirai3.png	745	1134
sprites/sha/1/sha_a11_ikari1.png	745	1134
sprites/sha/1/sha_a11_komaru1.png	745	1134
sprites/sha/1/sha_a11_majime1.png	745	1134
sprites/sha/1/sha_a11_majime3.png	745	1134
sprites/sha/1/sha_a11_odoroki1.png	745	1134
sprites/sha/1/sha_a11_odoroki2.png	745	1134
sprites/sha/1/sha_a11_tokui1.png	745	1134
sprites/sha/1/sha_a11_warai1.png	745	1134
sprites/sha/1/sha_a11_warai1h.png	745	1134
sprites/sha/1/sha_a11_warai2.png	745	1134
sprites/sha/1/sha_a12_fuman1.png	745	1134
sprites/sha/1/sha_a12_hajirai1.png	745	1134
sprites/sha/1/sha_a12_hajirai2.png	745	1134
sprites/sha/1/sha_a12_hajirai3.png	745	1134
sprites/sha/1/sha_a12_komaru1.png	745	1134
sprites/sha/1/sha_a12_majime3.png	745	1134
sprites/sha/1/sha_a12_odoroki1.png	745	1134
sprites/sha/1/sha_a12_odoroki2.png	745	1134
sprites/sha/1/sha_a12_warai1.png	745	1134
sprites/sha/1/sha_a13_fuman1.png	851	1134
sprites/sha/1/sha_a13_ikari1.png	851	1134
sprites/sha/1/sha_a13_majime3.png	851	1134
sprites/sha/1/sha_a13_tokui1.png	851	1134
sprites/sha/1/sha_a14_fuman1.png	745	1134
sprites/sha/1/sha_a14_ikari1.png	745	1134
sprites/sha/1/sha_a14_komaru1.png	745	1134
sprites/sha/1/sha_a14_majime3.png	745	1134
sprites/sha/1/sha_a14_tokui1.png	745	1134
sprites/sha/1/sha_a21_defo1.png	745	1133
sprites/sha/1/sha_a21_hajirai1.png	745	1133
sprites/sha/1/sha_a21_hajirai2.png	745	1133
sprites/sha/1/sha_a21_ikari1.png	745	1133
sprites/sha/1/sha_a21_warai2.png	745	1133
sprites/sha/1/sha_b21_fuman1.png	714	1133
sprites/sha/1/sha_b21_hajirai2.png	714	1133
sprites/sha/1/sha_b21_majime3.png	714	1133
sprites/sha/1/sha_b21_tokui1.png	714	1133
sprites/sha/1/sha_b31_hajirai1.png	714	1146
sprites/sha/1/sha_b31_majime1.png	714	1146
sprites/sha/1/sha_c11_defo1.png	606	1126
sprites/sha/1/sha_c11_fuman1.png	606	1126
sprites/sha/1/sha_c11_hajirai1.png	606	1126
sprites/sha/1/sha_c11_hajirai2.png	606	1126
sprites/sha/1/sha_c11_hajirai3.png	606	1126
sprites/sha/1/sha_c11_majime1.png	606	1126
sprites/sha/1/sha_c11_odoroki2.png	606	1126
sprites/sha/1/sha_c11_tokui1.png	606	1126
sprites/sha/1/sha_c11_warai1.png	606	1126
sprites/sha/1/sha_c11_warai2.png	606	1126
sprites/sha/2/sha_a11_defo1.png	160	29
sprites/sha/2/sha_a11_defo1h.png	160	29
sprites/sha/2/sha_a11_fuman1.png	188	40
sprites/sha/2/sha_a11_hajirai1.png	176	38
sprites/sha/2/sha_a11_hajirai2.png	172	39
sprites/sha/2/sha_a11_hajirai3.png	280	79
sprites/sha/2/sha_a11_ikari1.png	204	46
sprites/sha/2/sha_a11_komaru1.png	152	46
sprites/sha/2/sha_a11_majime1.png	192	39
sprites/sha/2/sha_a11_majime3.png	196	39
sprites/sha/2/sha_a11_odoroki1.png	172	38
sprites/sha/2/sha_a11_odoroki2.png	184	42
sprites/sha/2/sha_a11_tokui1.png	176	33
sprites/sha/2/sha_a11_warai1.png	180	39
sprites/sha/2/sha_a11_warai1h.png	180	39
sprites/sha/2/sha_a11_warai2.png	164	30
sprites/sha/2/sha_a12_fuman1.png	188	40
sprites/sha/2/sha_a12_hajirai1.png	176	38
sprites/sha/2/sha_a12_hajirai2.png	172	39
sprites/sha/2/sha_a12_hajirai3.png	280	79
sprites/sha/2/sha_a12_komaru1.png	152	46
sprites/sha/2/sha_a12_majime3.png	196	39
sprites/sha/2/sha_a12_odoroki1.png	172	38
sprites/sha/2/sha_a12_odoroki2.png	184	42
sprites/sha/2/sha_a12_warai1.png	180	39
sprites/sha/2/sha_a13_fuman1.png	188	40
sprites/sha/2/sha_a13_ikari1.png	204	46
sprites/sha/2/sha_a13_majime3.png	196	39
sprites/sha/2/sha_a13_tokui1.png	176	33
sprites/sha/2/sha_a14_fuman1.png	188	40
sprites/sha/2/sha_a14_ikari1.png	204	46
sprites/sha/2/sha_a14_komaru1.png	152	46
sprites/sha/2/sha_a14_majime3.png	196	39
sprites/sha/2/sha_a14_tokui1.png	176	33
sprites/sha/2/sha_a21_defo1.png	172	33
sprites/sha/2/sha_a21_hajirai1.png	160	45
sprites/sha/2/sha_a21_hajirai2.png	152	34
sprites/sha/2/sha_a21_ikari1.png	180	37
sprites/sha/2/sha_a21_warai2.png	200	45
sprites/sha/2/sha_b21_fuman1.png	144	36
sprites/sha/2/sha_b21_hajirai2.png	152	34
sprites/sha/2/sha_b21_majime3.png	156	35
sprites/sha/2/sha_b21_tokui1.png	160	34
sprites/sha/2/sha_b31_hajirai1.png	108	28
sprites/sha/2/sha_b31_majime1.png	96	16
sprites/sha/2/sha_c11_defo1.png	160	29
sprites/sha/2/sha_c11_fuman1.png	188	40
sprites/sha/2/sha_c11_hajirai1.png	176	38
sprites/sha/2/sha_c11_hajirai2.png	172	39
sprites/sha/2/sha_c11_hajirai3.png	280	79
sprites/sha/2/sha_c11_majime1.png	192	39
sprites/sha/2/sha_c11_odoroki2.png	184	42
sprites/sha/2/sha_c11_tokui1.png	176	33
sprites/sha/2/sha_c11_warai1.png	180	39
sprites/sha/2/sha_c11_warai2.png	164	30
sprites/wal/1/wal_a11_akuwarai1.png	752	1211
sprites/wal/1/wal_a11_akuwarai2.png	752	1211
sprites/wal/1/wal_a11_defo1.png	752	1211
sprites/wal/1/wal_a11_fuman1.png	752	1211
sprites/wal/1/wal_a11_ikari1.png	752	1211
sprites/wal/1/wal_a11_ikari2.png	752	1211
sprites/wal/1/wal_a11_komaru1.png	752	1211
sprites/wal/1/wal_a11_komaru2.png	752	1211
sprites/wal/1/wal_a11_majime1.png	752	1211
sprites/wal/1/wal_a11_odoroki1.png	752	1211
sprites/wal/1/wal_a11_warai1.png	752	1211
sprites/wal/1/wal_a11_warai2.png	752	1211
sprites/wal/1/wal_a12_akuwarai2.png	891	1211
sprites/wal/1/wal_a12_defo1.png	891	1211
sprites/wal/1/wal_a12_majime1.png	891	1211
sprites/wal/1/wal_a12_warai1.png	891	1211
sprites/wal/1/wal_a13_akuwarai2.png	1220	1211
sprites/wal/1/wal_a13_defo1.png	1220	1211
sprites/wal/1/wal_a13_ikari1.png	1220	1211
sprites/wal/1/wal_a13_ikari2.png	1220	1211
sprites/wal/1/wal_a13_majime1.png	1220	1211
sprites/wal/1/wal_a13_warai1.png	1220	1211
sprites/wal/1/wal_a13_warai2.png	1220	1211
sprites/wal/1/wal_a14_ikari2.png	789	1211
sprites/wal/1/wal_a14_komaru1.png	789	1211
sprites/wal/1/wal_a14_komaru2.png	789	1211
sprites/wal/1/wal_a14_odoroki1.png	789	1211
sprites/wal/2/wal_a11_akuwarai1.png	544	87
sprites/wal/2/wal_a11_akuwarai2.png	552	90
sprites/wal/2/wal_a11_defo1.png	248	34
sprites/wal/2/wal_a11_fuman1.png	288	49
sprites/wal/2/wal_a11_ikari1.png	196	43
sprites/wal/2/wal_a11_ikari2.png	276	49
sprites/wal/2/wal_a11_komaru1.png	244	43
sprites/wal/2/wal_a11_komaru2.png	280	46
sprites/wal/2/wal_a11_majime1.png	224	33
sprites/wal/2/wal_a11_odoroki1.png	264	50
sprites/wal/2/wal_a11_warai1.png	260	41
sprites/wal/2/wal_a11_warai2.png	340	64
sprites/wal/2/wal_a12_akuwarai2.png	552	90
sprites/wal/2/wal_a12_defo1.png	248	34
sprites/wal/2/wal_a12_majime1.png	224	33
sprites/wal/2/wal_a12_warai1.png	260	41
sprites/wal/2/wal_a13_akuwarai2.png	552	90
sprites/wal/2/wal_a13_defo1.png	248	34
sprites/wal/2/wal_a13_ikari1.png	196	43
sprites/wal/2/wal_a13_ikari2.png	276	49
sprites/wal/2/wal_a13_majime1.png	224	33
sprites/wal/2/wal_a13_warai1.png	260	41
sprites/wal/2/wal_a13_warai2.png	340	64
sprites/wal/2/wal_a14_ikari2.png	276	49
sprites/wal/2/wal_a14_komaru1.png	244	43
sprites/wal/2/wal_a14_komaru2.png	280	46
sprites/wal/2/wal_a14_odoroki1.png	264	50
sprites/wil/1/wil_a11_defo1.png	793	1227
sprites/wil/1/wil_a11_fuman1.png	793	1227
sprites/wil/1/wil_a11_ikari1.png	793	1227
sprites/wil/1/wil_a11_itai1.png	793	1227
sprites/wil/1/wil_a11_komaru1.png	793	1227
sprites/wil/1/wil_a11_majime1.png	793	1227
sprites/wil/1/wil_a11_majime2.png	793	1227
sprites/wil/1/wil_a11_nayamu1.png	793	1227
sprites/wil/1/wil_a11_niramu1.png	793	1227
sprites/wil/1/wil_a11_niyari1.png	793	1227
sprites/wil/1/wil_a11_niyari1a.png	793	1227
sprites/wil/1/wil_a12_komaru1.png	957	1227
sprites/wil/1/wil_a12_majime1.png	957	1227
sprites/wil/1/wil_a12_majime2.png	957	1227
sprites/wil/1/wil_a12_nayamu1.png	957	1227
sprites/wil/1/wil_a21_defo1.png	793	1213
sprites/wil/1/wil_a21_nayamu1.png	793	1213
sprites/wil/1/wil_a23_defo1.png	905	1226
sprites/wil/1/wil_a23_nayamu1.png	905	1226
sprites/wil/1/wil_a23_niramu1.png	905	1226
sprites/wil/1/wil_b11_defo1.png	1068	1304
sprites/wil/1/wil_b11_ikari1.png	1068	1304
sprites/wil/1/wil_b11_komaru1.png	1068	1304
sprites/wil/1/wil_b11_majime2.png	1068	1304
sprites/wil/1/wil_b11_niyari1.png	1068	1304
sprites/wil/1/wil_b12_defo1.png	801	1208
sprites/wil/1/wil_b12_ikari1.png	801	1208
sprites/wil/1/wil_b12_majime2.png	801	1208
sprites/wil/1/wil_b12_niyari1.png	801	1208
sprites/wil/2/wil_a11_defo1.png	440	80
sprites/wil/2/wil_a11_fuman1.png	440	80
sprites/wil/2/wil_a11_ikari1.png	440	80
sprites/wil/2/wil_a11_itai1.png	440	80
sprites/wil/2/wil_a11_komaru1.png	440	80
sprites/wil/2/wil_a11_majime1.png	440	80
sprites/wil/2/wil_a11_majime2.png	440	80
sprites/wil/2/wil_a11_nayamu1.png	440	80
sprites/wil/2/wil_a11_niramu1.png	440	80
sprites/wil/2/wil_a11_niyari1.png	440	80
sprites/wil/2/wil_a11_niyari1a.png	440	80
sprites/wil/2/wil_a12_komaru1.png	440	80
sprites/wil/2/wil_a12_majime1.png	440	80
sprites/wil/2/wil_a12_majime2.png	440	80
sprites/wil/2/wil_a12_nayamu1.png	440	80
sprites/wil/2/wil_a21_defo1.png	468	88
sprites/wil/2/wil_a21_nayamu1.png	468	88
sprites/wil/2/wil_a23_defo1.png	468	88
sprites/wil/2/wil_a23_nayamu1.png	468	88
sprites/wil/2/wil_a23_niramu1.png	468	88
sprites/wil/2/wil_b11_defo1.png	456	71
sprites/wil/2/wil_b11_ikari1.png	456	71
sprites/wil/2/wil_b11_komaru1.png	456	71
sprites/wil/2/wil_b11_majime2.png	456	71
sprites/wil/2/wil_b11_niyari1.png	456	71
sprites/wil/2/wil_b12_defo1.png	456	71
sprites/wil/2/wil_b12_ikari1.png	456	71
sprites/wil/2/wil_b12_majime2.png	456	71
sprites/wil/2/wil_b12_niyari1.png	456	71
sprites/zep/1/zep_a11_akire1.png	1209	1161
sprites/zep/1/zep_a11_defo1.png	1209	1161
sprites/zep/1/zep_a11_majime1.png	1209	1161
sprites/zep/1/zep_a11_majime2.png	1209	1161
sprites/zep/1/zep_a11_majime3.png	1209	1161
sprites/zep/1/zep_a11_majime4.png	1209	1161
sprites/zep/1/zep_a11_warai1.png	1209	1161
sprites/zep/1/zep_a11_warai2.png	1209	1161
sprites/zep/1/zep_a11_warai3.png	1209	1161
sprites/zep/1/zep_a11_warai4.png	1209	1161
sprites/zep/1/zep_a11_warai5.png	1209	1161
sprites/zep/1/zep_a11_warai6.png	1209	1161
sprites/zep/1/zep_a11_warai7.png	1209	1161
sprites/zep/1/zep_a11_warai8.png	1209	1161
sprites/zep/1/zep_a12_akire1.png	1176	1161
sprites/zep/1/zep_a12_majime2.png	1176	1161
sprites/zep/1/zep_a12_warai1.png	1176	1161
sprites/zep/1/zep_a12_warai3.png	1176	1161
sprites/zep/1/zep_a12_warai4.png	1176	1161
sprites/zep/1/zep_a12_warai6.png	1176	1161
sprites/zep/1/zep_a12_warai7.png	1176	1161
sprites/zep/1/zep_a12_warai8.png	1176	1161
sprites/zep/1/zep_a13_defo1.png	1273	1161
sprites/zep/1/zep_a13_warai1.png	1273	1161
sprites/zep/1/zep_a13_warai3.png	1273	1161
sprites/zep/1/zep_a13_warai5.png	1273	1161
sprites/zep/1/zep_a13_warai6.png	1273	1161
sprites/zep/1/zep_a13_warai7.png	1273	1161
sprites/zep/2/zep_a11_akire1.png	236	30
sprites/zep/2/zep_a11_defo1.png	276	57
sprites/zep/2/zep_a11_majime1.png	196	44
sprites/zep/2/zep_a11_majime2.png	192	51
sprites/zep/2/zep_a11_majime3.png	188	29
sprites/zep/2/zep_a11_majime4.png	172	36
sprites/zep/2/zep_a11_warai1.png	288	45
sprites/zep/2/zep_a11_warai2.png	248	60
sprites/zep/2/zep_a11_warai3.png	256	62
sprites/zep/2/zep_a11_warai4.png	292	63
sprites/zep/2/zep_a11_warai5.png	252	57
sprites/zep/2/zep_a11_warai6.png	272	62
sprites/zep/2/zep_a11_warai7.png	244	62
sprites/zep/2/zep_a11_warai8.png	256	59
sprites/zep/2/zep_a12_akire1.png	236	30
sprites/zep/2/zep_a12_majime2.png	192	51
sprites/zep/2/zep_a12_warai1.png	288	45
sprites/zep/2/zep_a12_warai3.png	256	62
sprites/zep/2/zep_a12_warai4.png	292	63
sprites/zep/2/zep_a12_warai6.png	272	62
sprites/zep/2/zep_a12_warai7.png	244	62
sprites/zep/2/zep_a12_warai8.png	256	59
sprites/zep/2/zep_a13_defo1.png	276	67
sprites/zep/2/zep_a13_warai1.png	288	62
sprites/zep/2/zep_a13_warai3.png	256	69
sprites/zep/2/zep_a13_warai5.png	252	66
sprites/zep/2/zep_a13_warai6.png	272	69
sprites/zep/2/zep_a13_warai7.png	244	70
